ID,Name,Surname,Species,Gender,EXHuman,Birthday,Birthplace,Orientation,Role,Position,Height/Length (Cm),Weight/Mass (Kg),Aura,Font,Loves,Hates,MBTI,Characteristic,Nature,LV,Hidden Type,Delta Type,Delta Ability,Move 1,Move 2,Move 3,Move 4,Finisher,Strength,Weakness
01951A80,Catherine,Sniders,Purrloin Liepard,Female,No,17/07/2003,Mist Continent,Hetero,Dom,Bottom,42 ~ 108,10 ~ 37,Refreshing Green,Stardos Stencil,,,INFJ,,Hasty,93,Normal,,Silicon Gene,Copycat,Assist,Thief,Shadow Ball,None,One of the most wanted robbers around; mastered the art of stealing anything; even moves. Can fight both alone and in a team. Makes up for her frailness with her Mugen Gene.,Weather; fighting types; for some reason REALLY hates Jen.
01CAD6EF,Capella,Chronos,Eevee Vaporeon,Female,No,18/11/1974,Grass Continent,Hetero,Sub,Bottom,28 ~ 79,5 ~ 18,Refreshing Green,Price ,,,INTJ,Likes to relax,Quiet,250,Electric,,Dimensional Shockwave,Scald,Wish,Obstruction,Brine,None,Exceptional protector and explorer; can create infallible strategies with her time reading abilities and great movepool.,Still young and unexperienced; can be taunted and sweeped.
0390986D,Jeongi,Park,Pachirisu,Female,No,02/12/2001,South Korea; Ulsan; Bongtaesan,Bi,Dom,Bottom,78,11,Clear Aquablue,Southpaw ,Fighting; Trainers; Ribbons,Draco Meteors; Metas; Sweeping,ESTP,A little quick tempered,Impish,200,Ground,,None,Nuzzle,Follow Me,Super Fang,Swagger,Light Beacon ,Thinking she's harmless and focusing on her teammate instead will be your worst mistake.,Fool me twice...
061ECCCA,Satya,Jonas,Eevee Glaceon,Male,Yes,20/07/1982,India; Telangana; Hyderabad,Bi,Dom,Switch,30 ~ 81,7 ~ 29,Stunning Orange,Trumpet,,,ENTP,Proud of its power,Bold,93,Ghost,,None,Celebrate,Ice Beam,Hail,Icy Wind,None,Um... really useful in cold dungeons.,Extremely vulnerable to tassle nibbling.
065D5AC1,Halcyon,Beri,Eevee Sylveon,Male,No,09/11/1995,Water Continent,Homo,Sub,Bottom,39 ~ 93,6 ~ 21,Fiery Red,Primer ,Cleaning; Cooking; ''Serving'',Intolerance; Bigots; Religions,INFP,Strongly defiant,Sassy,66,Fire,,None,Last Resort,Baton Pass,Draining Kiss,Psych Up,None,Immediately buffs himself heavily to survive and then transfers his boosts to a teammate...,...because he's pathetically weak.
067D6B31,Lara,Steffen,Starly Staravia Staraptor,Female,No,13/08/1980,Grass Continent,Hetero,Dom,Bottom,36 ~ 64 ~ 141,3 ~ 18 ~ 25,Mystic Purple,Jacoba,,,INTJ,,Mild,100,Water,,None,Double-Edge,Final Gambit,Brave Bird,Aerial Ace,None,LEEEROOOOOY; MMMNJEEENKIIINS,Faints immediately from her own move.
06BE2D81,Aston,Jackson,Totodile Croconaw Feraligatr,Male,No,04/11/2001,Sand Continent,Hetero,Dom,Top,59 ~ 111 ~ 244,9 ~ 25 ~ 90,Fiery Red,Spotka,,,ENTP,Hates to lose,Quiet,80,Electric,,None,Hydro Cannon,Surf,Zap Cannon,Bolt Strike,None,Surprisingly good with Electric type moves; even without being a Delta type.,One of the laziest Feraligatr's in existence.
0C5143BA,Pina,Hanraads,Pikipek Trumbeak Toucannon,Female,No,15/12/1982,Fire Continent,Hetero,Dom,Bottom,29 ~ 56 ~ 104,1 ~ 11 ~ 34,Vivid Pink,Eaglefeather,,,INTJ,,Lax,46,Fire,,None,Brave Bird,Overheat,Beak Blast,Frustration,None,Surprisingly high damage; and also fairly high coverage thanks to STAB Overheat.,Relies on Life Orb; which chips away HP. Electric types will be a problem.
0CCDAE27,Mitra,Abiodun,Sneasel Weavile,Female,No,26/09/2007,Grass Continent,Hetero,Switch,Bottom,94 ~ 114,29 ~ 35,Brilliant Green,Lapidary,,,INTJ,,Bashful,175,Grass,,None,Icicle Crash,Ice Shard,Pursuit,Hone Claws,None,Solid power; solid speed; good type matchups,Status conditions and physical walls.
0E6DA936,Seikon,Tsukitsune,Vulpix Ninetales,Male,No,03/03/1616,Sand Continent,Hetero,Dom,Top,66 ~ 143,10 ~ 22,Refreshing Green,Ingrid ,Ho-Ohs; Lugias; Eeveelutions,Death; Gunpowder; War,ENTP,Somewhat vain,Gentle,115,Ice,,None,Overheat,Will O' Wisp,Shadow Claw,Hidden Power ,Miracle ,Can take quite a beating; and get back up in an instant. Seems to defy calamity.,Not a great fighter; physically and mentally.
0E8461E1,Hankari,Park,Gible Gabite Garchomp,Male,No,31/07/2000,South Korea; Ulsan; Bongtaesan,Bi,Sub,Top,70 ~ 142 ~ 202,19 ~ 56 ~ 107,Elegant Violet,Duvall ,Fighting; Trainers; Ribbons,Draco Meteors; Metas; Tanking,ISTJ,Proud of its power,Jolly,200,Electric,,Megaevolution,Earthquake,Dragon Claw,Rock Slide,Protect,Bogsuu ,Monstrous revenge sweeper; hurting his teammates is often a horrible idea.,Ice types can do insane damage to him... Unless Jeongi is nearby.
0F7ED447,Basant,Dwight,Helioptile Heliolisk,Male,No,18/10/1991,Fire Continent,Bi,Sub,Switch,47 ~ 92,5 ~ 20,Stately Silver,Lionheart,,,INFP,,Modest,53,Steel,,None,Electrify,Hyper Voice,Eerie Impulse,Parabolic Charge,None,Um... he is a talented photographer.,Faster foes; priority moves; field hazards; tanks; status conditions.....
1B8CA578,Midas,Theos,TypeNull Silvally,Male,No,??/??/????,Unknown,Homo,Dom,Top,198 ~ 251,155 ~ 100,Deep Green,Elephant ,Spaaaaaaace,Being Doubted; Failing Research; Losing Documents,ISTJ,Highly curious,Rash,115,Ghost,,All-Defying,Multi-Attack,Double Edge,Hyper Beam,Work Up,None,A very; very; very tiny Arceus.,FIRE FIGHTING STARTERS!!! UGH!!!
1EE031BD,Chichi,Sora,Chatot,Male,No,11/04/1977,Grass Continent,Hetero,Dom,Top,71,3,Uplifting Pink,Glasgow,,,INTP,Good Endurance,Hasty,190,Grass,,None,Confide,Chatter,Mirror Move,Sky Attack,None,High IQ; expert in dungeon survival.,Not great during battle.
2AD81C86,Fergus,Lockhart,Turtwig Grotle Torterra,Male,No,03/05/1990,Grass Continent,Hetero,Dom,Top,37 ~ 145 ~ 365,10 ~ 130 ~ 522,Smart Marine Blue,Lockup,,,ENTJ,Loves to eat,Docile,80,Steel,,Mount Torterra,Stealth Rock,Earthquake,Wood Hammer,Synthesis,None,That tickled.,OHKO moves; status conditions.
2E2398F1,Kigaru,Ensei,Buizel Floatzel,Male,No,17/01/2008,Water Continent,Homo,Sub,Bottom,74 ~ 125,29 ~ 35,Uplifting Pink,Lumparsky,,,ENFP,Nods off a lot,Timid,180,Dark,Fighting,None,Hydro Pump,Ice Beam,Taunt,Pursuit,None,Good offensively; many tricks up his sleeve.,Can be revenge hit; grass types are a problem.
2EF2A508,Bruce,Pitaya,Tropius,Male,No,23/05/1996,Sand Continent,Hetero,Dom,Top,214,101,Smart Marine Blue,Garrison,,,INFP,Likes to fight,Gentle,43,Bug,,None,Substitute,Air Slash,Grass Knot,Seed Bomb ,None,Uh... can make some berries.,Sigh.
2F97C9E8,Giulio,Nimbus,Emolga,Male,No,22/10/2005,Mist Continent,Hetero,Sub,Switch,51,6,Fiery Red,Clearface,,,ESTP,Mischievous,Relaxed,170,Grass,,None,Volt Switch,Discharge,Roost,Encore,Rockstar ,Bulkier than he looks; jack of all trades.,Master of none; low sweep potential.
3AC74B94,Megara,Hermagoras,Cresselia,Female,No,??/??/????,Grass Continent,Bi,Sub,Bottom,144,59,Fiery Red,Frutiger,,,ISTJ,Sturdy body,Hardy,195,Ice,,None,Lunar Dance,Moonlight,Psyshock,Ice Beam,None,Absurd bulk; and fainting her last when she's in a team will be a big mistake.,Status conditions... all of them.
3D234F91,Ether,Dusk,Celebi,Female,No,??/??/????,Grass Continent,Hetero,Sub,Bottom,55,4,Elegant Violet,Humanist,,,ENFJ,Quick to flee,Bashful,195,Normal,,None,Psychic,Giga Drain,Recover,Leaf Storm,Timeline Shift ,Can stall for a long time... a long; LONG time.,Ew; bugs! Eeek!
3E0DE4F0,Viktor,Bosch,Milotic,Male,No,17/06/1986,Sand Continent,Hetero,Dom,Switch,638,170,Uplifting Pink,Expressa,,,ESTJ,,Mild,115,Fighting,,None,Dragon Pulse,Twister,Dragon Tail,Brine,Draco Geyser ,Delta type; fights pretty much identical to a Dragon; with an added ability of drowning foes.,Status conditions; and surprisingly; Fairy types.
3E836F29,Dairou,Tengoku,Oshawott Dewott Samurott,Male,Yes,03/05/2004,Japan; Kansai; Sekigahara,Bi,Dom,Top,61 ~ 96 ~ 164,7 ~ 25 ~ 97,Mystic Purple,Libertinus Serif ,Serperiors; Pokemon; Post Town,Connection Orbs; Being Hungry; Wasting Items,INTP,Likes to fight,Relaxed,215,Steel,,Paradigm Shift,Tempest Blade,Octopus Slash,Retaliate,Water Pledge,Zantetsuken ,Training with the Tempest Blade gives him an edge in the offensive.,Not very effective without Tsutami and Susanoo.
3EFB5FFC,Isaac,Frost,Piplup Prinplup Empoleon,Male,No,27/07/1976,Air Continent,Hetero,Sub,Top,40 ~ 79 ~ 165,6 ~ 27 ~ 91,Fiery Red,Fuschia,,,INFJ,Takes plenty of siestas,Bold,120,Flying,,None,Scald,Hydro Pump,Protect,Defog,None,Great bulk; checks specially frail foes; uses versatile moves.,Setups; fighting types; physical sweepers.
4A1CB686,Noelle,Hilink,Munna Musharna,Female,No,10/02/1999,Mist Continent,Hetero,Sub,Bottom,54 ~ 107,21 ~ 60,Stunning Orange,Nimbus,,,ISFJ,Good Endurance,Hardy,147,Fire,,None,Future Sight,Moonlight,Barrier,Dream Eater,Windswept Mist ,Great bulk; great damage; terrifying with a Trick room teammate.,Can only put a foe to sleep once; crippled by Taunt and ghost types.
4A255CFF,Nika,Tes,Mareep Flaaffy Ampharos,Female,Yes,14/05/1972,Croatia; Western Lika; Smiljan,Hetero,Sub,Bottom,55 ~ 71 ~ 138,7 ~ 13 ~ 60,Energetic Yellow,Nevada,,,ESFJ,Mischievous,Gentle,53,Ground,,Megaevolution,Mega Kick,Echoed Voice,Hyper Beam,Bulldoze,None,Her unusual Delta typing grants her immense bait and sweep potential.,Only uses offensive moves; requires a cleric teammate to function well.
4C5F64F5,Zeus,Kimi,Eevee Jolteon,Male,No,24/05/2003,Air Continent,Homo,Switch,Switch,29 ~ 80,7 ~ 25,Mystic Purple,Quicktype ,ZZZOOOOOMMMMM,Nothing,ISFJ,Alert to sounds,Quirky,141,Psychic,,None,Magnet Rise,Discharge,Shock Wave,Zap Cannon,None,Outstandingly quick; near invisible.,Pretty much everything else.
4D2BBFDC,Ryuujin,Estrus,Lugia,Male,No,??/??/????,Unknown,Bi,Dom,Top,600,341,Subdued Brown,Criticized ,Ho-Ohs; Typhlosions; Sex,Shadows; Cipher; Lugias,ESFP,Somewhat stubborn ,Naive,142,Water,,War Mist,Aeroblast,Roost,Dragon Tail,Psychic,Whale Darkness ,Makes you wonder how it is possible you feel less bulky around him.,Once you figure out his tricks; they're easy to avoid.
4EC90FF0,Caius,Lewin,Furfrou,Male,No,19/04/1989,Dragon Continent,Homo,Sub,Bottom,111,26,Fiery Red,Hobo,,,INFP,A little quick tempered,Bold,66,Ice,,None,Return,Charm,Dazzling Gleam,Sweet Kiss,None,Delta type sentinel; can take a heavy hit and debuff dangerous foes.,Fast special sweepers will take care of him immediately.
5A9EE2F8,Fenhuang,Estrus,Ho-Oh,Female,No,??/??/????,Unknown,Bi,Sub,Bottom,320,144,Smart Marine Blue,Kyma ,Lugias; Meganiums; Sex,Shadows; Cipher; Ho-Ohs,ESFJ,Somewhat vain,Hasty,143,Poison,,War Haze,Sacred Fire,Recover,Defog,Brave Bird,Phoenix Shine ,Don't expect to be able to leave her wounded while focusing on something else; she recovers in seconds.,Can't handle too much pressure.
5AF7132D,Isabelle,Burnham,Minccino Cinccino,Female,No,11/08/2006,Mist Continent,Hetero,Sub,Bottom,41 ~ 53,6 ~ 7,Smart Marine Blue,Brush Script,,,ESFJ,Good Perseverance,Bashful,170,Ice,,Surprise!,Snore,Shockwave,Covet,Rest,None,Incredible diplomat; and can also dish out some heavy hits if the foe is impossible to reason with.,Very frail; won't make it far if alone.
5B03DC3B,Minato,Iwai,Skarmory,Male,No,10/10/2004,Sand Continent,Hetero,Sub,Top,179,53,Fiery Red,New Century Schoolbook,,,ENTJ,Loves to eat,Relaxed,46,Water,,None,Steel Wing,Roost,Defog,Iron Head,None,Hot damn he's bulky.,Unless his foe is an electric type; fire type; special sweeper; taunt user...
5C884AC8,Nezumi,Tengoku,Pichu Pikachu Raichu (Alola),Female,No,29/04/2006,Mist Continent,Hetero,Sub,Bottom,22 ~ 37 ~ 71,1 ~ 5 ~ 19,Refreshing Green,Sirona ,Beaches; Vacations; Drinks,Snow; Working; Eating,ENFP,,Relaxed,215,Dragon,,None,Thunderbolt,Nasty Plot,Bide,Surf,Thunderous Wave ,Feel the wave dude!,Oh heck it's too big; AAAAA!!!
5F02CDCB,Valeriya,Medved,Rockruff Lycanroc (Midnight),Female,Yes,19/10/1981,Ukraine; Kyiv; Podil,Bi,Sub,Bottom,47 ~ 105,9 ~ 24,Gentle Mint Green,Equipoize Sans,,,INFP,Quick to flee,Serious,93,Grass,,Helium Gene,Accelerock,Stone Edge,Stealth Rock,Taunt,None,Will fight dirty on a whim.,Bad type matchups.
6A7D1934,Betelgeuse,Chronos,Vulpix Ninetales (Alola),Female,No,11/09/1988,Grass Continent,Hetero,Sub,Bottom,47 ~ 104,5 ~ 19,Gentle Mint Green,Becker ,Reading; Bounty Hunting; Stargazing,Curses; Puns; Fainting,ESFP,Capable of taking hits,Timid,220,Fire,,None,Hail,Aurora Veil,Freeze-Dry,Hypnosis,Galactic Damnation ,Brilliant bounty hunter; you won't violate the law ever again once you're caught in her hail.,She likes to... fight slow and painful; which can be exploited.
6B7395DC,Quincy,Apostolov,Minccino Cinccino,Male,No,31/07/1985,Dragon Continent,Hetero,Switch,Top,42 ~ 57,7 ~ 9,Deep Green,Cuban,,,INTJ,Likes to thrash about,Calm,200,Psychic,,None,Tail Slap,Bullet Seed,After You,Seed Bomb ,None,Delta type; master of Multi-hit moves; doesn't even need a Rapid Bullseye teammate due to his ability.,Can't switch in effectively; VERY afraid of cold.
6BB943A3,Atlas,Attacus,Buzzwole,Unknown,No,??/??/????,Unknown,???,???,???,238,377,Deep Green,Karnivore,,,ENFP,,Impish,144,Fire,,None,Hammer Arm,Toxic,Taunt,Lunge,None,Blocks your path and punches you into the next one.,Special users can smack it away easily.
6DECAC95,Lungwyrm,Mikado,Rayquaza,Female,No,??/??/????,Unknown,Unknown,Dom,Switch,802,238,Smart Marine Blue,Bennington ,Nothing,Everything,ENTJ,Likes to thrash about,Serious,141,Dark,,Megaevolution,Dragon Ascent,Dragon Dance,Extreme Speed,V-Create,Whirlwind Typhoon ,Unfair moves; unfair stats; unfair skills; she's a living menace that requires AT LEAST two strong teammates to counter.,Using her immense power against herself is usually the best way to defeat her.
6FE4CEAC,Cole,Sand,Cubone Marowak (Alola),Male,Yes,09/07/2008,USA; Colorado; Denver,Hetero,Dom,Top,35 ~ 103,5 ~ 32,Cool Sky Blue,Fira Sans ,Unknown,Unknown,ENFJ,Good Endurance,Adamant,96,Psychic,,None,Shadow Bone,Knock Off,Fling,Swords Dance,None,Can hold off on his own very well; immense spirit; fights for justice.,...doesn't know what that is.
7B4C788A,Yvonne,Aetos,Cutiefly Ribombee,Female,Yes,28/09/2000,Dragon Continent,Hetero,Sub,Bottom,9 ~ 17,1 ~ 2,Gentle Mint Green,Big Brush,,,ESFJ,Highly curious,Bold,125,Electric,,None,Sticky Web,Pollen Puff,Stun Spore,Quiver Dance,None,She's; um; quick.,Prefers helping foes rather than fighting them.
7B79A9EF,Roman,Lesnar,Sandile Krokorok Krookodile,Male,Yes,29/03/1997,United Arab Emirates; Dubai; Palm Islands,Hetero,Dom,Top,71 ~ 105 ~ 178,16 ~ 34 ~ 99,Refreshing Green,Grumble,,,ISFP,Loves to eat,Jolly,73,Psychic,,None,Earthquake,Beat Up,Power Trip,Stomping Tantrum,None,Whatever you do; do NOT crit him.,Or do; if you're 100% sure you can down him in 1 hit.
7B422BBC,Tsutarou,Tengoku,Snivy Servine Serperior,Male,No,07/02/2020,Mist Continent,Bi,Dom,Switch,62 ~ 84 ~ 372,9 ~ 18 ~ 79,Gentle Mint Green,Libertinus Math ,Studying; Traveling; Writing,Evolving Too Fast; His Voice; Violence,ESFJ,,Mild,250,Ice,,None,Leaf Storm,Glare,Grassy Terrain,Energy Ball,None,Smart and quick; can make you want to stop fighting him in seconds.,Not too interested in fighting; or even joining a team.
7BBD216C,Susanoo,Tengoku,Tepig Pignite Emboar,Male,No,19/09/2002,Mist Continent,Bi,Dom,Top,49 ~ 99 ~ 153,10 ~ 59 ~ 155,Refreshing Green,Libertinus Mono ,Dairou; Tsutami; Susanoo,Dairou; Tsutami; Susanoo,INFJ,Capable of taking hits,Hardy,215,Dark,,Paradigm Shift,Wildfire Blade,Heat Crash,Sucker Punch,Fire Pledge,Nobiken ,Training with the Wildfire Blade gives him an edge in the offensive.,Not very effective without Dairou and Tsutami.
7D505A00,Flaros,Overfield,Latios,Male,Yes,09/09/1998,Italy; Lombardy; Pavia,Bi,Dom,Top,211,64,Cool Sky Blue,Hakidame ,Friends; Affection; Games,Himself; Himself; Himself,INTP,,Docile,130,Flying,Fire,Megaevolution,Calm Mind,Luster Purge,Stored Power,Roost,Burnout ,Would have been unstoppable with any Latias as teammate...,...If he wasn't completely mindbroken.
7FD8E164,Lewis,Kelpie,Keldeo,Male,Yes,11/01/2007,UK; Scotland; Edinburgh,Bi,Sub,Top,137,42,Stately Silver,Arial ,Pokemon; Tengoku; Swords Of Justice,Tensei; Fainting; Sleeping,ENFJ,Highly curious,Naive,146,Fairy,,Resolution,Sacred Sword,Secret Sword,Scald,Hydro Pump ,One For All ,Unstoppable with other Swords Of Justice; Dark types don't have any chance against him.,Copying what he does seems to throw him off hard.
8B09A031,Akio,Ito,Jangmo-o Hakamo-o Kommo-o,Male,No,16/01/1984,Dragon Continent,Hetero,Dom,Top,58 ~ 122 ~ 189,29 ~ 53 ~ 92,Uplifting Pink,Imperator,,,ISTJ,Thoroughly cunning,Jolly,125,Rock,,None,Clanging Scales,Close Combat,Stealth Rock,Drain Punch,None,Powerful Z-Move; colorful coverage; can take a hit and also hit back.,Fairy types and status conditions.
8B19E5FB,Altair,Chronos,Manaphy,Male,No,08/08/2003,Grass Continent,Hetero,Switch,Top,39,2,,Eurostyle,,,ESTJ,,Docile,250,Psychic,,None,Tail Glow,Surf,Zap Cannon,Heart Swap,None,Incredible movepool; mastered the use of Machines and Linked moves to check even the most unsurmountable walls.,Faster sweepers; grass types; and he's also really young and needs attention from teammates.
8D07E1C6,Eve,Ganden,Skitty Delcatty,Female,No,11/04/1971,Air Continent,Hetero,Switch,Bottom,56 ~ 101,11 ~ 29,Cool Sky Blue,Cambria ,Rescue Teams; Starters; Pichus,Being told what to do.,INTJ,Nods off a lot,Lonely,225,Fairy,,Divided They Fall,Blizzard,Sucker Punch,Solar Beam,Last Resort,Good Night ,Bulkier than she looks; cunning and deceptive with her moves; also a great strategist.,Doesn't like to get her claws dirty...
8D54D6B1,Awan,Ganden,Cubone Marowak,Female,No,25/10/1986,Air Continent,Hetero,Dom,Bottom,30 ~ 99,6 ~ 44,Deep Green,Dutch ,Parents; Elderly; Her Skull,Children; Morse Code; Curses,INTJ,Highly persistent,Lax,225,Normal,,None,Bonemerang,Bone Club,Bone Rush,Stone Edge,None,With Trick Room; can bludgeon foes pretty hard,Requires a lengthy setup to bring out her potential
8D765A56,Matilde,Quemar,Cyndaquil Quilava Typhlosion,Female,Yes,28/11/1990,Germany; Rhineland; N�rburg,Hetero,Switch,Bottom,42 ~ 88 ~ 184,8 ~ 18 ~ 96,Stunning Orange,Queasy ,NGGGAAAAAAAHHH!!!,AAAAAGGGHHH!!!!,ISTP,Quick tempered,Hardy,130,Fighting,Dark,Akuma,Eruption,Brightest Lariat,Heat Crash,Fling,TKO ,Powerful Dark type moves with STAB; and a horrifyingly strong finisher.,Not effective in teams; low bulk.
8E31D085,Xenocrates,Edda,Xerneas,Female,No,??/??/????,Unknown,Hetero,Switch,Bottom,332,196,Energetic Yellow,Xaligraphy ,Unknown,Unknown,ENTP,Likes to relax,Quirky,140,Psychic,,None,Geomancy,Moonblast,Aromatherapy,Grass Knot,Vita ,Checkmates Dragon types; likes to boost up before dealing a hard blow.,Aggression can throw her off.
8F98BA59,Lailona,Houkuu,Solgaleo,Male,No,??/??/????,Unknown,Hetero,Dom,Top,365,210,Vivid Pink,Leger ,Groudons; Necrozmas; Days,Lunalas; Space; Ultra Beasts,ISTJ,,Lonely,149,Dark,Fire,Radiant Sun,Sunsteel Strike,Psyshock,Calm Mind,Solar Beam,Solar Eclipse ,Very powerful moveset; can easily ignore his subpar typing.,Could do better with a Lunala teammate; which he hates.
8F534682,Lorenzo,Apollion,Goomy Sliggoo Goodra,Male,No,15/05/1993,Dragon Continent,Bi,Sub,Switch,33 ~ 82 ~ 241,3 ~ 19 ~ 196,Vivid Pink,Cynapse,,,ISFP,Scatters things often,Brave,40,Ground,,None,Draco Meteor,Earthquake,Dragon Pulse,Muddy Water,None,Special revenge tank; can check many types of offensive threats.,Requires a healing teammate to function well; crippled by other Dragons.
9A152068,Rachel,Teller,Eevee Umbreon,Female,Yes,22/08/1988,USA; California; San Francisco,Bi,Dom,Bottom,40 ~ 103,6 ~ 22,Gentle Mint Green,Neuropolitical  ,Humans; Skylines; Music,Elitists; Lies; ''Zoomers'',ENTJ,Somewhat vain,Serious,86,Steel,,None,Foul Play,Toxic,Wish,Bide,None,Good at healing and debuffing at the same time.,Not the best offensively.
9BC5D384,Gavril,Windsor,Heatmor,Male,Yes,18/04/1981,USA; Florida; Miami,Bi,Sub,Top,138,59,Vivid Pink,Gudea,,,INFP,,Impish,90,Bug,,None,Fire Lash,Fire Spin,Inferno,Sunny Day,None,A boosted Fire Lash from him will leave you a sting that lasts for months.,Walled entirely by water types; not many options.
9C9036C5,Theo,Elmer,Sableye,Male,No,01/07/2009,Air Continent,Hetero,Dom,Top,57,12,Energetic Yellow,Courier,,,ESFJ,Nods off a lot,Careful,83,Grass,,Megaevolution,Punishment,Hone Claws,Counter,Confuse Ray,Gemstone Smash ,The butler is always the culprit; exceptional revenge killer that counters aggressive foes.,Fire types; setups.
9D9139E4,Elton,Armada,Popplio Brionne Primarina,Male,No,09/02/2005,Fire Continent,Bi,Sub,Bottom,45 ~ 62 ~ 183,9 ~ 18 ~ 49,Fiery Red,Trask's Hand ,Cefca; Music; His Fur,Seriousness; Working; Long Dates,ISFP,Highly curious,Quirky,66,Poison,,None,Hydro Pump,Moonblast,Rest,Sleep Talk,None,Um... he has a nice guitar.,Outright refuses to evolve.
9DB33F3F,Silver,Hyde,Drillbur Excadrill,Male,No,31/03/1970,Water Continent,Hetero,Dom,Top,31 ~ 76,9 ~ 44,Uplifting Pink,Eurofurence,,,ESTJ,Quick to flee,Impish,60,Grass,,None,Earthquake,Rapid Spin,Drill Run,Rototiller,None,His Ground type moves do extensive damage under the right conditions.,Foes using the right items can cripple him.
9DF70D7C,Hades,Hermagoras,Darkrai,Male,No,??/??/????,Grass Continent,Hetero,Sub,Switch,192,58,Vivid Pink,Lucida Console,,,ESTP,Strong willed,Timid,195,Psychic,,None,Dark Void,Nasty Plot,Dark Pulse,Dream Eater,None,Whatever you do; do not close your eyes.,Foes immune to sleep throw him off.
9E8BCC85,Jack,Garland,Duskull Dusclops Dusknoir,Male,No,09/01/1976,Grass Continent,Hetero,Dom,Top,81 ~ 169 ~ 258,14 ~ 29 ~ 77,Stunning Orange,Weissmann,,,ESFP,Somewhat of a clown,Relaxed,195,Fighting,,None,Dynamic Punch,Curse,Destiny Bond,Shadow Punch,Time's Up ,Deceptively bulky and cunning; and doesn't pull back punches.,Can lose his temper when his plans don't work.
9F246D30,Max,Keikei,Wimpod Golisopod,Male,No,30/04/2005,Dragon Continent,Hetero,Dom,Top,44 ~ 235,11 ~ 115,Gentle Mint Green,Koblenz,,,ISTP,Scatters things often,Lonely,56,Ice,,None,First Impression,Leech Life,Liquidation,Razor Shell,None,Revenge killer that can also tank hits like a champ.,Huge coward; runs off when things don't go his way.
12E8936C,Lithos,Excalibur,Chespin Quilladin Chesnaught,Male,No,22/08/1996,Water Continent,Hetero,Sub,Bottom,42 ~ 77 ~ 161,10 ~ 28 ~ 102,Clear Aquablue,Avondale ,,,ESTP,Likes to fight,Naughty,210,Ground,,None,Spikes,Wood Hammer,Roar,Synthesis,None,Bulky Spikes user with access to healing.,Leaves too much time for foes to set up a sweep.
19C4D41A,Ellen,Mori,Dratini Dragonair Dragonite,Female,No,14/07/1990,Fire Continent,Hetero,Sub,Bottom,156 ~ 411,3 ~ 16,Subdued Brown,Pneumatics,,,ESTP,,Sassy,50,Normal,,None,Icy Wind,Horn Drill,Sky Attack,Hail,None,Can't evolve; but she found a way to turn it into a strength with her Delta Typing,Really bad at handling traps.
26F7C77F,Noemie,Simon,Deerling Sawsbuck,Female,No,20/03/1995,Water Continent,Hetero,Sub,Bottom,57 ~ 179,13 ~ 79,Uplifting Pink,Minima,,,ESFP,Quick to flee,Adamant,210,Ice,,Season Leaves,Horn Leech,Grass Whistle,Double Edge,Grass Knot,None,Scary ability; will buff itself greatly before striking hard.,Priority Revenge sweepers cripple her hard.
28EB9C3A,Dorothy,Welch,Milotic,Female,No,04/03/2001,Air Continent,Hetero,Sub,Bottom,606,161,Mystic Purple,Fairy,,,ISFJ,,Relaxed,50,Flying,,None,Recover,Refresh,Scald,Haze,None,Decent tank; recovers quickly; great Rare Quality.,Taunt and Trick users; Swagger; and Electric types.
30CFFF3A,Niko,Harmonia,Zorua Zoroark,Male,Yes,14/07/2002,USA; California; Sacramento,Hetero,Sub,Top,71 ~ 170,11 ~ 75,Refreshing Green,Univers ,Vehicles; Music; Being Alone,Himself; Extroverts; Bullying,INTP,,Hasty,250,Dragon,,None,Night Daze,Shift,Pursuit,Payback,None,If a weak Pokemon suddenly phases through your hit and becomes a Zoroark; you've done goofed.,Completely vulnerable after the first hit.
33A625A3,James,Anderson,Litten Torracat Incineroar,Male,No,11/01/2007,Dragon Continent,Hetero,Dom,Top,37 ~ 66 ~ 174,4 ~ 26 ~ 86,Clear Aquablue,Letter O Matic,,,INTP,Likes to fight,Lax,90,Electric,,None,Darkest Lariat,Flare Blitz,Bulk Up,Power Trip,None,Master of stat manipulation; fights dirty and doesn't leave foes a chance to defend themselves.,Field and weather hazards; water types.
40AA9153,Sigrid,Limestone,Ralts Kirlia Gardevoir,Female,No,05/07/1988,Water Continent,Hetero,Sub,Bottom,39 ~ 75 ~ 154,6 ~ 18 ~ 42,Stately Silver,Plain Regular,,,INFJ,,Timid,185,Ice,,Megaevolution,Psycho Boost,Psyshock,Moonblast,Calm Mind,None,Terrifying esper when megaevolved; can bend reality with her immense special damage; and make you like it.,Steel types; subpar ability; lacks speed.
41A72C80,Eleri,Moloney,Chikorita Bayleef Meganium,Female,No,01/07/1986,Sand Continent,Hetero,Sub,Bottom,121 ~ 160 ~ 207,8 ~ 17 ~ 83,Vivid Pink,Launderette,,,INTP,Proud of its power,Calm,143,Ice,,None,Aromatherapy,Synthesis,Giga Drain,Bullet Seed,None,Great cleric...?,Gets scared easily.
46D89FE2,Alphonse,Darrel,Fennekin Braixen Delphox,Male,No,13/06/1996,Dragon Continent,Bi,Sub,Switch,67 ~ 110 ~ 151,11 ~ 15 ~ 39,Elegant Violet,Mordred ,,,ESFP,,Calm,110,Ghost,,None,Calm Mind,Blast Burn,Fire Blast,Mystical Fire,None,Master of pyromancy; can combust foes even in the most dire situations.,Checked by trappers; revenge killers; and bulky water types.
46D876D2,Katie,Ziegler,Buizel Floatzel,Female,No,14/01/2000,Grass Continent,Hetero,Switch,Bottom,72 ~ 111,27 ~ 32,Stately Silver,Manual,,,ENFP,,Naive,50,Psychic,,None,Hydro Pump,Liquidation,Aqua Jet,Ice Punch,None,Much quicker than most Floatzels; one of the best swimmers around.,Requires plenty healing; water types are a problem.
49A8436A,Bob,Abraham,Rufflet Braviary,Male,Yes,01/12/1976,USA; Washington; Seattle,Hetero,Dom,Top,47 ~ 199,10 ~ 72,Refreshing Green,Copperplate,,,ENFJ,Often lost in thought,Adamant,120,Dragon,,None,Sky Attack,Giga Impact,Brave Bird,Shattered Pride,None,MURICA,FUCK YEAH
49FADAFE,Bennett,Simon,Pancham Pangoro,Male,No,26/09/1977,Water Continent,Hetero,Dom,Top,57 ~ 226,8 ~ 137,Energetic Yellow,Crisafulli,,,ISTP,Strong willed,Careful,210,Normal,,None,Parting Shot,Arm Thrust,Hammer Arm,Drain Punch,None,Uses his Parting Shot to debuff foes and bypass his Choice Scarf; then hits like a train once he's forced in the front lines.,Surprisingly frail; unless he's alone.
52F9E740,Varm,Gravling,Cyndaquil Quilava Typhlosion,Male,No,17/04/2000,Grass Continent,Bi,Switch,Switch,50 ~ 95 ~ 191,8 ~ 92,Refreshing Green,Lexia ,Interviews; Opinions; Explorers,Fake News; Politics; ''Some Guilds'',INFP,Alert to sounds,Modest,142,Water,Fairy,None,Switcheroo,Eruption,Fire Blast,Inferno,None,Feel the bern.,Outright refuses to even harm water types for some reason.
53DA6C2E,Laverne,Clacher,Emolga,Female,Yes,15/11/1993,Canada;Prince Edward; Charlottetown,Hetero,Sub,Bottom,38,5,Elegant Violet,Diskus,,,ISFP,Somewhat of a clown,Rash,53,Dark,,None,Volt Switch,Thunderbolt,Knock Off,Taunt,None,Quick and cunning; great utility pivot.,Frail; other stats are lackluster.
54D94DCB,Floras,Overfield,Latias,Female,Yes,15/06/2000,Italy; Lombardy; Monza,Bi,Sub,Bottom,129,33,Subdued Brown,Onryou ,Nothing: Generated AI,Nothing: Generated AI,INFP,Impetuous and silly,Bashful,130,Flying,Fire,Megaevolution,Calm Mind,Mist Ball,Stored Power,Roost,Burnout ,Would have been unstoppable with any Latios as teammate...,...If she ever existed.
55C03DF7,Julian,Mach,Mienfoo Mienshao,Male,No,24/01/2004,Mist Continent,Bi,Dom,Top,89 ~ 139,18 ~ 33,Mystic Purple,Kurosawa ,Meditation; Fasting; Nature,Anxiety; Buffets; Huge Cities,ESTP,,Bold,80,Psychic,,None,High Jump Kick,Knock Off,Fake Out,Pulsing Core,None,Wouldn't harm a mosquito. Unless it bit him. Then that mosquito becomes mosquito powder.,Frail in body and spirit; surprisingly.
64DA3911,Behemoth,Mikado,Groudon,Male,No,??/??/????,Unknown,Hetero,Switch,Top,354,996,Elegant Violet,Souvenir ,Unknown,Unknown,ESTP,Likes to thrash about,Docile,141,Rock,,Primal Reversion,Precipice Blades,Rock Tomb,Lava Plume,Eruption,Volcanic Storm ,A Primal Groudon using Volcanic Storm is probably the last thing you will see.,Rayquaza and other Flying type sweepers.
75A7DE5C,Kongouseki,Izanami,Dialga,Female,No,??/??/????,Unknown,Hetero,Dom,Bottom,533,678,Refreshing Green,Encode Sans ,Loyalty; Time Gears; Glaceons,Red Chains; Primal Reversion; Clocks,ENTJ,Often lost in thought,Adamant,145,Bug,,Primal Reversion,Roar Of Time,Metal Burst,Giga Impact,Dragon Breath,Gravity Curvature ,Disorients and cripples foes that rely on speed.,Ground types can shrug off her most powerful blows.
86AC8E17,Kuro,Ryuuniki,Zekrom,Male,No,05/11/1541,Unknown,Hetero,Dom,Top,319,358,Stately Silver,Benguiat Serif ,Humans; Reshirams; Puzzles,Organizations; Lies; Warmongers,ESFJ,,Brave,147,Fire,,Overdrive,Fusion Bolt,Bolt Strike,Outrage,Roost,Shocking Roar ,Completely walls other Electric types; unstoppable with a trainer; or Shiro.,Kyurem; doesn't handle status conditions well.
87C461E3,Frank,Mercer,Squirtle Wartortle Blastoise,Male,No,21/06/2000,Fire Continent,Hetero,Dom,Top,48 ~ 100 ~ 195,10 ~ 23 ~ 87,Brilliant Green,Dustismo,,,INTP,Alert to sounds,Modest,73,Steel,,Megaevolution,Water Spout,Hydro Cannon,Brine,Skull Bash,None,A walking tank; not just in bulk; but in power.,Requires a team to keep him at full HP to be effective.
126F4912,Alan,Turing,Arceus,Male,Yes,23/06/1912,UK; London; Maida Vale,Homo,Sub,Bottom,???,???,Deep Green,Helvetica Now ,,,ESTJ,Sturdy body,Serious,255,Electric,,Omni,Judgement,Extreme Speed,Recover,Empyrean,Shin Senken ,Don't try to fight him.,Or do. It's not like he exists anyway.
191FAF68,Gelida,Tempore,Eevee Glaceon,Female,No,17/10/1994,Grass Continent,Bi,Switch,Switch,33 ~ 84,7 ~ 27,Mystic Purple,Santas Big Secret ,,,ISFJ,A little quick tempered,Naughty,145,Steel,,Astral Shift,Ice Beam,Attract,Light Burst,Arcane Blade,Diamond Dust ,Stunningly quick glass cannon; seems to have great manipulation of timespace.,Can only reach full potential with wall teammates.
199F3D77,Maki,Katsuo,Venipede Whirlipede Scolipede,Male,No,31/12/1970,Mist Continent,Bi,Dom,Top,30 ~ 118 ~ 289,5 ~ 59 ~ 243,Smart Marine Blue,Times New Roman,,,INTP,,Rash,56,Fire,,None,Venom Burst,Swords Dance,Gunk Shot,Toxic Thread,Roda Rora Da ,The centipede; is a predator.,Field hazards; Priority users
207A5C60,Tatsuya,Honda,Taillow Swellow,Male,No,10/06/2002,Air Continent,Hetero,Dom,Top,38 ~ 83,2 ~ 20,Smart Marine Blue,Isadora,,,ENTP,,Naive,225,Dragon,,None,Boomburst,Aerial Ace,Defog,Twister,None,Outspeeds even the nastiest sweepers; and can also be useful in extreme weather.,Priority Revenge sweepers; Steel types.
265D585B,Dimitri,Ural,Aron Lairon Aggron,Male,Yes,17/09/1973,Russia; Moscow; Novaya,Hetero,Dom,Top,41 ~ 93 ~ 222,64 ~ 128 ~ 512,Vivid Pink,Columbia,,,ISFJ,,Careful,76,Ghost,,Megaevolution,Head Smash,Heavy Slam,Stealth Rock,Protect,None,Unlike a steel wall; he actually hits back. Hard.,Lacking special bulk.
303A5D9E,Yitzhak,Ephaestus,Nihilego,Unknown,No,04/12/1998,Unknown,???,???,???,134,54,Stately Silver,Learning Curve,,,ESTJ,Hates to lose,Sassy,144,Ghost,,None,Toxic Spikes,Sludge Wave,Power Gem,Spite,None,Forces foes to use Struggle by immediately depleting their PP with Spite and it's Rare Quality. Can also tank special sweepers well.,Faster physical sweepers make this tactic useless.
316BD09A,Mhyrielle,Gorbold,Salandit Salazzle,Female,No,20/08/1987,Grass Continent,Bi,Switch,Switch,65 ~ 138,4 ~ 23,Gentle Mint Green,Sands Of Fire,,,ISTP,Very finicky,Mild,56,Flying,,Harem,Nasty Plot,Fire Blast,Pheromone Leash,Venoshock,None,Horrifying ability and finisher; can control foes's breathing to make them submit in seconds.,Priority Revenge sweepers cripple her hard.
375ACECA,Onna,Limestone,Mawile,Female,No,26/10/1998,Water Continent,Hetero,Sub,Bottom,61,12,Cool Sky Blue,Revalo ,History; Fossils; Mythology,Darkness; Tight Places; Her Maws.,ISTP,Somewhat vain,Sassy,180,Dragon,,Megaevolution,Swords Dance,Foul Play,Iron Head,Play Rough,None,Her megaevolution's horrifying ability can make battles last seconds.,Glass cannon; faster foes; crippled by burn. Claustrophobic.
432A1EA9,Sofia,Valiente,Petilil Lilligant,Female,No,17/06/2002,Sand Continent,Hetero,Sub,Bottom,39 ~ 105,6 ~ 16,Clear Aquablue,Greyhound,,,ESTJ,,Calm,43,Steel,,Not Quite My Tempo,Teeter Dance,Sleep Powder,Stored Power,Rest,None,Delta type Saboteur; debuffs and tanks damage; activates her enlightenment with Rest; then hits like a METEOR using Stored Power.,Cannot do anything else if her main strategy fails.
462E764A,Henry,Navarro,Eevee Espeon,Male,No,04/07/2000,Air Continent,Homo,Sub,Bottom,36 ~ 87,7 ~ 28,Mystic Purple,Sling ,Psychic Types; Dating; Eating,Being called Lina; Cipher; Milk,INFJ,Highly curious,Relaxed,86,Electric,,None,Calm Mind,Psychic,Shadow Ball,Zap Cannon,None,Tricky; can use unexpected moves...,...Poorly.
775FF9AE,Puck,Sora,Igglybuff Jigglypuff Wigglytuff,Male,No,15/01/1991,Grass Continent,Hetero,Switch,Top,32 ~ 55 ~ 117,1 ~ 5 ~ 13,Deep Green,Galla,,Cipher,ENFJ,Loves to eat,Quirky,190,Flying,,None,Hyper Voice,Rest,Sing,Dazzling Gleam,YooomTAH! ,Exceptional explorer; leader; and diplomat; surprisingly high IQ despite his childish demeanor; can come up with insane strategies and even befriend the most violent foes.,All work and no play makes him a dull tuff; walled by Shadow Pokemon.
802CF835,Mac,Sandman,Shroomish Breloom,Male,Yes,17/02/1981,USA; Philadelphia; Kensington,Hetero,Dom,Top,31 ~ 131,4 ~ 46,Mystic Purple,Express Deco,,,ENTP,,Brave,120,Ice,,None,Mach Punch,Bullet Seed,Counter,Spore,Dreamland Express ,Let your guard down; and he'll send you to sleep with one punch.,Surprisingly slow; can't handle many foes at once.
835DFB41,Shufen,Lin,Fomantis Lurantis,Female,Yes,28/11/1999,China; Taiwan; Tai Pao,Hetero,Dom,Bottom,30 ~ 91,2 ~ 19,Brilliant Green,Koshgarian,,,ESFP,Good Perseverance,Lonely,43,Water,Bug,None,Solar Blade,X-Scissor,Bug Bite,Leech Life,None,One sip of green tea turns her into a terrifying striker with unfair abilities and a particularly annoying Delta typing.,Poison; not that bulky.
871A6458,Vincent,Odin,Druddigon,Male,Yes,31/03/1991,Mist Continent,Bi,Dom,Top,209,178,Uplifting Pink,Decade,,,ISFP,Likes to relax,Careful,76,Poison,,None,Toxic,Taunt,Dragon Tail,Glare,None,Sentinel that sabotages foes with status moves and tanks their moves well.,Refrains from attacking despite favorable stats.
932A4747,Edward,Shield,Cobalion,Male,No,??/??/????,Mist Continent,Bi,Switch,Top,212,256,Brilliant Green,Khan,,,ENFP,Scatters things often,Quiet,146,Ghost,,None,Sacred Sword,Iron Head,Rock Polish,Superpower,None,Versatile; can adapt to many situations.,Master of none.
951F4926,John,Burnham,Cranidos Rampardos,Male,No,20/09/1973,Mist Continent,Hetero,Dom,Top,93 ~ 178,32 ~ 130,Uplifting Pink,Cooper,,,ESTJ,Highly persistent,Lonely,170,Ice,,None,Head Smash,Superpower,Dig,Giga Impact,Skull Sledgehammer ,Horrifying ability turns him into an outstanding sweeper.,Can't use status moves; goes down in one hit.
954A80E3,Rocco,Shield,Terrakion,Male,No,??/??/????,Mist Continent,Hetero,Dom,Top,205,312,Cool Sky Blue,Countryside,,,ESTJ,Takes plenty of siestas,Mild,146,Ground,,None,Sacred Sword,Swords Dance,Stone Edge,Stealth Rock,None,Great wallbreaker; can also tank a few hits of his own.,REALLY weak to Doublades for some reason.
1466A198,Batu,Chingis,Litwick Lampent Chandelure,Male,Yes,20/11/1979,Mongolia; Ulan Bator; Bayangol,Hetero,Dom,Top,26 ~ 61 ~ 110,3 ~ 12 ~ 33,Deep Green,Horatio,,,ENTJ,Good Endurance,Hardy,83,Fighting,Steel,None,Calm Mind,Shadow Ball,Confuse Ray,Will-O-Wisp,None,Massive special attack and the ability to sabotage with status conditions and debuffs makes underestimating him a huge mistake.,Faster foes and trappers; completely walled by Hydreigon in particular.
4093E63B,Wuji,Zettairedo,Kyurem,Unknown,No,??/??/????,Unknown,Unknown,Unknown,Unknown,301,324,Subdued Brown,Bodoni ,Unknown,Unknown,INFJ,,Brave,147,Steel,,Fusion,Glaciate,Scary Face,Ice Beam,Roost,Frozen Blood ,If fused with a Reshiram or Zekrom; Wuji becomes a black hole of heroics; you will freeze both in body and spirit.,Splicing him apart usually gets him destroyed by said Reshiram or Zekrom.
4955B807,Rami,Yoshino,Victini,Male,No,12/05/1996,Mist Continent,Bi,Sub,Bottom,40,4,Energetic Yellow,Dejavu Serif,,,ENFJ,Likes to run,Docile,150,Electric,,None,Searing Shot,V-Create,Extrasensory,Blue Flare,None,You REALLY don't want him near Mira.,Gets demoralized quickly when things aren't going his way.
5907A376,Sheng,Zhandou,Mienfoo Mienshao,Female,Yes,08/12/1984,China; Hebei; Beijing,Hetero,Switch,Bottom,86 ~ 138,17 ~ 31,Energetic Yellow,Parmapetit ,Codd; Fighting; Nuricom Alliance,Codd; Fighting; Nuricom Alliance,ENTJ,Quick tempered,Bashful,255,Normal,,Nitrogen Gene,High Jump Kick,Fake Out,Sleeve Kiai,Reversal,Hishou Senpuu Ken ,If she parries one of your moves; it's time to think about how many Reviver Seeds you're gonna need for this one.,Very reckless; if she misses she can get hurt a lot more than others.
6726B3C9,Finnegan,Beck,Eevee Leafeon,Male,No,06/02/2007,Grass Continent,Bi,Dom,Switch,41 ~ 109,8 ~ 30,Gentle Mint Green,Harquers ,Legendaries; Nibbling; Distracted by color red,Being called edgy; Bug types; Bullying,ESFP,Hates to lose,Hasty,145,Dark,,None,Bullet Seed,Pin Missile,Rock Blast,Tail Slap,None,Lightning quick; overwhelms with multi hit moves; great type coverage.,Bad at pretty much everything else.
6969AA23,Lydia,Samaras,Lapras,Female,No,05/08/1970,Grass Continent,Hetero,Dom,Switch,264,231,Fiery Red,Idiosynoptium,,,ISFJ,Sturdy body,Modest,50,Fairy,,None,Freeze-Dry,Waterfall,Horn Drill,Whirlpool,None,She's um; great for transporting teams across dangerous unexplored seas.,Type matchups; faster foes; field hazards...
7631AB48,Asuka,Kimura,Joltik Galvantula,Male,No,12/08/1977,Sand Continent,Hetero,Dom,Top,1 ~ 140,1 ~ 15,Clear Aquablue,Kabel,,,ENTP,,Calm,53,Fairy,,None,Electroweb,Sticky Web,String Shot,Electro Ball,None,Cripples foes's speed before hitting hard with Electro Ball; fearsome if you're alone.,Cannot adapt to different situations; can't handle monster houses.
8395F255,Adam,Ganden,Pichu Pikachu Raichu,Male,Yes,28/08/1970,USA; California; Los Angeles,Hetero,Switch,Top,33 ~ 42 ~ 86,2 ~ 6 ~ 32,Deep Green,Futura ,Rescue Teams; Starters; Cats,His field where he grows his worries is barren.,ENFJ,Takes plenty of siestas,Hasty,225,Fighting,,United We Stand,Volt Tackle,Double Team,Volt Switch,Charge,Zettahertz Missile ,You won't feel your body after one of his Z-Moves or Finishers. And if you can still feel it; his teammates will make sure.,It's just a Raichu; right? ...right?
9575DF5C,Nirvana,Moksha,Snivy Servine Serperior,Female,Yes,17/12/1995,France; Sarthe; Le Mans,Hetero,Sub,Bottom,61 ~ 82 ~ 363,8 ~ 17 ~ 77,Fiery Red,Adamantium ,Scarves. Giratinas; Dubstep,Human Weapons; Bullying; Pretzels,ISFJ,,Careful,130,Fire,Dragon,Fallout,Tera Drain,Leaf Storm,Substitute,Hidden Power ,Tsar Bomba ,Fallout and Contrary turn Nirvana into an untankable; radioactive menace.,Slow and frail; weak against other sweepers.
14516AA7,Angelo,Zero,Gastly Haunter Gengar,Male,Yes,01/09/1974,Unknown,Hetero,Switch,Top,128 ~ 162 ~ 160,1 ~ 1 ~ 1,Refreshing Green,Ptarmigan,,,ESTP,Somewhat stubborn ,Calm,175,Steel,,Megaevolution,Night Shade,Sludge Wave,Hex,Shadow Ball,None,Dreadful revenge striker that eliminates foes that are already hurt.,Weak to priority moves; pursuit; and trapping.
17144D9F,Vega,Chronos,Riolu Lucario,Male,Yes,30/10/1984,Canada; Britcol; Vancouver,Hetero,Dom,Top,71 ~ 144,19 ~ 55,Mystic Purple,Rialto Ant'd ,Guilds; Justice; Exploration,Outlaws; Sadism; Tensei's,ENTP,Often lost in thought,Lax,220,Fire,Dragon,Megaevolution,Power-Up Punch,Aura Sphere,Focus Punch,Ultimatum Rush,Stellar Bang ,Outstanding striker; fully takes advantage of any support. Nearly invincible with Lyra.,Somewhat lazy unless it's a global danger; doesn't handle failure well.
24388E0D,Poly,Nucleus,Deoxys,Unknown,No,??/??/????,Unknown,???,???,???,207,71,Gentle Mint Green,Shotgun,,,ENFP,Strong willed,Hardy,148,Ghost,,Meteor Forms,Psycho Boost,Cosmic Power,Psycho Shift,Shadow Ball,None,Form changes allow it to strike and retreat in seconds.,Reading his strategy is hard; but worth it
76994BCD,Jeronimo,Cantu,Wooper Quagsire,Male,Yes,24/10/1991,Mexico; Guanajuato; Del Truco,Hetero,Dom,Top,39 ~ 155,8 ~ 79,Subdued Brown,Komika,,,INFP,Very finicky,Hardy,60,Steel,,Denied,Octazooka,Origin Pulse,Crabhammer,Thousand Waves,None,He's... not supposed to know any of those moves.,Weaker than he actually looks; especially against many foes.
87299C1B,Dan,Hood,Rowlet Dartrix Decidueye,Male,No,19/07/1978,Air Continent,Bi,Sub,Bottom,22 ~ 72 ~ 159,1 ~ 17 ~ 33,Uplifting Pink,Roppongi,,,INTP,Often lost in thought,Jolly,90,Electric,Flying,Precisi0n,Spirit Shackle,Razor Leaf,Sky Attack,Roost,None,Exceptional sniper; hits foes from way far back so they don't have a chance to counter.,Surprisingly slow; tends to never look behind him despite being a birb.
92336C73,Yoroi,Ginji,Larvitar Pupitar Tyranitar,Male,No,06/03/2004,Air Continent,Hetero,Dom,Top,45 ~ 122 ~ 230,71 ~ 188 ~ 217,Elegant Violet,Kuriakos,,,ISTJ,Good Perseverance,Rash,76,Grass,,Megaevolution,Stealth Rock,Stone Edge,Rock Slide,Crunch,None,When megaevolved in a sandstorm; truly unstoppable; breaks several walls and smacks down sweepers.,Slow; can't handle some type matchups too well.
95483A01,Cavum,Nirum,Necrozma,Unknown,No,??/??/????,Unknown,Unknown,Unknown,Unknown,244,244,Subdued Brown,Segoe ,Nuricom Alliance; Space; Loyalty,Black Holes; Ultra Beasts; Betrayal,ENTJ,Often lost in thought,Mild,149,Dark,,Ultra Burst,Prismatic Laser,Photon Geyser,Sunsteel Strike,Moongeist Beam,For Answer ,If fused with Peahina or Lailona; they gain access to one of the most powerful Finishers; and become a spine chilling nuke with their Z-Move.,Crippled by getting rid of their items; or preventing the fusion.
581212CF,Swanun,Acquati,Ducklett Swanna,Female,No,02/06/1977,Mist Continent,Hetero,Switch,Bottom,49 ~ 123,5 ~ 25,Uplifting Pink,Verdana,,,ISFP,Impetuous and silly,Timid,195,Fire,,Bon Appetit!,Scald,Defog,Roost,Hurricane,None,Outstanding chef; keeps the entire team well fed; buffed; and healed.,Old and frail; tries to avoid getting hurt.
1196882F,Dora,Morales,Banette,Female,Yes,29/09/1974,Mexico; Tijuana; Zona Norte,Hetero,Switch,Sub,122,11,Refreshing Green,Partridge,,,ESTP,Alert to sounds,Brave,93,Normal,,Megaevolution,Destiny Bond,Shadow Claw,Gunk Shot,Grudge,Zip Up ,Defies all logic with her status moves and then strikes hard with her Megaevolution.,Slow and frail; weak to weather.
3564421B,Squall,Bastet,Riolu Lucario,Male,No,25/04/2001,Air Continent,Homo,Sub,Bottom,55 ~ 103,17 ~ 39,Cool Sky Blue,Marvel ,Boys,Girls,ISTJ,Likes to relax,Careful,80,Dark,,None,Meteor Mash,Close Combat,Bullet Punch,Hone Claws,None,Can revenge; and can also set up teammates to revenge him.,Ghost type Pokemon; faster Pokemon; higher leveled Pokemon; megaevolving Pokemon...
4314397E,Tony,Korg,Timburr Gurdurr Conkeldurr,Male,No,30/07/1987,Mist Continent,Hetero,Dom,Top,56 ~ 137 ~ 138,12 ~ 49 ~ 72,Stately Silver,Bevan,,,ESFP,Scatters things often,Serious,60,Bug,,None,Drain Punch,Dynamic Punch,Hammer Arm,Superpower,Great Pillar Smash ,Horrifying power; as long as he's protected by a team he can end fights in seconds.,Ow; my back...
5747790A,Yonaka,Fubuki,Absol,Female,No,23/12/2003,Japan; Kansai; Osaka,Hetero,Sub,Bottom,115,40,Smart Marine Blue,Zapfino ,Leppa berries; Ice Types; Foxes,Shadows; Cipher; Arguments,INFP,Quick to flee,Docile,250,Ice,,Megaevolution,Night Slash,Swords Dance,Obstruction,Pursuit,Absolute Zero ,Immense attack; and the ability to boost it quickly; and increase it even further with her Megaevolution; gives Yon a Deoxys-like sweeping potential; unstoppable with good teammates.,Glass cannon; weak to priority moves; status conditions; and fairy types.
8935075A,Kira,Taubee,Minun,Male,No,21/11/2000,Air Continent,Hetero,Dom,Top,41,5,Subdued Brown,Droid Serif,,,INFJ,,Docile,36,Rock,,None,Helping Hand,Encore,Charge,None,Um... surprisingly strong when paired with Kari.,Everything.,
21291993,Elise,Hanley,Torchic Combusken Blaziken,Female,No,20/10/1994,Air Continent,Hetero,Switch,Bottom,36 ~ 90 ~ 204,3 ~ 20 ~ 54,Mystic Purple,Serifa,,,ESFP,Capable of taking hits,Calm,80,Flying,,Megaevolution,Blaze Kick,Blast Burn,Low Kick,Flare Blitz,None,Incredible mixed attacker when Megaevolved.,Priority users; most Water types.
39869825,Bentley,Zero,Ekans Arbok,Male,No,12/04/1983,Air Continent,Hetero,Dom,Top,177 ~ 333,6 ~ 64,Clear Aquablue,Orchid,,,ESTJ,,Mild,175,Ground,,None,Glare,Wrap,Coil,Poison Fang,None,Traps and poisons; takes advantage of inexperience.,Easily blown away by bigger teams.
43211832,Fennel,Stroll,Sentret Furret,Female,No,28/02/1986,Mist Continent,Hetero,Sub,Bottom,76 ~ 194,6 ~ 31,Brilliant Green,Gill Sans,,,ESFJ,Very finicky,Naive,33,Flying,,None,Return,Me First,Fury Swipes,Bounce,None,She walk.,She gets sweeped hard.
44644448,Myuurei,Jikken,Mewtwo,Male,No,25/03/2020,Unknown,Hetero,Dom,Top,200,122,Fiery Red,Fusion ,Fighting; Training; Physical Moves,Special Moves; Ghosts; Humans,ENTP,Hates to lose,Naughty,148,Ground,,Carbon Gene,Psystrike,Calm Mind,Me First,Solar Strike,Gigabar Pressure ,Trained by Libidine to be a disorienting physical powerhouse.,Scared of ghosts?
49837743,Murray,Kumar,Dratini Dragonair Dragonite,Male,Yes,08/05/1992,Australia; Victoria; Melbourne,Bi,Sub,Switch,181 ~ 432,4 ~ 20,Elegant Violet,Oregano,,,ESTJ,Somewhat stubborn ,Impish,70,Water,,None,Outrage,Extreme Speed,Fly,Dragon Dance,None,Incredible scout; can also pack a punch when needed.,Can be oblivious to his surroundings.
61702368,Paris,Loke,Nidoran Nidorino Nidoking,Male,No,05/03/1976,Fire Continent,Hetero,Switch,Top,51 ~ 92 ~ 158,9 ~ 28 ~ 94,Elegant Violet,News Serif,,,ISFJ,Sturdy body,Serious,73,Water,,None,Bite,Headbutt,Rock Slide,Sludge Bomb,None,Mastered the art of flinching; would have been unstoppable with Loki...,...if they both didn't do exactly the same thing and they didn't let foes steal their item so often.
A0C1C8DB,Doreikun,Furai,Trapinch Vibrava Flygon,Male,No,24/01/2005,Fire Continent,Bi,Sub,Bottom,56 ~ 76 ~ 162,11 ~ 12 ~ 60,Smart Marine Blue,Base Nine ,Sex; His Job; Flying,Bullying; Sand; Himself,ISFP,,Sassy,70,Flying,Bug,None,U-Turn,Fissure,Dragon Rush,Boomburst,None,If his Z-Move hits; it's pretty much over. IF it hits.,Gigantic coward; really hates fighting...
A5C59556,Shiro,Ryuumouto,Reshiram,Female,No,22/09/1575,Unknown,Hetero,Sub,Bottom,286,299,Vivid Pink,Benguiat Sans ,Humans; Zekroms; Puzzles,Organizations; Lies; Cowards,INTJ,Thoroughly cunning,Quiet,147,Electric,,Overdrive,Fusion Flare,Blue Flare,Draco Meteor,Roost,Scorching Howl ,Completely walls other Fire types; unstoppable with a trainer; or Kuro.,Kyurem; doesn't handle status conditions well.
A9B85128,Myuuichi,Jikken,Mewtwo,Female,No,25/03/2020,Unknown,Hetero,Sub,Bottom,200,122,Stunning Orange,Galaxy ,Fighting; Training; Special Moves,Physical Moves; Ghosts; Humans,ESTJ,Likes to fight,Mild,148,Rock,,Iron Gene,Psystrike,Calm Mind,Me First,Moon Cannon,Gigabar Pressure ,Trained by Libidine to be a disorienting special powerhouse.,Scared of ghosts?
A45C5758,Ton,Rosemary,Eevee Vaporeon,Male,No,31/05/1978,Fire Continent,Bi,Sub,Switch,42 ~ 111,8 ~ 33,Stunning Orange,Schneidler ,,,INTJ,Good Perseverance,Lonely,141,Ground,,None,Scald,Hydro Pump,Muddy Water,Whirlpool,None,Excellent sniper; hits where it hurts and flees immediately after.,Physical sweepers are still a problem.
A80D5FC3,Cefca,Pagliaccio,Popplio Brionne Primarina,Female,Yes,27/10/1997,Spain; Catalunya; Montmel�,Bi,Switch,Bottom,39 ~ 58 ~ 179,7 ~ 17 ~ 43,Brilliant Green,Waltograph ,Dragons; Sex; Children,Only very small and trivial things.,ESFP,Mischievous,Jolly,130,Psychic,,Regik,Hyper Voice,Moonblast,Sparkling Aria,Scald,Dicepocalypse ,Her Regik makes her fighting style completely unpredictable...,...But can backfire pretty hard.
A750E110,Tristan,Morgan,Poochyena Mightyena,Male,Yes,25/10/1999,UK; Isle Of Man; Douglas,Bi,Switch,Top,52 ~ 123,13 ~ 36,Stunning Orange,Trident ,Programming; Sharing; Helping,His accent; Battling; Phones.,INTP,Likes to run,Naughty,115,Poison,,None,Ice Fang,Crunch,Thief,Foul Play,None,Focuses on weaker moves with strong side effects; if his team is winning his ability allows finishing the battle really quickly.,Mediocre stats; useless without a pack.
A521830A,Selene,Excalibur,Fennekin Braixen Delphox,Female,No,15/09/2009,Water Continent,Hetero,Sub,Bottom,40 ~ 89 ~ 134,9 ~ 13 ~ 33,Mystic Purple,Denver ,,,ENFJ,Highly persistent,Timid,210,Steel,,Berserk,Blue Flare,Future Sight,Flash Cannon,Autotomize,None,Immensely powerful sorcerer; pulls out unexpected tricks and can bait opponents easily into HARD hits.,Gets along with VERY few teammates; can be a bit airheaded.
ABD9F821,Chiyoko,Shinoda,Froakie Frogadier Greninja,Female,No,22/10/2006,Water Continent,Hetero,Sub,Bottom,28 ~ 54 ~ 141,6 ~ 9 ~ 28,Vivid Pink,Brushido ,,,ISFP,,Modest,50,Psychic,,None,Toxic,Shadow Sneak,Low Kick,Aerial Ace,None,Tricky; her moves and ability allow her to adapt to many situations.,Doesn't excel at anything; can be dealt with quickly if read correctly.
AD35C4CA,Camille,Benson,Meloetta,Female,No,04/04/1979,Mist Continent,Hetero,Sub,Bottom,69,6,Fiery Red,A Charming Font,,,ISTJ,Very finicky,Hardy,147,Fairy,,Reliquia,Relic Song,Relic Dance,Drain Punch,Psychic,None,Switches back and forth between two forms to disorient foes; uses her moves's secondary effects to their fullest potential.,Choice item users and dark types.
AED8C6C2,Kona,Ginji,Charmander Charmeleon Charizard,Female,No,29/07/1981,Air Continent,Bi,Switch,Bottom,58 ~ 100 ~ 163,8 ~ 19 ~ 92,Clear Aquablue,Consolas,,,ISTP,Strongly defiant,Impish,150,Poison,,Megaevolution,Flare Blitz,Roost,Dragon Claw,Fire Blast,None,Two megaevolutions; and powerful moves to exploit both.,Awful at pretty much everything else.
B0A9398C,Canto,Dahl,Deino Zweilous Hydreigon,Male,No,??/??/????,Mist Continent,Hetero,Dom,Top,89 ~ 140 ~ 202,16 ~ 44 ~ 153,Stately Silver,Interstate,,,ENTP,Capable of taking hits,Naughty,170,Bug,,None,Asteroid,Dragon Rush,Brutal Swing,Earth Power,Life Whisper ,Surprisingly great with human teammates; especially in Tengoku.,Bulky walls with bad type matchups.
B4DCFBA5,Remi,Toriumi,Eevee Jolteon,Female,No,02/08/1998,Mist Continent,Hetero,Sub,Bottom,32 ~ 83,6 ~ 23,Cool Sky Blue,Polytone ,Kosuke; Kosuke; Kosuke,Other Umbreons; Espeons; Sylveons,ESFJ,Impetuous and silly,Rash,170,Fire,,None,Yawn,Volt Switch,Thunderbolt,Hidden Power ,None,Can sleep; paralyze; damage; and switch out in just 2 turns.,Her frailness makes that strategy less effective.
B6AA419A,Zephyr,Edda,Zygarde,Unknown,No,??/??/????,Unknown,Unknown,Unknown,Unknown,587,814,Brilliant Green,Zepp ,Unknown,Unknown,ISFJ,Strong willed,Bold,140,Flying,,Power Construct: Form Change Enlightenment,Land's Wrath,Thousand Arrows,Thousand Waves,Core Enforcer,Cell Fusion (Dragon) Heals 100% HP and all status conditions,Completely impenetrable in their 100% form. Seriously; don't even try to scratch it.,Really bad at stealth; can be caught by surprise?
B040C35E,Jake,Northstar,Marshadow,Male,No,26/01/2006,USA; Illinois; Chicago,Unknown,Sub,Bottom,60,22,Subdued Brown,Samdan ,Nuricom Alliance; Fighting; Anime,Ghost Types; Fighting Types; Normal Types,ISTP,,Lonely,255,Electric,Fairy,Zenith,Spectral Thief,Close Combat,Shadow Sneak,Phantom Hand,Rending Fists ,Powerful alone; powerful in a team; trained by Codd to be a fantastic martial artist; passing down the art of leading to aspiring explorers.,Not the best reaction times; and kinda frail.
B71F6CA5,Leviathan,Mikado,Kyogre,Male,No,??/??/????,Unknown,Hetero,Dom,Top,488,360,Uplifting Pink,Classica ,Unknown,Unknown,ESTP,,Quirky,141,Ice,,Primal Reversion,Origin Pulse,Liquidation,Ice Beam,Water Spout,Torrential Flood ,A Primal Kyogre using Torrential Flood is probably the last thing you will see.,Rayquaza and other Flying type sweepers.
B413BC78,Cooper,Excalibur,Froakie Frogadier Greninja,Male,Yes,21/11/1981,Japan; Tokyo; Shibuya,Bi,Switch,Switch,29 ~ 58 ~ 148,7 ~ 10 ~ 35,Stately Silver,Elgethy ,,,ESTP,Hates to lose,Gentle,210,Dragon,,None,Mat Block,Water Shuriken,Fog Bomb,Night Slash,None,He's a goddamn ninja.,Faster opponents... there aren't many though.
B555C833,Hilde,Verona,Oricorio (Pom-Pom),Female,No,18/03/2009,Dragon Continent,Hetero,Sub,Bottom,60,3,Energetic Yellow,Memoir,,,ENFJ,,Naive,125,Fighting,,Style Shift,Revelation Dance,Hurricane,Roost,Tailwing,None,Can change type with Nectar to defend against any offensive type; decent speed and damage.,Only has flying type moves; HATES field hazards.
B666A288,Rupert,Jade,Togepi Togetic Togekiss,Male,No,13/11/1985,Dragon Continent,Bi,Sub,Bottom,17 ~ 62 ~ 174,1 ~ 4 ~ 40,Deep Green,Geometric,,,ESTP,Somewhat stubborn ,Bashful,200,Dragon,,None,Heal Bell,Roost,Air Slash,Charm,None,Great cleric; but can also hit on unsuspecting foes.,Type matchups; faster foes; paralysis.
BA6502F9,Gary,Alexis,Scraggy Scrafty,Male,No,08/06/1976,Mist Continent,Hetero,Sub,Top,52 ~ 126,12 ~ 35,Refreshing Green,Stafford,,,ENTJ,Strongly defiant,Relaxed,60,Rock,,None,Facade,Bulk Up,Throat Chop,Low Kick,None,Setup striker with uncommon; unpredictable moves and strategies.,Slow; can't handle some type matchups too well.
BA8747D9,Todd,Haberkorn,Shinx Luxio Luxray,Male,No,30/01/1992,Water Continent,Homo,Sub,Switch,50 ~ 87 ~ 137,10 ~ 30 ~ 41,Clear Aquablue,Stymie ,Wireless communication devices,Latency; Lag; Overclocking,ENTJ,Proud of its power,Modest,53,Ground,,None,Wild Charge,Volt Switch,Thunder,Fury Cutter,None,Can either nuke once; or hit repeatedly and quickly.,Not the bulkiest cat.
BAE39534,Pichai,Rara,Drowzee Hypno,Male,Yes,13/03/1979,Air Continent,Bi,Dom,Top,99 ~ 157,41 ~ 81,Smart Marine Blue,Enviro,,,ESFJ,Likes to run,Impish,96,Dark,Poison,None,Hypnosis,Disable,Foul Play,Zen Headbutt,None,Do not close your eyes if you don't want to have an awful time.,Slow and slightly frail.
BB9D644B,Kaden,Frei,Chimchar Monferno Infernape,Male,No,09/12/1996,Sand Continent,Hetero,Sub,Top,31 ~ 76 ~ 134,6 ~ 23 ~ 55,Mystic Purple,Gorilla,,,ISTJ,Thoroughly cunning,Naughty,73,Rock,,None,Flare Blitz,Close Combat,Stone Edge,Vacuum Wave,None,Pummels hard; quick; and without any buildup.,Quite reckless; ignores his own safety.
BB87CE53,Eunice,Vulcanium,Larvesta Volcarona,Female,No,01/10/1981,Fire Continent,Hetero,Switch,Bottom,114 ~ 190,29 ~ 54,Stunning Orange,Kaufmann,,,ENFJ,Somewhat stubborn ,Timid,147,Fairy,,Neon Gene,Quiver Dance,Fiery Dance,Fire Blast,Roost,None,Quiver Dance with a Mugen Gene is a combination that could end long range battles in seconds.,Physical sweepers; priority moves.
BBAF8063,Yggdrasil,Edda,Yveltal,Male,No,??/??/????,Unknown,Hetero,Switch,Top,594,190,Subdued Brown,Ysgarth ,Unknown,Unknown,INFJ,A little quick tempered,Mild,140,Ghost,,None,Oblivion Wing,Dark Pulse,Toxic,Heat Wave,Morte ,Checkmates Psychic types; likes to hit immediately instead of stalling.,Patience can throw him off.
BC10D268,Peahina,Houkuu,Lunala,Female,No,??/??/????,Unknown,Hetero,Sub,Bottom,395,117,Subdued Brown,Sabor ,Kyogres; Necrozmas; Nights,Solgaleos; Space; Ultra Beasts,ISFJ,Thoroughly cunning,Rash,149,Dark,Ice,Full Moon,Moongeist Beam,Psyshock,Calm Mind,Moonblast,Lunar Eclipse ,Very powerful moveset; can easily ignore her subpar typing.,Could do better with a Solgaleo teammate; which she hates.
BCCADC09,Senpu,Tengoku,Axew Fraxure Haxorus,Male,No,26/04/2001,Mist Continent,Hetero,Dom,Top,58 ~ 119 ~ 204,20 ~ 40 ~ 125,Subdued Brown,Angelized ,Metallurgy; Flags; Post Town,His Tusks; Being Challenged; Focus Sashes,ISTJ,Quick tempered,Naughty,215,Steel,,Chaaarge!,Swords Dance,Outrage,Earthquake,Poison Jab,Thor Axe ,Excellent Wallbreaker with serious coverage.,Priority Revenge sweepers cripple him hard.
BE84171E,Kallistos,Abel,Seviper,Male,No,07/02/1980,Fire Continent,Bi,Dom,Top,282,54,Deep Green,Vinyl,,,ISFP,Quick tempered,Lax,100,Water,,None,Poison Tail,Wrap,Giga Drain,Coil,None,Poisons and traps; slowly wears down wallers.,Special sweepers; other poison types.
BF21EA5E,Arthur,Capitani,Pawniard Bisharp,Male,No,23/04/1991,Mist Continent,Hetero,Dom,Top,52 ~ 174,10 ~ 71,Smart Marine Blue,Roboto,,,ISTP,Takes plenty of siestas,Adamant,96,Fire,,None,Knock Off,Sucker Punch,Hone Claws,Iron Head,None,Great typing and hidden power combo; great damage; only two bad type matchups.,Surprisingly slow; can't deal with other dark types.
C1C992E5,Codd,Branford,Zeraora,Male,Yes,22/09/1900,China; Hong Kong; Kowloon,Hetero,Dom,Top,184,84,Elegant Violet,Maximise ,Pokemon; Science; The Universe,Corruption; Conspiracies; Control,ESTP,,Adamant,255,Dragon,,Way Of The Dragon,Plasma Fists,Fumetsu,One Inch Punch,Stun Gun Kiai,The Tempest ,The Power of Pokemon with the Knowledge of Humanity; Codd achieved spiritual and physical Enlightenment; uses his entire body and electric reserves in every single strike; and never seems to feel the slightest hint of exhaustion.,Biggest pushover in the entire galaxy.
C1D74FCD,Takumi,Tsunoda,Kartana,Unknown,No,23/03/1971,Unknown,???,???,???,33,1,Deep Green,Napoli,,,INFJ,Nods off a lot,Naughty,144,Dark,,None,Leaf Blade,Sacred Sword,Smart Strike,Razor Leaf,None,Nearly unstoppable sweeper; can slice physical tanks with ease.,Will almost always go down in one hit without Focus Sash.
C316F45D,Mira,Yoshino,Victini,Female,No,27/08/1981,Mist Continent,Bi,Sub,Bottom,40,4,Cool Sky Blue,Dejavu Sans,,,ISTJ,Likes to run,Bashful,150,Electric,,None,Searing Shot,V-Create,Extrasensory,Bolt Strike,None,You REALLY don't want her near Rami.,Gets demoralized quickly when things aren't going her way.
C4078EE9,Lucas,Dawn,Treecko Grovyle Sceptile,Male,No,08/11/1999,Grass Continent,Bi,Switch,Switch,53 ~ 91 ~ 195,5 ~ 20 ~ 55,Energetic Yellow,Tekton,,,INFP,,Serious,195,Ground,Fairy,Megaevolution,Leaf Blade,Dual Chop,Dragon Pulse,Giga Drain,Fate Defiance ,Great explorer; but also a great robber. Can be an invaluable asset...,...when he's friendly.
C12805A3,Sirius,Chronos,Shinx Luxio Luxray,Female,No,26/11/1989,Grass Continent,Hetero,Sub,Bottom,44 ~ 84 ~ 120,9 ~ 28 ~ 35,Energetic Yellow,Garamond ,Exploration; Chronos; Humans,Expensive Items; Darkness; Fainting,ENFP,Likes to thrash about,Brave,220,Normal,,None,Wild Charge,Volt Switch,Thunder,Flash,Stun Grenade ,Strategic mastermind; her IQ allows her to come up with brilliant checkmates.,Requires someone to keep her safe while she thinks...
CBB17520,Kari,Taubee,Plusle,Female,No,14/08/1983,Air Continent,Hetero,Sub,Bottom,39,4,Stately Silver,Droid Sans,,,ESFJ,Scatters things often,Docile,36,Ground,,None,Helping Hand,Encore,Charge,Thunder,None,Um... surprisingly strong when paired with Kira.,Everything.
CD654D95,Teodor,Niagara,Mudkip Marshtomp Swampert,Male,No,12/04/2009,Sand Continent,Hetero,Dom,Top,46 ~ 72 ~ 173,8 ~ 30 ~ 88,Cool Sky Blue,Celtic,,,ENTJ,,Impish,90,Grass,,Megaevolution,Muddy Water,Mud Sport,Waterfall,Earthquake,None,Unstoppable in rain; hits like a truck when Megaevolved; completely walls Electric types.,Grass types; faster foes; Scald... not much else.
CF777048,Libidine,Ludibrium,Mew,Both?,No,07/09/1164,Unknown,Bi,Switch,Switch,36,3,Stately Silver,Mona Lisa ,Sex; Genetics; Eating,Being asked by someone to change gender,ESFP,Loves to eat,Quirky,148,Flying,,Mugenono,Transform,Psychokinesis,Future Sight,Psychic,Boring! ,An absolutely adorable and absolutely terrifying esper. Instead of lifting you; they will lift the continent below you.,Can get lazy and pessimist in the most dire situations.
D1C550D2,Jennifer,Escade,Audino,Female,Yes,20/01/2003,Unknown,Hetero,Sub,Bottom,98,28,Gentle Mint Green,Palatino Linotype,,,ESTJ,Capable of taking hits,Calm,175,Fighting,,Megaevolution,Secret Power,Healing Wish,Heal Bell,Low Kick,None,Instantly heals any status effects before they have a chance of doing damage; and can also take a hit.,Offense basically amounts to a kick.
D2DECDA7,Kenta,Miyake,Noibat Noivern,Male,Yes,17/07/1999,Japan; Osaka; Sakai,Bi,Sub,Bottom,46 ~ 143,7 ~ 81,Elegant Violet,Kimono ,Music; Technology; Pokemon,Unreliable Equipment; Airpods; Consoles,ENFP,,Timid,53,Fire,,None,Hurricane,Taunt,Draco Meteor,U-Turn  Switches with teammate,None,Combines sound wave energy with Dragon attacks to disorient and strike hard.,Man; like; if only Sound was; like; a type; maaan...
D3D52ABD,Akira,Shun,Mareep Flaaffy Ampharos,Male,No,24/09/1985,Water Continent,Bi,Dom,Top,61 ~ 83 ~ 144,8 ~ 14 ~ 62,Brilliant Green,Hero Light,,,ISTP,Mischievous,Sassy,180,Water,,Megaevolution,Volt Switch,Discharge,Cotton Guard,Outrage,None,Impressive moveset; also great at leading large teams.,Gets lost often; which is kind of embarrassing for an Ampharos...
D3E83755,Ai,Nonaka,Eevee Espeon,Female,No,27/05/1997,Mist Continent,Hetero,Sub,Bottom,35 ~ 86,7 ~ 26,Clear Aquablue,Mercury ,Studying; Sleeping; Lewding,Not Studying; Not Sleeping; Not Lewding,ISTP,Mischievous,Lonely,170,Fairy,,None,Dazzling Gleam,Calm Mind,Heal Bell,Noon Sun,Ragnarok ,Great at long range support and healing; can flee with Entercards.,Without team and items; helpless.
D9A39F9E,Pauline,Limestone,Meditite Medicham,Female,No,28/01/2004,Air Continent,Hetero,Dom,Bottom,50 ~ 133,11 ~ 32,Fiery Red,Karla,,,ENTP,,Careful,185,Water,,Megaevolution,Fake Out,High Jump Kick,Zen Headbutt,Brick Break,None,Her megaevolution's horrifying ability can make battles last seconds.,Glass cannon; faster foes; crippled by burn. Arachnophobic.
D433B049,Ixion,Lapith,Blitzle Zebstrika,Male,No,26/02/2004,Mist Continent,Bi,Sub,Top,78 ~ 183,27 ~ 94,Elegant Violet,Zebraflames,,,ENFP,Highly persistent,Mild,60,Grass,Steel,None,Hidden Power,Volt Switch,Thunderbolt,Wild Charge,Muon Kick ,Can build up speed rather quickly and then strike foes when they least expect it.,Mediocre bulk; can't learn many other moves.
D803D37C,Cedric,Stroll,Zigzagoon Linoone,Male,No,24/09/1982,Mist Continent,Homo,Sub,Bottom,33 ~ 55,11 ~ 33,Vivid Pink,Ruda,,,ENTP,,Bold,33,Bug,,None,Belly Drum,Extreme Speed,Stomping Tantrum,Last Resort,None,He walk.,He gets sweeped hard.
D4869C11,Samael,Amphithere,Giratina,Male,No,??/??/????,Unknown,Hetero,Dom,Top,845,694,Brilliant Green,Corben ,Team Chronos; Distortion World; Sneks,Unknown,ENTP,,Serious,145,Dark,,Origin Form,Shadow Force,Hex,Defog,Dragon Pulse ,Eternal Obscurity ,The ability to switch from Wall to Wallbreaker in seconds makes him a force to be reckoned with.,Unless your team has a Fairy.
D825048B,Arnold,Higgins,Ralts Kirlia Gallade,Male,No,24/01/1970,Sand Continent,Hetero,Dom,Top,44 ~ 101 ~ 182,9 ~ 22 ~ 55,Energetic Yellow,Plain Germanica,,,INFJ,,Jolly,120,Grass,,Megaevolution,Swords Dance,Close Combat,Zen Headbutt,Telekinesis,None,Traps with telekinesis; and sweeps. A simple; yet horrifying recipe.,Requires cover while he sets up Swords Dance; slower than he looks.
D5423979,Helen,Loki,Nidoran Nidorina Nidoqueen,Female,No,31/05/1983,Fire Continent,Hetero,Switch,Bottom,44 ~ 83 ~ 145,7 ~ 24 ~ 73,Energetic Yellow,News Sans,,,ENFJ,Nods off a lot,Hardy,73,Water,,None,Bite,Headbutt,Rock Slide,Sludge Wave,None,Mastered the art of flinching; would have been unstoppable with Loke...,...if they both didn't do exactly the same thing and they didn't let foes steal their item so often.
DCDC7EFE,Lonly,Abaddon,Eevee Flareon,Male,No,11/06/1972,Sand Continent,Bi,Sub,Switch,38 ~ 90,8 ~ 31,Stunning Orange,Elgar ,,,INTP,,Lonely,141,Flying,,None,Fire Fang,Iron Tail,Flail,Lava Plume,None,Attacks and debuffs at the same time; great mixups.,Bad defense; kinda slow.
DE224B1A,Tsutami,Tengoku,Snivy Servine Serperior,Female,No,10/07/2005,Mist Continent,Bi,Sub,Bottom,59 ~ 76 ~ 321,7 ~ 16 ~ 64,Stunning Orange,Libertinus Sans ,Samurotts; Post Town; Tengoku,Teams that don't help other Teams,ENFJ,Impetuous and silly,Quirky,215,Poison,,Paradigm Shift,Hurricane Blade,Safeguard,Solar Blade,Grass Pledge,Taiyouken ,Training with the Hurricane Blade gives her an edge in the offensive.,Not very effective without Dairou and Susanoo.
DF616A20,Kenkyo,Kaze,Sandshrew Sandslash,Female,No,20/03/1997,Sand Continent,Bi,Switch,Bottom,66 ~ 105,20 ~ 46,Energetic Yellow,Diavlo ,Sandslashes; Sleeping; Fighting,Her quills and how they prevent her from sleeping.,ISFJ,Good Endurance,Impish,63,Normal,,None,Earthquake,Knock Off,Rapid Spin,Stealth Rock,None,Loves fighting; and will be a great arm in any team.,Can't use her quills to defend herself efficiently.
E1B40F24,Shinju,Izanagi,Palkia,Male,No,??/??/????,Unknown,Hetero,Switch,Top,422,335,Brilliant Green,Comfortaa Sans ,Loyalty; Space Gears; Leafeons,Red Chains; Primal Reversion; Rulers,INFJ,Very finicky,Adamant,145,Bug,,Primal Reversion,Spacial Rend,Hydro Pump,Giga Impact,Dragon Breath,Gravity Curvature ,Disorients and cripples foes that rely on speed.,Ground types can shrug off his most powerful blows.
E1E1094C,Terry,Walton,Lillipup Herdier Stoutland,Male,No,05/02/1993,Mist Continent,Hetero,Dom,Top,41 ~ 95 ~ 123,4 ~ 15 ~ 63,Cool Sky Blue,Impressed,,,ISTP,Takes plenty of siestas,Careful,60,Poison,,None,Facade,Giga Impact,Double Team,Substitute,None,Can do serious damage with his Z-move; and can take a hit when needed.,Faster foes and steel types can check him.
E3A1D3D8,Natsu,Hizashi,Shaymin,Male,No,??/??/????,Grass Continent,Bi,Sub,Switch,33,3,Uplifting Pink,Hypewriter ,Exploration; Speedrunning; Frens,Angry Legendaries; Cars; Pollution,ENFJ,Likes to run,Timid,250,Fairy,,Sky Forme,Seed Flare,Wind Dash,Sky Attack,Synthesis,Radiant Solar Flare ,Outstanding and wholesome Explorer; his Sky Forme gives him and his whole team a burst of speed that makes them invisible to the naked eye.,Uh.... Ho-Oh? Maybe?
E6C78016,Golmi,Zahra,Bulbasaur Ivysaur Venusaur,Female,No,31/05/1982,Fire Continent,Homo,Dom,Top,71 ~ 109 ~ 234,7 ~ 14 ~ 120,Brilliant Green,Coherent,,,ENTJ,,Rash,150,Ghost,,Megaevolution,Growth,Sludge Bomb,Giga Drain,Frenzy Plant,None,Sunny weather turns her into a horrifying sweeper.,Doesn't handle bad type matchups well.
E23E751D,Diane,Shield,Virizion,Female,No,??/??/????,Mist Continent,Hetero,Dom,Bottom,196,196,Brilliant Green,Distilla,,,INTJ,Strongly defiant,Gentle,146,Ghost,,None,Sacred Sword,Swords Dance,Synthesis,Leaf Blade,None,Great speed; great damage; great bulk...,...only special bulk though.
E42EC257,Sid,Tensei,Genesect,Male,Yes,08/02/1953,USA; Texas; Houston,Hetero,Dom,Top,228,156,Deep Green,Xanadu ,Money; Technology; War,Pacifism; Pokemon; Heroes,INFJ,Thoroughly cunning,Impish,255,Poison,,Hydrogen Gene,Techno Blast,Iron Head,Drain Punch,Explosion,Orbital Cannon ,Mugen Gene master; harnesses the power of Humanity to strike down the most powerful Pokemon around with ease.,Insane and other debuffs can check him when he's alone; and he often is.
E098CBCB,Mocha,Otonanou,Skitty Delcatty,Female,Yes,08/03/2002,Japan; Kyushu; Nagasaki,Hetero,Sub,Bottom,45 ~ 91,9 ~ 27,Stately Silver,Vibur ,Sex; Her Job; Sleeping,Fighting; Milk; Flygons,INFP,,Gentle,70,Water,,None,Calm Mind,Baton Pass,Psych Up,Attract,None,Brilliant sabotager; can take the foe's strengths and turn them into her team's.,Can't attack at all.
E98D6864,Phil,Maibum,Oshawott Dewott Samurott,Male,No,08/11/2006,Mist Continent,Homo,Sub,Bottom,49 ~ 79 ~ 148,6 ~ 21 ~ 72,Smart Marine Blue,Shelley ,Chess; Tactics; Logic Training,Blundering Pieces; Deadlines; Stress,INTJ,Highly persistent,Rash,120,Rock,,None,Swords Dance,Liquidation,Aqua Jet,Megahorn ,None,High IQ; if it looks like he's retreating; you should probably watch your surroundings.,Very vulnerable when alone.
E426B7A8,Judith,Holzer,Fletchling Fletchinder Talonflame,Female,No,29/08/1979,Sand Continent,Hetero,Dom,Top,29 ~ 69 ~ 122,2 ~ 16 ~ 24,Subdued Brown,Playfair,,,ESFJ,Quick tempered,Jolly,46,Normal,,None,Swords Dance,Brave Bird,Flame Charge,Roost,None,As long as she's full HP; she's an impressive sweeper.,Crippled hard by Stealth Rock and setups.
E526C9F8,Alaine,Lille,Eevee Leafeon,Female,Yes,25/05/2001,Sweden; G�te; Gothenburg,Hetero,Sub,Bottom,31 ~ 82,5 ~ 19,Stunning Orange,Aircut ,Studying; Clothes; Chemobotany,''Chad''; Outlaws; Drinking,INTP,Sturdy body,Quiet,110,Fire,,Equivalent Exchange,Leaf Blade,Synthesis,Fling,Grass Whistle,None,Extensive knowledge on Human and Pokemon made items; good bulk.,Faster foes that are resistant to items will cripple her.
EC0A24EC,Martin,Ivanov,Pidove Tranquill Unfeazant,Male,No,05/11/1979,Dragon Continent,Hetero,Dom,Top,31 ~ 66 ~ 130,2 ~ 15 ~ 30,Gentle Mint Green,Ideologica,,,ISFJ,Proud of its power,Adamant,215,Electric,Ghost,None,Tailwind,Wish,Sky Attack,Aerial Ace,Defibrillation ,Unlike many other clerics and doctors; he can dish out some heavy hits.,Who heals the doctor?
EC6F94DE,Ishtar,Harel,Jirachi,Female,No,27/02/2009,Water Continent,Hetero,Sub,Bottom,31,2,Vivid Pink,Dulethia,,,INTP,Likes to thrash about,Docile,190,Grass,,None,Doom Desire,Iron Head,Psychic,Meteor Mash,None,Great ability; and moves to match it; with great stats; all in all a great combination.,Type matchups will be a problem; even with her steel typing.
EF986798,Tatsuhiro,Satou,Sewaddle Swadloon Leavanny,Male,No,24/06/1988,Mist Continent,Bi,Sub,Bottom,29 ~ 44 ~ 119,2 ~ 11 ~ 20,Clear Aquablue,Poem Exclusive,,,ENTJ,Impetuous and silly,Lax,43,Psychic,,None,Sticky Web,X-Scissor,Leaf Blade,Fell Stinger,None,Tricks Dark types and Water types into focusing on him.,Flying types; Taunt users; items...
EFC0F7FE,Kosuke,Toriumi,Eevee Umbreon,Male,No,30/09/1995,Mist Continent,Bi,Dom,Top,44 ~ 120,8 ~ 32,Brilliant Green,Polymer ,Magnagates; Terraforming; Mythology,Emeras; Looplets; Elitists,INTP,Strongly defiant,Bold,170,Poison,,None,Foul Play,Toxic,Assurance,New Moon,Yamidakunai ,Leaves foes intoxicated and hurt for the team to finish; and moves to the next.,Without team and items; helpless.
EFF98B64,Ricardo,Milos,Ditto,Unknown,No,24/12/1980,Fire Continent,???,???,???,???,???,Clear Aquablue,Flemish,,,INTJ,Somewhat of a clown,Docile,66,Bug,,None,None,None,Anything you try against it; it knows.,Surprisingly thrown off hard by Substitute.,,,
F7B13778,Hadrian,Seraph,Absol,Male,Yes,14/10/1998,Switzerland; Zurich; Seefeld,Bi,Switch,Switch,119,49,Stunning Orange,Felina ,Absols; Hidden Powers; Sonas,Cipher; Tensei; Power Hungry Humans,ISTP,A little quick tempered,Naive,86,Flying,Fairy,Megaevolution,Knock Off,Play Rough,Sucker Punch,Hone Claws,None,Fearsome switch-in potential; can break several walls and tanks with ease.,Fighting types can give him trouble; not a great strategist.
F8EDC428,Fenrir,Verona,Rockruff Lycanroc (Midday),Male,No,24/09/1979,Dragon Continent,Bi,Dom,Top,93 ~ 187,10 ~ 26,Vivid Pink,Equipoize Serif,,,INFP,,Docile,125,Fighting,,Oxygen Gene,Accelerock,Stone Edge,Rock Tomb,Counter,None,Loyal like a doggo.,Bad type matchups.
F859E391,Tokumei,Kii,Zorua Zoroark,Male,Yes,16/11/1999,USA; Massachusetts; New Bedford,Bi,Dom,Top,75 ~ 191,10 ~ 64,Uplifting Pink,Rockwell ,Music; Reading; Swimming,Betrayal; Repeating Things; His Ability,INFJ,Likes to relax,Serious,130,Fighting,Normal,Eternal Duality,Torpedo,Outrage,Realm Shift,Intangible,Stronghold ,Outstanding Delta sentinel; forces foes to focus on him; and then hits hard.,Other sweepers that know what is going on might be troublesome.
F2716FF6,Long,Wei,Darumaka Darmanitan,Male,Yes,02/05/1966,China; Tibet; Nyima County,Hetero,Dom,Top,66 ~ 142,39 ~ 106,Gentle Mint Green,Newmedia,,,ISFP,,Bashful,73,Fairy,,Zen,Belly Drum,Fire Punch,Rest,Sleep Talk,None,Pulls foes into a false sense of security; before blasting them away.,Requires extensive setup to pull this off.
F6161C8D,Lyra,Chronos,Eevee Sylveon,Female,No,20/05/1986,Grass Continent,Hetero,Sub,Bottom,37 ~ 88,6 ~ 20,Smart Marine Blue,Rialto Ste'd ,Guilds; Exploration; Treasures,Outlaws; Fainting; Monster Houses,ENFP,Strong willed,Gentle,220,Fighting,,Grand Finale,Wish,Dazzling Gleam,Helping Hand,Mesmerize,Stellar Chill ,Outstanding cleric; absolutely excels at teammate support with buffing and healing. Nearly invincible with Vega.,Crippled hard by Steel types and stage hazards.
F28586F1,Hokori,Kaze,Sandshrew Sandslash (Alola),Male,No,04/03/1999,Sand Continent,Bi,Switch,Top,72 ~ 134,43 ~ 60,Cool Sky Blue,Dekar ,Sandslashes; Eating; Humans,That he likes eating and how he gets too fat.,ISTJ,Good Perseverance,Impish,63,Normal,,None,Swords Dance,Knock Off,Icicle Crash,Iron Head,None,Loves fighting; and will be a great arm in any team.,Can't use his quills to defend herself efficiently.
FADDF225,Edana,Apollion,Goomy Sliggoo Goodra,Female,No,14/10/1983,Dragon Continent,Hetero,Switch,Bottom,28 ~ 83 ~ 199,2 ~ 16 ~ 147,Elegant Violet,Grenoble,,,ESFP,,Bold,40,Fairy,Poison,None,Endure,Protect,Acid Armor,Sludge Wave,None,Delta tank; any physical moves are futile against her.,Not many options when her teammates are getting focused on.
FB7FD2F9,Barbara,Limestone,Buneary Lopunny,Female,No,17/04/1999,Sand Continent,Hetero,Dom,Bottom,29 ~ 133,4 ~ 34,Mystic Purple,Flat Brush ,''Beauty''; Treasure; Dance Fighting,Easter Egg Jokes; Excess Fur; Beefcakes,INFP,Somewhat vain,Naughty,185,Ground,,Megaevolution,Return,High Jump Kick,Low Sweep,Ear Clap,Rising Sawblade Kick ,She kicks like a meteor.,Gets tired quickly; thrown off guard if she does little damage.
FB43879B,Sebastian,Madden,Zangoose,Male,No,01/10/1995,Fire Continent,Bi,Sub,Bottom,114,32,Elegant Violet,Memoir,,,ENFP,Alert to sounds,Quiet,100,Water,,None,Crush Claw,Facade,Knock Off,Revenge,None,Deceptively smart and cunning; knows unusual moves.,Low stats; lacks training; walled by Ghost types.
FC3E8948,Fluctus,Pennae,Noibat Noivern,Female,No,03/10/2001,Water Continent,Hetero,Sub,Bottom,43 ~ 139,6 ~ 77,Deep Green,Bedlam ,History; Art; Family Trees,Conspiracy Theories; Narcissists; Religions,ISFP,,Jolly,110,Rock,,None,Hurricane,Taunt,Roost,Switcheroo,None,Her sleight of hand allows her to cripple many foes by sneaking a Choice Scarf or Ring Target on them.,But then what? She's going to need a teammate to finish the battle properly.
FC0722C9,Sheol,Gehenna,Eevee Flareon,Female,No,25/04/2006,Sand Continent,Bi,Switch,Bottom,34 ~ 85,6 ~ 24,Clear Aquablue,Base Nine ,,,ENFP,Somewhat of a clown,Gentle,83,Ghost,,None,Flare Blitz,Superpower,Blaze Kick,Giga Impact,None,Hard physical sweeper; can do serious damage under the right conditions.,Insists on using one move only; requires healing and buffs.
