Pokedex Number,Pokemon,Item 1 Name,Item 1 Description,Item 1 Rarity,Item 2 Name,Item 2 Description,Item 2 Rarity,Item 3 Name,Item 3 Description,Item 3 Rarity,Item 4 Name,Item 4 Description,Item 4 Rarity,Item 5 Name,Item 5 Description,Item 5 Rarity
1,Bulbasaur,Bulba-Claw,Raises Attack by 5,⭐,Bulba-Fang,Raises Sp. Attack by 5,⭐,Grass-Guard,Raises Attack and Sp. Attack by 5 each,⭐⭐,Leafy Tie,Increases maximum HP by 10.,⭐⭐⭐,,,
2,Ivysaur,Ivy-Claw,Raises Attack by 5,⭐,Ivy-Fang,Raises Sp. Attack by 5,⭐,Ivy-Crest,Raises Attack and Sp. Attack by 5 each,⭐⭐,Plant Torc,Increases the amount of HP recovered through HP-draining moves.,⭐⭐⭐,,,
3,Venusaur,Venus-Claw,Raises Attack by 5,⭐,Venus-Fang,Raises Sp. Attack by 5,⭐,Venus-Seal,Raises Attack and Sp. Attack by 5 each,⭐⭐,Solar Sash,Recovers HP when hit by a Fire move.,⭐⭐⭐,,,
4,Charmander,Char-Claw,Raises Attack by 5,⭐,Char-Fang,Raises Sp. Attack by 5,⭐,Fiery Heart,Raises Attack and Sp. Attack by 5 each,⭐⭐,Heat Armlet,Increases maximum HP by 10.,⭐⭐⭐,,,
5,Charmeleon,Charme-Claw,Raises Attack by 5,⭐,Charme-Fang,Raises Sp. Attack by 5,⭐,Charme-Crest,Raises Attack and Sp. Attack by 5 each,⭐⭐,Kindle Scarf,Boosts Movement Speed by 1 during the Sunny weather condition.,⭐⭐⭐,,,
6,Charizard,Chariz-Claw,Raises Attack by 5,⭐,Chariz-Fang,Raises Sp. Attack by 5,⭐,Chariz-Seal,Raises Attack and Sp. Attack by 5 each,⭐⭐,Flame Bangle,Recovers HP when hit by a Water move.,⭐⭐⭐,,,
7,Squirtle,Squirt-Foam,Raises Defense by 3,⭐,Squirt-Card,Raises Sp. Defense by 3,⭐,Water-Guard,Raises Defense and Sp. Defense by 3 each,⭐⭐,Aqua Tie,Increases maximum HP by 10.,⭐⭐⭐,,,
8,Wartortle,Wartor-Claw,Raises Attack by 5,⭐,Wartor-Fang,Raises Sp. Attack by 5,⭐,Wartor-Crest,Raises Attack and Sp. Attack by 5 each,⭐⭐,BubbleBangle,Halves damage taken from Selfdestruct and Explosion,⭐⭐⭐,,,
9,Blastoise,Blasto-Claw,Raises Attack by 5,⭐,Blasto-Card,Raises Sp. Defense by 3,⭐,Blasto-Seal,Raises Attack by 5 and Sp. Defense by 3,⭐⭐,Hydro Band,Recovers HP when hit by an Electric move.,⭐⭐⭐,,,
10,Caterpie,Cater-Belt,Any Berry or Apple eaten will recover an extra 10 HP.,⭐⭐,,,,,,,,,,,,
11,Metapod,Defense Bow,Increases maximum HP by 10.,⭐⭐,,,,,,,,,,,,
12,Butterfree,Glittery Bow,Recovers HP when hit by a Rock move.,⭐⭐,,,,,,,,,,,,
13,Weedle,Weedle Bow,Any Berry or Apple eaten will recover an extra 10 HP.,⭐⭐,,,,,,,,,,,,
14,Kakuna,Kakuna Scarf,Makes thrown or hurled items bounce off the Pokémon.,⭐⭐,,,,,,,,,,,,
15,Beedrill,Charge Scarf,Recovers HP when hit by a Rock move.,⭐⭐,,,,,,,,,,,,
16,Pidgey,Pidgey Bow,Protects against thrown items.,⭐⭐,,,,,,,,,,,,
17,Pidgeotto,Pidgeo-Scarf,Boosts Evasion by 2 during the Clear weather condition.,⭐⭐,,,,,,,,,,,,
18,Pidgeot,Pidgeot Torc,Recovers HP when hit by a Rock move.,⭐⭐,,,,,,,,,,,,
19,Rattata,Ratta-Scarf,Reflect and Light Screen do not affect this Pokémon's moves.,⭐⭐,,,,,,,,,,,,
20,Raticate,Overcome Bow,Recovers HP when hit by a Fighting move.,⭐⭐,,,,,,,,,,,,
21,Spearow,Quirky Bow,Boosts Evasion by 2 during the Clear weather condition.,⭐⭐,,,,,,,,,,,,
22,Fearow,Wing Scarf,Recovers HP when hit by a Rock move.,⭐⭐,,,,,,,,,,,,
23,Ekans,Leash Bow,May afflict attacking enemies with a Shadow Hold status condition.,⭐⭐,,,,,,,,,,,,
24,Arbok,Shock Ruff,Recovers HP when hit by a Psychic move.,⭐⭐,,,,,,,,,,,,
25,Pikachu,Pikachu Hair,Raises Defense by 3,⭐,Pikachu Card,Raises Sp. Defense by 3,⭐,Volt Charm,Raises Defense and Sp. Defense by 3 each,⭐⭐,Volt Torc,Reflect and Light Screen do not affect this Pokémon's moves.,⭐⭐⭐,Volt Cap,May leave Pikachu with 1 HP after being hit by a fatal blow.,⭐⭐⭐
26,Raichu,Raichu Hair,Raises Defense by 3,⭐,Raichu Card,Raises Sp. Defense by 3,⭐,Raichu Crest,Raises Defense and Sp. Defense by 3 each,⭐⭐,Zapper Scarf,Recovers HP when hit by a Ground move.,⭐⭐⭐,Light Ball,Raises Attack and Sp. Attack by 7 each,⭐⭐⭐
27,Sandshrew,Sand-Scarf,Foes cannot get a critical hit on this Pokémon.,⭐⭐,,,,,,,,,,,,
28,Sandslash,Sandy Torc,Recovers HP when hit by an Grass move.,⭐⭐,,,,,,,,,,,,
29,Nidoran♀,Pointy Scarf,Adds 2 to base PP of all moves.,⭐⭐,,,,,,,,,,,,
30,Nidorina,Return Scarf,Earns the Pokémon 5 exp. points each time it is hit.,⭐⭐,,,,,,,,,,,,
31,Nidoqueen,Impact Torc,Recovers HP when hit by a Psychic move.,⭐⭐,,,,,,,,,,,,
32,Nidoran♂,Halve Scarf,Increases maxiumum HP by 10.,⭐⭐,,,,,,,,,,,,
33,Nidorino,Thorny Scarf,May restore PP of a random move upon taking any kind of damage.,⭐⭐,,,,,,,,,,,,
34,Nidoking,King Sash,Recovers HP when hit by a Psychic move.,⭐⭐,,,,,,,,,,,,
35,Clefairy,Clef-Claw,Raises Attack by 5,⭐,Clef-Fang,Raises Sp. Attack by 5,⭐,Moon Jewel,Raises Attack and Sp. Attack by 5 each,⭐⭐,Moon Scarf,Adds 2 to base PP of all moves.,⭐⭐⭐,,,
36,Clefable,Clefa-Claw,Raises Attack by 5,⭐,Clefa-Card,Raises Sp. Defense by 3,⭐,Moon Rock,Raises Attack by 5 and Sp. Defense by 3,⭐⭐,Fairy Bow,Recovers HP when hit by a Fighting move.,⭐⭐⭐,,,
37,Vulpix,Vulpix Tail,Raises Defense by 3,⭐,Vulpix Card,Raises Sp. Defense by 3,⭐,Vulpix Tag,Raises Defense and Sp. Defense by 3 each,⭐⭐,Glowing Bow,Special moves are weakened to half their strength.,⭐⭐⭐,,,
38,Ninetales,Nine-Hair,Raises Defense by 3,⭐,Nine-Card,Raises Sp. Defense by 3,⭐,Nine-Seal,Raises Defense and Sp. Defense by 3 each,⭐⭐,Afire Collar,Recovers HP when hit by a Water move.,⭐⭐⭐,,,
39,Jigglypuff,Jiggly-Song,Raises Sp. Attack by 5,⭐,Jiggly-Card,Raises Sp. Defense by 3,⭐,Slumber Rock,Raises Sp. Attack by 5 and Sp. Defense by 3,⭐⭐,Snooze Ring,May afflict attacking enemies with a Sleep status condition.,⭐⭐⭐,,,
40,Wigglytuff,Wiggly-Hair,Raises Defense by 3,⭐,Wiggly-Card,Raises Sp. Defense by 3,⭐,Buddy Rock,Raises Defense and Sp. Defense by 3 each,⭐⭐,Friend Torc,Recovers HP when hit by a Fighting move.,⭐⭐⭐,,,
41,Zubat,Dodge Bow,Boosts Evasion by 2 during the Cloudy weather condition.,⭐⭐,,,,,,,,,,,,
42,Golbat,Absorb Scarf,Increases the amount of HP recovered through HP-draining moves.,⭐⭐,,,,,,,,,,,,
43,Oddish,Odd Bow,May afflict attacking enemies with a Confused status condition.,⭐⭐,,,,,,,,,,,,
44,Gloom,Guard Hat,Increases the amount of HP recovered through HP-draining moves.,⭐⭐,,,,,,,,,,,,
45,Vileplume,Aroma Scarf,Recovers HP when hit by a Fire move.,⭐⭐,,,,,,,,,,,,
46,Paras,Moving Scarf,Pokémon cannot be inflicted with the Paralysis status condition.,⭐⭐,,,,,,,,,,,,
47,Parasect,Firm Hat,Recovers HP when hit by a Fire move.,⭐⭐,,,,,,,,,,,,
48,Venonat,Gaze Goggles,Earns the Pokémon 5 exp. points each time it is hit.,⭐⭐,,,,,,,,,,,,
49,Venomoth,Venomoth Bow,Recovers HP when hit by a Rock move.,⭐⭐,,,,,,,,,,,,
50,Diglett,Diglett Hat,Protects against thrown items.,⭐⭐,,,,,,,,,,,,
51,Dugtrio,Dugtrio Bow,Recovers HP when hit by a Grass move.,⭐⭐,,,,,,,,,,,,
52,Meowth,Meowth Claw,Raises Attack by 5,⭐,Meowth Fang,Raises Sp. Attack by 5,⭐,Coin Charm,Raises Attack and Sp. Attack by 5 each,⭐⭐,Bling Ruff,Increases maximum HP by 10.,⭐⭐⭐,,,
53,Persian,Persian Claw,Raises Attack by 5,⭐,Persian Fang,Raises Sp. Attack by 5,⭐,Insight Rock,Raises Attack and Sp. Attack by 5 each,⭐⭐,Noble Scarf,Recovers HP when hit by a Fighting move.,⭐⭐⭐,,,
54,Psyduck,Psyduck Hat,Boosts Evasion by 2 during the Clear weather condition.,⭐⭐,,,,,,,,,,,,
55,Golduck,Paddle Scarf,Recovers HP when hit by an Electric move.,⭐⭐,,,,,,,,,,,,
56,Mankey,Mankey Torc,May afflict attacking enemies with a Cringe status condition.,⭐⭐,,,,,,,,,,,,
57,Primeape,Nullify Belt,Recovers HP when hit by a Psychic move.,⭐⭐,,,,,,,,,,,,
58,Growlithe,Growl Scarf,Earns the Pokémon bonus Exp. points.,⭐⭐,,,,,,,,,,,,
59,Arcanine,Legend Bow,Recovers HP when hit by a Water move.,⭐⭐,,,,,,,,,,,,
60,Poliwag,Damp Bow,Boosts Evasion by 2 during the Rain weather condition.,⭐⭐,,,,,,,,,,,,
61,Poliwhirl,Poli-Bow,May afflict attacking enemies with a Confusion status condition.,⭐⭐,,,,,,,,,,,,
62,Poliwrath,Bold Belt,Recovers HP when hit by a Flying move.,⭐⭐,,,,,,,,,,,,
63,Abra,Predict Torc,Prevents the Pokémon's moves from being sealed.,⭐⭐,,,,,,,,,,,,
64,Kadabra,Psychic Torc,Random chance of sealing an opponent's move.,⭐⭐,,,,,,,,,,,,
65,Alakazam,Sparkle Ruff,Recovers HP when hit by a Dark move.,⭐⭐,,,,,,,,,,,,
66,Machop,Impish Band,Foes cannot get a critical hit on this Pokémon.,⭐⭐,,,,,,,,,,,,
67,Machoke,Strong Belt,Reflect and Light Screen do not affect this Pokémon's moves.,⭐⭐,,,,,,,,,,,,
68,Machamp,Machamp Belt,Recovers HP when hit by a Psychic move.,⭐⭐,,,,,,,,,,,,
69,Bellsprout,Bell-Bow,Halves damage taken from Selfdestruct and Explosion,⭐⭐,,,,,,,,,,,,
70,Weepinbell,Digest Scarf,Any Berry or Apple eaten will recover an extra 10 HP.,⭐⭐,,,,,,,,,,,,
71,Victreebel,Victree-Torc,Recovers HP when hit by a Fire move.,⭐⭐,,,,,,,,,,,,
72,Tentacool,Tangle Bow,May afflict attacking enemies with a Shadow Hold status condition.,⭐⭐,,,,,,,,,,,,
73,Tentacruel,Tenta-Cape,Recovers HP when hit by a Psychic move.,⭐⭐,,,,,,,,,,,,
74,Geodude,Geodude Torc,Increases recovery rate of HP when walking in a dungeon.,⭐⭐,,,,,,,,,,,,
75,Graveler,Rocky Torc,Eliminates any damage taken from Selfdestruct and Explosion,⭐⭐,,,,,,,,,,,,
76,Golem,Rugged Sash,Recovers HP when hit by a Grass move.,⭐⭐,,,,,,,,,,,,
77,Ponyta,Heated Bow,Boosts Movement Speed by 1 during the Sunny weather condition.,⭐⭐,,,,,,,,,,,,
78,Rapidash,Sunlight Bow,Recovers HP when hit by a Water move.,⭐⭐,,,,,,,,,,,,
79,Slowpoke,Slowpoke Hat,May reduce the Movement Speed of attacking enemies by 1 level when hit.,⭐⭐,Slowpoke Tail,Makes Food items spawn more often in dungeons,⭐⭐,,,,,,,,,
80,Slowbro,Slow-Scarf,Recovers HP when hit by a Dark move.,⭐⭐,,,,,,,,,,,,
81,Magnemite,Magne-Torc,Pokémon cannot be inflicted with the Paralysis status condition.,⭐⭐,,,,,,,,,,,,
82,Magneton,Magneton Bow,Boosts Evasion by 2 during the Cloudy weather condition.,⭐⭐,,,,,,,,,,,,
83,Farfetch'd,Bullseye Bow,Enables Fighting moves and Normal moves to inflict increased damage on Ghost Pokémon.,⭐⭐,Far Leek,Raises Critical Hit ratio by one stage,⭐⭐⭐,,,,,,,,,
84,Doduo,Buddy Torc,Hidden Stairs are more likely to appear.,⭐⭐,,,,,,,,,,,,
85,Dodrio,Fight Torc,Recovers HP when hit by a Rock move.,⭐⭐,,,,,,,,,,,,
86,Seel,Gentle Bow,May restore PP of a random move upon taking any kind of damage.,⭐⭐,,,,,,,,,,,,
87,Dewgong,North Torc,Recovers HP when hit by a Rock move.,⭐⭐,,,,,,,,,,,,
88,Grimer,Grimy Scarf,May afflict attacking enemies with a Blinker status condition.,⭐⭐,,,,,,,,,,,,
89,Muk,Slimy Bow,Recovers HP when hit by a Psychic move.,⭐⭐,,,,,,,,,,,,
90,Shellder,Shell Torc,Boosts Evasion by 2 during the Rainy weather condition.,⭐⭐,,,,,,,,,,,,
91,Cloyster,Cover Armor,Recovers HP when hit by a Rock move.,⭐⭐,,,,,,,,,,,,
92,Gastly,Gastly Veil,Boosts Evasion by 2 during the Fog weather condition.,⭐⭐,,,,,,,,,,,,
93,Haunter,Slip Scarf,Ranged moves and thrown items pass harmlessly through teammates.,⭐⭐,,,,,,,,,,,,
94,Gengar,Sunglasses,Recovers HP when hit by a Ghost move.,⭐⭐,,,,,,,,,,,,
95,Onix,Trust Brooch,Halves damage taken from Selfdestruct and Explosion,⭐⭐,,,,,,,,,,,,
96,Drowzee,Drowzee Tie,May afflict attacking enemies with a Sleep status condition.,⭐⭐,,,,,,,,,,,,
97,Hypno,Dream Coin,Recovers HP when hit by a Dark move.,⭐⭐,,,,,,,,,,,,
98,Krabby,Krabby Bow,Increases recovery rate of HP when walking in a dungeon.,⭐⭐,,,,,,,,,,,,
99,Kingler,Super Sash,Recovers HP when hit by an Electric move.,⭐⭐,,,,,,,,,,,,
100,Voltorb,Ball Scarf,Eliminates any damage taken from Selfdestruct and Explosion,⭐⭐,,,,,,,,,,,,
101,Electrode,Electro-Bow,Recovers HP when hit by a Ground move.,⭐⭐,,,,,,,,,,,,
102,Exeggcute,Repel Scarf,Prevents the Pokémon's moves from being sealed.,⭐⭐,,,,,,,,,,,,
103,Exeggutor,Exeggu-Sash,Recovers HP when hit by a Bug move.,⭐⭐,,,,,,,,,,,,
104,Cubone,Cubone Scarf,Gives Long Toss status.,⭐⭐,Thick Club,Raises Attack by 7,⭐⭐,,,,,,,,,
105,Marowak,Marowak Torc,Recovers HP when hit by a Grass move.,⭐⭐,Rare Bone,Earns the Pokémon 5 exp. points each time it is hit.,⭐⭐⭐,,,,,,,,,
106,Hitmonlee,Counter Ruff,Counters physical damage with full power.,⭐⭐⭐,,,,,,,,,,,,
107,Hitmonchan,Victory Belt,Random chance of sealing an opponent's move.,⭐⭐⭐,,,,,,,,,,,,
108,Lickitung,Licky Scarf,Kecleon Shops appear more often.,⭐⭐,,,,,,,,,,,,
109,Koffing,Koffing Bow,May afflict attacking enemies with a Blinker status condition.,⭐⭐,,,,,,,,,,,,
110,Weezing,Weez-Scarf,Recovers HP when hit by a Psychic move.,⭐⭐,,,,,,,,,,,,
111,Rhyhorn,Solid Shield,Eliminates any damage taken from Selfdestruct and Explosion,⭐⭐,,,,,,,,,,,,
112,Rhydon,Pierce Drill,Reflect and Light Screen do not affect this Pokémon's moves.,⭐⭐,,,,,,,,,,,,
113,Chansey,Chansey Song,Raises Sp. Attack by 5,⭐,Chansey Card,Raises Sp. Defense by 3,⭐,Lucky Charm,Raises Sp. Attack by 5 and Sp. Defense by 3,⭐⭐,Lucky Scarf,May restore PP of a random move upon taking any kind of damage.,⭐⭐⭐,Oval Charm,Increases chances of finding an Egg in a dungeon.,⭐⭐⭐
114,Tangela,Sticky Bow,May afflict attacking enemies with a Shadow Hold status condition.,⭐⭐,,,,,,,,,,,,
115,Kangaskhan,Kang-Apron,Hidden Stairs are more likely to appear.,⭐⭐,,,,,,,,,,,,
116,Horsea,Horsea Bow,May afflict attacking enemies with a Blinker status condition.,⭐⭐,,,,,,,,,,,,
117,Seadra,Swirl Scarf,Boosts Movement Speed by 1 during the Rain weather condition.,⭐⭐,,,,,,,,,,,,
118,Goldeen,Goldeen Bow,Boosts Movement Speed by 1 during the Rain weather condition.,⭐⭐,,,,,,,,,,,,
119,Seaking,Seaking Bow,Recovers HP when hit by an Electric move.,⭐⭐,,,,,,,,,,,,
120,Staryu,Recover Torc,Increases recovery rate of HP when walking in a dungeon.,⭐⭐,,,,,,,,,,,,
121,Starmie,Starmie Belt,Recovers HP when hit by a Dark move.,⭐⭐,,,,,,,,,,,,
122,Mr. Mime,Mime Key,Raises Defense by 3,⭐,Mime Card,Raises Sp. Defense by 3,⭐,Bulwark Rock,Raises Defense and Sp. Defense by 3 each,⭐⭐,Barrier Bow,Recovers HP when hit by a Dark move.,⭐⭐⭐,,,
123,Scyther,Scyther Fang,Raises Sp. Attack by 5,⭐,Scyther Card,Raises Sp. Defense by 3,⭐,Ambush Rock,Raises Sp. Attack by 5 and Sp. Defense by 3,⭐⭐,Strike Ruff,Protects against thrown items.,⭐⭐⭐,,,
124,Jynx,Jynx Song,Raises Sp. Attack by 5,⭐,Jynx Card,Raises Sp. Defense by 3,⭐,Frozen Ore,Raises Sp. Attack by 5 and Sp. Defense by 3,⭐⭐,Ruin Scarf,Recovers HP when hit by a Dark move.,⭐⭐⭐,,,
125,Electabuzz,Electa-Claw,Raises Attack by 5,⭐,Electa-Fang,Raises Sp. Attack by 5,⭐,Charge Seal,Raises Attack and Sp. Attack by 5 each,⭐⭐,Volt Bangle,Pokémon cannot be inflicted with the Paralysis status condition.,⭐⭐⭐,,,
126,Magmar,Magmar Claw,Raises Attack by 5,⭐,Magmar Card,Raises Sp. Defense by 3,⭐,Erupt Ore,Raises Attack by 5 and Sp. Defense by 3,⭐⭐,Magma Scarf,Boosts Movement Speed by 1 during the Sunny weather condition.,⭐⭐⭐,,,
127,Pinsir,Pinsir Sash,Reflect and Light Screen do not affect this Pokémon's moves.,⭐⭐,,,,,,,,,,,,
128,Tauros,Rushing Bow,Counters physical damage with full power.,⭐⭐,,,,,,,,,,,,
129,Magikarp,Magikarp Bow,Randomly consumes no PP when using a move.,⭐⭐,,,,,,,,,,,,
130,Gyarados,Tempest Sash,Recovers HP when hit by an Electric move.,⭐⭐,Red Scale,Raises chances of finding a Shiny Pokemon,⭐⭐⭐,,,,,,,,,
131,Lapras,Lapras Song,Raises Sp. Attack by 5,⭐,Lapras Card,Raises Sp. Defense by 3,⭐,Wavy Charm,Halves damage taken from Selfdestruct and Explosion,⭐⭐,Mystic Scarf,Recovers HP when hit by a Fire move.,⭐⭐⭐,,,
132,Ditto,Ditto Torc,Kecleon Shops appear more often.,⭐⭐,Quick Powder,Raises Movement Speed by 1 when not transformed,⭐⭐⭐,Metal Powder,Raises Defense and Sp. Defense by 7 each when not transformed,⭐⭐⭐,,,,,,
133,Eevee,Eevee Tail,Raises Defense by 3,⭐,Eevee Card,Raises Sp. Defense by 3,⭐,Evolve Charm,Earns the Pokémon bonus exp.,⭐⭐,Prism Ruff,Protects against weather damage.,⭐⭐⭐,,,
134,Vaporeon,Aqua Collar,May afflict attacking enemies with a Cringe status condition.,⭐⭐⭐,,,,,,,,,,,,
135,Jolteon,Volt Collar,May afflict attacking enemies with a Paralysis status condition.,⭐⭐⭐,,,,,,,,,,,,
136,Flareon,Fire Collar,May afflict attacking enemies with a Burn status condition.,⭐⭐⭐,,,,,,,,,,,,
137,Porygon,AI Brooch,When hit; it changes type to one that resists the attacking move.,⭐⭐,,,,,,,,,,,,
138,Omanyte,Spike Brooch,Reflect and Light Screen do not affect this Pokémon's moves.,⭐⭐,,,,,,,,,,,,
139,Omastar,Aged Scarf,Recovers HP when hit by a Grass move.,⭐⭐,,,,,,,,,,,,
140,Kabuto,Kabuto Hat,Pokémon cannot be inflicted with the Confusion status condition.,⭐⭐,,,,,,,,,,,,
141,Kabutops,Kabu-Torc,Recovers HP when hit by a Grass move.,⭐⭐,,,,,,,,,,,,
142,Aerodactyl,Old Brooch,Increases amount of PP foes use; in addition to Aerodactyl's Pressure Ability.,⭐⭐,,,,,,,,,,,,
143,Snorlax,Snorlax Gasp,Raises Sp. Attack by 5,⭐,Snorlax Fang,Raises Attack by 5,⭐,Valor Charm,Raises Attack and Sp. Attack by 5,⭐⭐,Glee Scarf,Recovers HP when hit by a Fighting move.,⭐⭐⭐,,,
144,Articuno,Freeze Veil,May leave Articuno with 1 HP after being hit by a fatal blow.,⭐⭐⭐,,,,,,,,,,,,
145,Zapdos,Thunder Veil,May leave Zapdos with 1 HP after being hit by a fatal blow.,⭐⭐⭐,,,,,,,,,,,,
146,Moltres,Fire Veil,May leave Moltres with 1 HP after being hit by a fatal blow.,⭐⭐⭐,,,,,,,,,,,,
147,Dratini,Dragon Sash,Boosts Evasion by 2 during the Fog weather condition.,⭐⭐,,,,,,,,,,,,
148,Dragonair,Aloft Mantle,Adds 2 to base PP of all moves.,⭐⭐,,,,,,,,,,,,
149,Dragonite,Mirage Cape,Recovers HP when hit by an Ice move.,⭐⭐,,,,,,,,,,,,
150,Mewtwo,Havoc Robe,Increases amount of PP foes use; in addition to Mewtwo's Pressure Ability.,⭐⭐⭐,,,,,,,,,,,,
151,Mew,Life Ring,Protects Mew from status conditions.,⭐⭐⭐,Music Box,Makes recruiting Pokemon 50% easier,⭐⭐⭐,,,,,,,,,
152,Chikorita,Chiko-Claw,Raises Attack by 5,⭐,Chiko-Card,Raises Sp. Defense by 3,⭐,Dawn Jewel,Raises Attack by 5 and Sp. Defense by 3,⭐⭐,Fresh Bow,Increases maximum HP by 10.,⭐⭐⭐,,,
153,Bayleef,Bayleef Claw,Raises Attack by 5,⭐,Bayleef Card,Raises Sp. Defense by 3,⭐,Bayleef Seal,Raises Attack by 5 and Sp. Defense by 3,⭐⭐,Spice Bow,Increases the amount of HP recovered through HP-draining moves.,⭐⭐⭐,,,
154,Meganium,Megani-Claw,Raises Attack by 5,⭐,Megani-Card,Raises Sp. Defense by 3,⭐,Shiny Charm,Raises Attack by 5 and Sp. Defense by 3,⭐⭐,Bright Veil,Recovers HP when hit by a Fire move.,⭐⭐⭐,,,
155,Cyndaquil,Cynda-Hair,Raises Sp. Defense by 3,⭐,Cynda-Claw,Raises Attack by 5,⭐,Blazing Rock,Raises Attack by 5 and Sp. Defense by 3,⭐⭐,Storm Sash,Increases maximum HP by 10.,⭐⭐⭐,,,
156,Quilava,Quila-Hair,Raises Defense by 3,⭐,Quila-Card,Raises Sp. Defense by 3,⭐,Quila-Crest,Raises Defense and Sp. Defense by 3 each,⭐⭐,Volcano Torc,Boosts Movement Speed during the Sunny weather condition.,⭐⭐⭐,,,
157,Typhlosion,Typhlo-Gasp,Raises Sp. Attack by 5,⭐,Typhlo-Fang,Raises Attack by 5,⭐,Typhlo-Seal,Raises Attack and Sp. Attack by 5 each,⭐⭐,Blast Bangle,Recovers HP when hit by a Water move.,⭐⭐⭐,,,
158,Totodile,Totodi-Dew,Raises Defense by 3,⭐,Totodi-Fang,Raises Sp. Attack by 5,⭐,Water Heart,Raises Defense by 3 and Sp. Attack by 5,⭐⭐,Wash Bow,Increases maximum HP by 10.,⭐⭐⭐,,,
159,Croconaw,Croco-Fang,Raises Sp. Attack by 5,⭐,Croco-Card,Raises Sp. Defense by 3,⭐,Swirl Rock,Raises Sp. Attack by 5 and Sp. Defense by 3,⭐⭐,Anger Scarf,Counters 1/4 of the damage a foe does back at the foe.,⭐⭐⭐,,,
160,Feraligatr,Feral-Claw,Raises Attack by 5,⭐,Feral-Fang,Raises Sp. Attack by 5,⭐,Feral-Crest,Raises Attack and Sp. Attack by 5 each,⭐⭐,Hydro Jaw,Recovers HP when hit by an Electric move.,⭐⭐⭐,,,
161,Sentret,Sentret Ruff,Boosts Movement Speed by 1 during the Cloudy weather condition.,⭐⭐,,,,,,,,,,,,
162,Furret,Body Collar,Recovers HP when hit by a Fighting move.,⭐⭐,,,,,,,,,,,,
163,Hoothoot,Expose Specs,Enables Fighting moves and Normal moves to inflict increased damage on Ghost Pokémon.,⭐⭐,,,,,,,,,,,,
164,Noctowl,Noctowl Torc,Recovers HP when hit by a Rock move.,⭐⭐,,,,,,,,,,,,
165,Ledyba,Morning Bow,Boosts Movement Speed by 1 during the Clear weather condition.,⭐⭐,,,,,,,,,,,,
166,Ledian,Ledian Bow,Recovers HP when hit by a Rock move.,⭐⭐,,,,,,,,,,,,
167,Spinarak,Spina-Scarf,May reduce the Movement Speed of attacking enemies by 1 level when hit.,⭐⭐,,,,,,,,,,,,
168,Ariados,Ariados Bow,Recovers HP when hit by an Rock move.,⭐⭐,,,,,,,,,,,,
169,Crobat,Slash Bow,Recovers HP when hit by a Rock move.,⭐⭐,,,,,,,,,,,,
170,Chinchou,Shine Torc,May afflict attacking enemies with a Paralysis status condition.,⭐⭐,,,,,,,,,,,,
171,Lanturn,Lanturn Bow,Recovers HP when hit by a Ground move.,⭐⭐,,,,,,,,,,,,
172,Pichu,Pichu Hair,Raises Defense by 3,⭐,Pichu Card,Raises Sp. Defense by 3,⭐,Express Tag,Raises Attack and Sp. Defense by 3 each,⭐⭐,Shocker Cape,Adds 2 to base PP of all moves.,⭐⭐⭐,Thundershard,Randomly consumes no PP when using a move.,⭐⭐⭐
173,Cleffa,Cleffa Dew,Raises Sp. Attack by 5,⭐,Cleffa Card,Raises Sp. Defense by 3,⭐,Starry Ore,Raises Sp. Attack by 5 and Sp. Defense by 3,⭐⭐,Comet Ring,May afflict attacking enemies with a Confused status condition.,⭐⭐⭐,Fallen Star,Raises the chance of enemies dropping boxes.,⭐⭐⭐
174,Igglybuff,Iggly-Dew,Raises Sp. Attack by 5,⭐,Iggly-Card,Raises Sp. Defense by 3,⭐,Bouncy Charm,Raises Sp. Attack by 5 and Sp. Defense by 3,⭐⭐,Pretty Bow,Increases maximum HP by 10.,⭐⭐⭐,Fluff Dust,Raises the chance of enemies dropping boxes.,⭐⭐⭐
175,Togepi,Togepi Dew,Raises Sp. Attack by 5,⭐,Togepi Card,Raises Sp. Defense by 3,⭐,Pure Heart,Raises Sp. Attack by 5 and Sp. Defense by 3,⭐⭐,Angel Scarf,Increases maximum HP by 10.,⭐⭐⭐,Egg Shard,Reflects thrown items back at the attacker.,⭐⭐⭐
176,Togetic,Togetic Wing,Raises Attack by 5,⭐,Togetic Card,Raises Sp. Defense by 3,⭐,Happy Rock,Raises Attack by 5 and Sp. Defense by 3,⭐⭐,Luck Brooch,Randomly consumes no PP when using a move.,⭐⭐⭐,Mystery Egg,Raises Critical Hit ratio by 1 stage,⭐⭐⭐
177,Natu,Lively Scarf,Hidden Stairs are more likely to appear.,⭐⭐,,,,,,,,,,,,
178,Xatu,Xatu Bow,Recovers HP when hit by a Rock move.,⭐⭐,,,,,,,,,,,,
179,Mareep,Wool Bow,Protects from the Sleep status condition.,⭐⭐,,,,,,,,,,,,
180,Flaaffy,Fluffy Scarf,Special moves are weakened to half their strength.,⭐⭐,,,,,,,,,,,,
181,Ampharos,Sacred Scarf,Recovers HP when hit by a Ground move.,⭐⭐,Secret Potion,Increases recovery rate of HP when walking in a dungeon.,⭐⭐⭐,,,,,,,,,
182,Bellossom,Bright Tiara,Protects against bad status conditions during the Sunny weather condition.,⭐⭐,,,,,,,,,,,,
183,Marill,Marill Dew,Raises Defense by 3,⭐,Marill Card,Raises Sp. Defense by 3,⭐,Surfer Rock,Raises Defense and Sp. Defense by 3 each,⭐⭐,Brine Scarf,May afflict attacking enemies with a Shadow Hold status condition.,⭐⭐⭐,,,
184,Azumarill,Azuma-Dew,Raises Defense by 3,⭐,Azuma-Card,Raises Sp. Defense by 3,⭐,Stream Charm,Raises Defense and Sp. Defense by 3 each,⭐⭐,Dotted Scarf,Recovers HP when hit by an Electric move.,⭐⭐⭐,,,
185,Sudowoodo,Sudo-Sweat,Raises Attack by 5,⭐,Sudo-Card,Raises Sp. Defense by 3,⭐,Drain Rock,Raises Attack by 5 and Sp. Defense by 3,⭐⭐,Fake Torc,Recovers HP when hit by a Steel move.,⭐⭐⭐,Squirt Bottle,Boosts Evasion by 2 during the Rainy weather condition.,⭐⭐⭐
186,Politoed,Rain Crown,Recovers HP when hit by an Electric move.,⭐⭐,,,,,,,,,,,,
187,Hoppip,Zephyr Bow,Boosts Evasion by 2 during the Sunny weather condition.,⭐⭐,,,,,,,,,,,,
188,Skiploom,Skip-Scarf,Increases recovery rate of HP when walking in a dungeon.,⭐⭐,,,,,,,,,,,,
189,Jumpluff,Cotton Torc,Recovers HP when hit by an Ice move.,⭐⭐,,,,,,,,,,,,
190,Aipom,Revenge Ruff,This Pokémon's Pickup Ability is more likely to activate.,⭐⭐,,,,,,,,,,,,
191,Sunkern,Hasty Bow,Boosts Evasion by 2 during the Sunny weather condition.,⭐⭐,,,,,,,,,,,,
192,Sunflora,Sun Scarf,Recovers HP when hit by an Fire move.,⭐⭐⭐,,,,,,,,,,,,
193,Yanma,Chitin Bow,Weather does not damage this Pokémon.,⭐⭐,,,,,,,,,,,,
194,Wooper,Wooper Bow,Weather does not damage this Pokémon.,⭐⭐,,,,,,,,,,,,
195,Quagsire,Quag-Torc,Recovers HP when hit by a Grass move.,⭐⭐,,,,,,,,,,,,
196,Espeon,Light Collar,May afflict attacking enemies with a Confused status condition.,⭐⭐⭐,,,,,,,,,,,,
197,Umbreon,Dusk Collar,May afflict attacking enemies with a Blinker status condition.,⭐⭐⭐,,,,,,,,,,,,
198,Murkrow,Murkrow Hat,Random chance of sealing an opponent's move.,⭐⭐,,,,,,,,,,,,
199,Slowking,King Cap,Special moves are weakened to half their strength.,⭐⭐,,,,,,,,,,,,
200,Misdreavus,Misdrea-Cape,May afflict attacking enemies with a Perish Song status condition.,⭐⭐,,,,,,,,,,,,
201,Unown,Cryptic Sash,May afflict attacking enemies with a Confusion status condition.,⭐⭐,,,,,,,,,,,,
202,Wobbuffet,Wobbu-Sweat,Raises Attack by 5,⭐,Wobbu-Card,Raises Sp. Defense by 3,⭐,Endure Rock,Raises Attack by 5 and Sp. Defense by 3,⭐⭐,Suffer Scarf,Recovers HP when hit by a Dark move.,⭐⭐⭐,,,
203,Girafarig,Reverse Bow,May afflict attacking enemies with a Confused status condition.,⭐⭐,,,,,,,,,,,,
204,Pineco,Robust Bow,Increases maximum HP by 10.,⭐⭐,,,,,,,,,,,,
205,Forretress,Dense Poncho,Recovers HP when hit by a Flying move.,⭐⭐,,,,,,,,,,,,
206,Dunsparce,Escape Scarf,Boosts Movement Speed by 1 during the Cloudy weather condition.,⭐⭐,,,,,,,,,,,,
207,Gligar,Takeoff Ruff,Boosts Movement Speed by 1 during the Sandstorm weather condition.,⭐⭐,,,,,,,,,,,,
208,Steelix,Quartz Torc,Recovers HP when hit by a Ground move.,⭐⭐,,,,,,,,,,,,
209,Snubbull,Snub-Cape,Randomly consumes no PP when using a move.,⭐⭐,,,,,,,,,,,,
210,Granbull,Stern Sash,Recovers HP when hit by a Fighting move.,⭐⭐,,,,,,,,,,,,
211,Qwilfish,Qwilfish Bow,Makes thrown or hurled items bounce off the Pokémon.,⭐⭐,,,,,,,,,,,,
212,Scizor,Scizor Wing,Raises Attack by 5,⭐,Scizor Card,Raises Sp. Defense by 3,⭐,Steel Charm,Raises Attack by 5 and Sp. Defense by 3,⭐⭐,Red Armlet,Recovers HP when hit by a Flying move.,⭐⭐⭐,,,
213,Shuckle,Shuckle Bow,Any Berry or Apple eaten will recover an extra 10 HP.,⭐⭐,,,,,,,,,,,,
214,Heracross,Horn Torc,Reflect and Light Screen do not affect this Pokémon's moves.,⭐⭐,,,,,,,,,,,,
215,Sneasel,Sneasel Claw,Raises Attack by 5,⭐,Sneasel Card,Raises Sp. Defense by 3,⭐,Dusk Jewel,Raises Attack by 5 and Sp. Defense by 3,⭐⭐,Cruel Ring,Prevents an Infatuated status condition.,⭐⭐⭐,,,
216,Teddiursa,Teddi-Claw,Raises Attack by 5,⭐,Teddi-Card,Raises Sp. Defense by 3,⭐,Honey Rock,Raises Attack by 5 and Sp. Defense by 3,⭐⭐,Heal Scarf,Increases recovery rate of HP when walking in a dungeon.,⭐⭐⭐,,,
217,Ursaring,Ursa-Claw,Raises Attack by 5,⭐,Ursa-Fang,Raises Sp. Attack by 5,⭐,Calming Rock,Raises Attack and Sp. Attack by 5 each,⭐⭐,Hiber Scarf,Recovers HP when hit by a Fighting move.,⭐⭐⭐,,,
218,Slugma,Lava Bow,Earns the Pokémon bonus Exp. points.,⭐⭐,,,,,,,,,,,,
219,Magcargo,Torrid Scarf,Recovers HP when hit by a Water move.,⭐⭐,,,,,,,,,,,,
220,Swinub,Frigid Bow,Earns the Pokémon bonus Exp. points,⭐⭐,,,,,,,,,,,,
221,Piloswine,Frost Torc,May afflict attacking enemies with a Frozen status condition.,⭐⭐,,,,,,,,,,,,
222,Corsola,Eager Brooch,Weather does not damage this Pokémon.,⭐⭐,,,,,,,,,,,,
223,Remoraid,Reach Bow,Gives Long Toss status.,⭐⭐,,,,,,,,,,,,
224,Octillery,Psy Bow,Recovers HP when hit by an Electric move.,⭐⭐,,,,,,,,,,,,
225,Delibird,Snow Brooch,Attacks twice in one turn during the Hail weather condition.,⭐⭐,,,,,,,,,,,,
226,Mantine,Mantine Foam,Raises Defense by 3,⭐,Mantine Card,Raises Sp. Defense by 3,⭐,Sunset Rock,Raises Defense and Sp. Defense by 3 each,⭐⭐,Horizon Bow,Recovers HP when hit by an Electric move.,⭐⭐⭐,,,
227,Skarmory,Scar-Cape,Counters physical damage with full power.,⭐⭐,,,,,,,,,,,,
228,Houndour,Dark Choker,May afflict attacking enemies with a Cringe status condition.,⭐⭐,,,,,,,,,,,,
229,Houndoom,Pit Fang,Recovers HP when hit by a Fighting move.,⭐⭐,,,,,,,,,,,,
230,Kingdra,Tornado Bow,Recovers HP when hit by a Dragon move.,⭐⭐,,,,,,,,,,,,
231,Phanpy,Phanpy Claw,Raises Attack by 5,⭐,Phanpy Card,Raises Sp. Defense by 3,⭐,Phanpy Tag,Raises Attack by 5 and Sp. Defense by 3,⭐⭐,Value Ruff,Hidden Stairs are more likely to appear.,⭐⭐⭐,,,
232,Donphan,Donphan Fang,Raises Sp. Attack by 5,⭐,Donphan Card,Raises Sp. Defense by 3,⭐,Don-Crest,Raises Sp Attack by 5 and Sp. Defense by 3,⭐⭐,Armor Scarf,Recovers HP when hit by a Grass move.,⭐⭐⭐,,,
233,Porygon2,Virtual Bow,Ranged moves and thrown items pass harmlessly through teammates.,⭐⭐,Machine Part,Raises Attack and Sp. Attack by 5 each,⭐⭐,,,,,,,,,
234,Stantler,Delusion Bow,May afflict attacking enemies with a Confused status condition.,⭐⭐,,,,,,,,,,,,
235,Smeargle,Paint Scarf,Hidden Stairs are more likely to appear.,⭐⭐,,,,,,,,,,,,
236,Tyrogue,Tyro-Sweat,Raises Attack by 5,⭐,Tyro-Card,Raises Sp. Attack by 5,⭐,Muscle Charm,Gives the Pokémon Longtoss status.,⭐⭐,Pep Sash,Earns the Pokémon 5 exp. points each time it is hit.,⭐⭐⭐,Heroic Medal,Enables Fighting moves and Normal moves to inflict increased damage on Ghost Pokémon.,⭐⭐⭐
237,Hitmontop,Power Bangle,Reflect and Light Screen do not affect this Pokémon's moves.,⭐⭐⭐,,,,,,⭐⭐,,,,,,
238,Smoochum,Smooch-Song,Raises Sp. Attack by 5,⭐,Smooch-Card,Raises Sp. Defense by 3,⭐,Kiss Charm,Raises Sp. Attack by 5 and Sp. Defense by 3,⭐⭐,Heart Tiara,May afflict attacking enemies with an Infatuated status condition.,⭐⭐⭐,Chic Shard,Enables Psychic moves to inflict increased damage on Dark Pokémon.,⭐⭐⭐
239,Elekid,Elekid Claw,Raises Attack by 5,⭐,Elekid Card,Raises Sp. Defense by 3,⭐,Jolt Charm,Raises Attack by 5 and Sp. Defense by 3,⭐⭐,Current Ring,Adds 2 to base PP of all moves.,⭐⭐⭐,Yellow Jewel,Increases maximum HP by 10.,⭐⭐⭐
240,Magby,Magby Claw,Raises Attack by 5,⭐,Magby Card,Raises Sp. Defense by 3,⭐,Ember Jewel,Raises Attack by 5 and Sp. Defense by 3,⭐⭐,Coal Ring,Adds 2 to base PP of all moves.,⭐⭐⭐,Red Jewel,Increases maximum HP by 10.,⭐⭐⭐
241,Miltank,Milky Scarf,Increases recovery rate of HP when walking in a dungeon.,⭐⭐,,,,,,,,,,,,
242,Blissey,Blissey Song,Raises Sp. Attack by 5,⭐,Blissey Card,Raises Sp. Defense by 3,⭐,Amity Rock,Raises Sp. Attack by 5 and Sp. Defense by 3,⭐⭐,Faith Ring,Recovers HP when hit by a Fighting move.,⭐⭐⭐,Lucky Punch,Raises Critical Hit ratio by 1 stage,⭐⭐⭐
243,Raikou,Bolt Fang,Reflect and Light Screen do not affect Raikou's moves.,⭐⭐⭐,,,,,,,,,,,,
244,Entei,Flare Fang,Reflect and Light Screen do not affect Entei's moves.,⭐⭐⭐,,,,,,,,,,,,
245,Suicune,Aqua Mantle,Special moves are weakened to half their strength on Suicune.,⭐⭐⭐,,,,,,,,,,,,
246,Larvitar,Larvitar Bow,May afflict attacking enemies with a Cringe status condition.,⭐⭐,,,,,,,,,,,,
247,Pupitar,Pupita-Scarf,Halves damage taken from Selfdestruct or Explosion,⭐⭐,,,,,,,,,,,,
248,Tyranitar,Crash Claw,Recovers HP when hit by a Fighting move.,⭐⭐,,,,,,,,,,,,
249,Lugia,Silver Veil,Increases amount of PP foes use; in addition to Lugia's Pressure Ability.,⭐⭐⭐,Tidal Bell,Increases maximum HP by 10.,⭐⭐⭐,Silver Koto,Attacks twice in one turn during the Sunny weather condition.,⭐⭐⭐,,,,,,
250,Ho-Oh,Rainbow Veil,Status conditions are reflected from Ho-Oh back to the user.,⭐⭐⭐,Clear Bell,Increases maximum HP by 10.,⭐⭐⭐,Gold Erhu,Attacks twice in one turn during the Rain weather condition.,⭐⭐⭐,,,,,,
251,Celebi,Chrono Veil,Restores 1 PP to all of Celebi's moves when it reaches another floor.,⭐⭐⭐,,,,,,,,,,,,
252,Treecko,Treeck-Thorn,Raises Attack by 5,⭐,Treeck-Card,Raises Sp. Defense by 3,⭐,Forest Ore,Raises Attack by 5 and Sp. Defense by 3,⭐⭐,Guard Ring,Increases maximum HP by 10.,⭐⭐⭐,,,
253,Grovyle,Grovy-Shoot,Raises Defense by 3,⭐,Grovy-Card,Raises Sp. Defense by 3,⭐,Jungle Tag,Raises Defense and Sp. Defense by 3 each,⭐⭐,Grass Blade,Counters 1/4 of the damage a foe does back at the foe.,⭐⭐⭐,,,
254,Sceptile,Scept-Claw,Raises Attack by 5,⭐,Scept-Card,Raises Sp. Defense by 3,⭐,Scept-Seal,Raises Attack by 5 and Sp. Defense by 3,⭐⭐,Drain Bangle,Recovers HP when hit by a Fire move.,⭐⭐⭐,,,
255,Torchic,Torchic Hair,Raises Defense by 3,⭐,Torchic Card,Raises Sp. Defense by 3,⭐,Hot Pebble,Raises Defense and Sp. Defense by 3 each,⭐⭐,Fire Cape,Increases maximum HP by 10.,⭐⭐⭐,,,
256,Combusken,Combus-Sweat,Raises Attack by 5,⭐,Combus-Claw,Raises Sp. Attack by 5,⭐,Charge Tag,Raises Attack and Sp. Attack by 5 each,⭐⭐,Gutsy Band, Boosts Movement Speed by 1 during the Sunny weather condition.,⭐⭐⭐,,,
257,Blaziken,Blazi-Claw,Raises Attack by 5,⭐,Blazi-Card,Raises Sp. Defense by 3,⭐,Blazi-Seal,Raises Attack by 5 and Sp. Defense by 3,⭐⭐,Blaze Torc,Recovers HP when hit by a Water move.,⭐⭐⭐,,,
258,Mudkip,Mudkip Mud,Raises Sp. Attack by 5,⭐,Mudkip Card,Raises Sp. Defense by 3,⭐,Mud Jewel,Raises Sp. Attack by 5 and Sp. Defense by 3,⭐⭐,Speed Scarf,Protects against thrown items.,⭐⭐⭐,,,
259,Marshtomp,Marsh-Mud,Raises Sp. Attack by 5,⭐,Marsh-Card,Raises Sp. Defense by 3,⭐,Marsh-Crest,Raises Sp. Attack by 5 and Sp. Defense by 3,⭐⭐,Marsh Torc,May afflict attacking enemies with a Shadow Hold status condition.,⭐⭐⭐,,,
260,Swampert,Swamp-Mud,Raises Sp. Attack by 5,⭐,Swamp-Card,Raises Sp. Defense by 3,⭐,Swamp-Seal,Raises Sp. Attack by 5 and Sp. Defense by 3,⭐⭐,Swamp Bangle,Recovers HP when hit by a Grass move.,⭐⭐⭐,,,
261,Poochyena,Pooch-Collar,Boosts Movement Speed by 1 during the Cloudy weather condition.,⭐⭐,,,,,,,,,,,,
262,Mightyena,Dark Fang,Recovers HP when hit by a Fighting move.,⭐⭐,,,,,,,,,,,,
263,Zigzagoon,Merry Scarf,This Pokémon's Pickup Ability is more likely to activate.,⭐⭐,,,,,,,,,,,,
264,Linoone,Linoone Ruff,Recovers HP when hit by a Fighting move.,⭐⭐,,,,,,,,,,,,
265,Wurmple,Wurmple Bow,Earns the Pokémon bonus Exp. points.,⭐⭐,,,,,,,,,,,,
266,Silcoon,Tough Scarf,Foes cannot get a critical hit on this Pokémon.,⭐⭐,,,,,,,,,,,,
267,Beautifly,Vivid Silk,Recovers HP when hit by a Rock move.,⭐⭐,,,,,,,,,,,,
268,Cascoon,Guard Bow,Weather does not damage this Pokémon.,⭐⭐,,,,,,,,,,,,
269,Dustox,Dustox Bow,Recovers HP when hit by a Psychic move.,⭐⭐,,,,,,,,,,,,
270,Lotad,Kelp Hat,Increases maximum HP by 10.,⭐⭐,,,,,,,,,,,,
271,Lombre,Jolly Scarf,Boosts Evasion by 2 during the Rainy weather condition.,⭐⭐,,,,,,,,,,,,
272,Ludicolo,Ludicolo Hat,Recovers HP when hit by a Bug move.,⭐⭐,,,,,,,,,,,,
273,Seedot,Seedot Hat,Increases maximum HP by 10.,⭐⭐,,,,,,,,,,,,
274,Nuzleaf,Nuzleaf Bow,Boosts Evasion by 2 during the Sunny weather condition.,⭐⭐,,,,,,,,,,,,
275,Shiftry,Shiftry Belt,Recovers HP when hit by a Bug move.,⭐⭐,,,,,,,,,,,,
276,Taillow,Taillow Bow,Earns the Pokémon 5 exp. points each time it is hit.,⭐⭐,,,,,,,,,,,,
277,Swellow,Midair Scarf,Recovers HP when hit by a Rock move.,⭐⭐,,,,,,,,,,,,
278,Wingull,Wingull Bow,May restore PP of a random move upon taking any kind of damage.,⭐⭐,,,,,,,,,,,,
279,Pelipper,Stock Scarf,Recovers HP when hit by an Electric move.,⭐⭐,,,,,,,,,,,,
280,Ralts,Sensing Hat,Adds 2 to base PP of all moves.,⭐⭐,,,,,,,,,,,,
281,Kirlia,Magical Bow,Enables Psychic moves to inflict increased damage on Dark Pokémon.,⭐⭐,,,,,,,,,,,,
282,Gardevoir,Caring Scarf,Recovers HP when hit by a Dark move.,⭐⭐,,,,,,,,,,,,
283,Surskit,Bliss Scarf,Boosts Movement Speed by 1 during the Rainy weather condition.,⭐⭐,,,,,,,,,,,,
284,Masquerain,Blocking Bow,Recovers HP when hit by a Rock move.,⭐⭐,,,,,,,,,,,,
285,Shroomish,Mobile Bow,Pokémon cannot be inflicted with the Paralysis status condition.,⭐⭐,,,,,,,,,,,,
286,Breloom,Thwart Bow,Recovers HP when hit by a Flying move.,⭐⭐,,,,,,,,,,,,
287,Slakoth,Slak-Scarf,May afflict attacking enemies with a Sleep status condition.,⭐⭐,,,,,,,,,,,,
288,Vigoroth,Vigor Sash,Reflect and Light Screen do not affect this Pokémon's moves.,⭐⭐,,,,,,,,,,,,
289,Slaking,Lazy Ruff,Recovers HP when hit by a Fighting move.,⭐⭐,,,,,,,,,,,,
290,Nincada,Novice Scarf,Increases recovery rate of HP when walking in a dungeon.,⭐⭐,,,,,,,,,,,,
291,Ninjask,Ninja Ruff,Recovers HP when hit by a Rock move.,⭐⭐,,,,,,,,,,,,
292,Shedinja,Awe Mantle,Recovers HP when hit by a Ghost move.,⭐⭐,,,,,,,,,,,,
293,Whismur,Good Earring,Adds 2 to base PP of all moves.,⭐⭐,,,,,,,,,,,,
294,Loudred,Nice Bangle,Pokémon cannot be inflicted with the Sleep status condition.,⭐⭐,,,,,,,,,,,,
295,Exploud,Great Torc,Recovers HP when hit by a Fighting move.,⭐⭐,,,,,,,,,,,,
296,Makuhita,Makuhit-Belt,Counters physical damage with full power.,⭐⭐,,,,,,,,,,,,
297,Hariyama,Thrust Belt,Recovers HP when hit by a Psychic move.,⭐⭐,,,,,,,,,,,,
298,Azurill,Azuri-Dew,Raises Sp. Attack by 5,⭐,Azuri-Card,Raises Sp. Defense by 3,⭐,Fount Charm,Raises Sp. Attack by 5 and Sp. Defense by 3,⭐⭐,Water Float,Adds 2 to base PP of all moves.,⭐⭐⭐,Blue Jewel,Increases maximum HP by 10.,⭐⭐⭐
299,Nosepass,Nose-Torc,Pokémon cannot be inflicted with the Confusion status condition.,⭐⭐,,,,,,,,,,,,
300,Skitty,Skitty Fang,Raises Sp. Attack by 5,⭐,Skitty Card,Raises Sp. Defense by 3,⭐,Smile Pebble,Raises Sp. Attack by 5 and Sp. Defense by 3,⭐⭐,Heal Pendant,Increases recovery rate of HP when walking in a dungeon.,⭐⭐⭐,,,
301,Delcatty,Delcat-Hair,Raises Sp. Defense by 3,⭐,Delcat-Fang,Raises Sp. Attack by 5,⭐,Prim Pebble,Raises Sp. Attack by 5 and Sp. Defense by 3,⭐⭐,Guard Collar,Recovers HP when hit by a Fighting move.,⭐⭐⭐,,,
302,Sableye,Sable-Scope,May afflict attacking enemies with a Blinker status condition.,⭐⭐,,,,,,,,,,,,
303,Mawile,Deceit Mask,Random chance of sealing an opponent's move.,⭐⭐,,,,,,,,,,,,
304,Aron,Iron Torc,Foes cannot get a critical hit on this Pokémon.,⭐⭐,,,,,,,,,,,,
305,Lairon,Metal Bangle,Eliminates any damage taken from Selfdestruct or Explosion,⭐⭐,,,,,,,,,,,,
306,Aggron,Iron Helmet,Recovers HP when hit by a Fighting move.,⭐⭐,,,,,,,,,,,,
307,Meditite,Intuit Bow,Boosts Evasion by 2 during the Clear weather condition.,⭐⭐,,,,,,,,,,,,
308,Medicham,Ponder Sash,Recovers HP when hit by a Ghost move.,⭐⭐,,,,,,,,,,,,
309,Electrike,Punish Torc,Counters 1/4 of the damage a foe does back at the foe.,⭐⭐,,,,,,,,,,,,
310,Manectric,Protect Mask,Recovers HP when hit by a Ground move.,⭐⭐,,,,,,,,,,,,
311,Plusle,Plusle Tail,Raises Defense by 3,⭐,Plusle Card,Raises Sp. Defense by 3,⭐,Cheer Rock,Earns the Pokemon bonus Exp. Points.,⭐⭐,Pulse Bow,May restore PP of a random move upon taking any kind of damage.,⭐⭐⭐,,,
312,Minun,Minun Tail,Raises Defense by 3,⭐,Minun Card,Raises Sp. Defense by 3,⭐,Volt Heart,Earns the Pokemon bonus Exp. Points.,⭐⭐,Spark Tie,May restore PP of a random move upon taking any kind of damage.,⭐⭐⭐,,,
313,Volbeat,Neon Scarf,Raises the chance of enemies dropping money.,⭐⭐,,,,,,,,,,,,
314,Illumise,Evening Bow,Raises the chance of enemies dropping boxes.,⭐⭐,,,,,,,,,,,,
315,Roselia,Thorned Torc,Counters 1/4 of the physical damage a foe does back at the foe.,⭐⭐,,,,,,,,,,,,
316,Gulpin,Gulpin Bow,Any Berry or Apple eaten will recover an extra 10 HP.,⭐⭐,,,,,,,,,,,,
317,Swalot,Swalot Belt,Recovers HP when hit by a Psychic move.,⭐⭐,,,,,,,,,,,,
318,Carvanha,Carva-Sash,Boosts Movement Speed by 1 during the Rain weather condition.,⭐⭐,,,,,,,,,,,,
319,Sharpedo,Vicious Bow,Recovers HP when hit by a Bug move.,⭐⭐,,,,,,,,,,,,
320,Wailmer,Spout Scarf,May restore PP of a random move upon taking any kind of damage.,⭐⭐,,,,,,,,,,,,
321,Wailord,Huge Bow,Recovers HP when hit by an Electric move.,⭐⭐,,,,,,,,,,,,
322,Numel,Numel Bow,Increases maximum HP by 10.,⭐⭐,,,,,,,,,,,,
323,Camerupt,Erupt Scarf,Recovers HP when hit by a Water move.,⭐⭐,,,,,,,,,,,,
324,Torkoal,Sooty Sash,May afflict attacking enemies with a Burn status condition.,⭐⭐,,,,,,,,,,,,
325,Spoink,Spring Bow,Raises the chance of enemies dropping money.,⭐⭐,,,,,,,,,,,,
326,Grumpig,Scheme Scarf,Recovers HP when hit by a Dark move.,⭐⭐,,,,,,,,,,,,
327,Spinda,Hula Bow,Raises the chance of enemies dropping boxes.,⭐⭐,Soot Sack,Food items spawn more often in dungeons,⭐⭐,,,,,,,,,
328,Trapinch,Desert Bow,Boosts Evasion by 2 during the Sandstorm weather condition.,⭐⭐,,,,,,,,,,,,
329,Vibrava,Vibra Scarf,Pokémon cannot be inflicted with the Sleep status condition.,⭐⭐,,,,,,,,,,,,
330,Flygon,Red Glasses,Recovers HP when hit by an Ice move.,⭐⭐,,,,,,,,,,,,
331,Cacnea,Desert Sash,Boosts Movement Speed by 1 during the Sandstorm weather condition.,⭐⭐,,,,,,,,,,,,
332,Cacturne,Cacturne Hat,Recovers HP when hit by a Bug move.,⭐⭐,,,,,,,,,,,,
333,Swablu,Tuft Bow,Prevents the Pokémon's stats from being lowered by enemies or traps.,⭐⭐,,,,,,,,,,,,
334,Altaria,Cloud Ruff,Recovers HP when hit by an Ice move.,⭐⭐,,,,,,,,,,,,
335,Zangoose,Strong Sash,Counters physical damage with full power.,⭐⭐,,,,,,,,,,,,
336,Seviper,Seviper Bow,May afflict attacking enemies with a Cringe status condition.,⭐⭐,,,,,,,,,,,,
337,Lunatone,Lunaton-Torc,May restore PP of a random move upon taking any kind of damage.,⭐⭐,,,,,,,,,,,,
338,Solrock,Solrock Bow,Randomly consumes no PP when using a move.,⭐⭐,,,,,,,,,,,,
339,Barboach,Soak Scarf,Boosts Evasion by 2 during the Rainy weather condition.,⭐⭐,,,,,,,,,,,,
340,Whiscash,Whiscash Bow,Recovers HP when hit by a Grass move.,⭐⭐,,,,,,,,,,,,
341,Corphish,Bossy Scarf,May afflict attacking enemies with a Cringe status condition.,⭐⭐,,,,,,,,,,,,
342,Crawdaunt,Cower Sash,Recovers HP when hit by a Bug move.,⭐⭐,,,,,,,,,,,,
343,Baltoy,Bal-Brooch,Random chance of sealing an opponent's move.,⭐⭐,,,,,,,,,,,,
344,Claydol,Claydol Torc,Recovers HP when hit by a Dark move.,⭐⭐,,,,,,,,,,,,
345,Lileep,Bind Scarf,May afflict attacking enemies with a Shadow Hold status condition.,⭐⭐,,,,,,,,,,,,
346,Cradily,Cradily Bow,Recovers HP when hit by a Steel move.,⭐⭐,,,,,,,,,,,,
347,Anorith,Guard Claw,Increases maximum HP by 10.,⭐⭐,,,,,,,,,,,,
348,Armaldo,Rigid Cape,Recovers HP when hit by a Water move.,⭐⭐,,,,,,,,,,,,
349,Feebas,Admire Scarf,Raises the chance of enemies dropping money.,⭐⭐,,,,,,,,,,,,
350,Milotic,Grace Scarf,Recovers HP when hit by an Electric move.,⭐⭐,,,,,,,,,,,,
351,Castform,Cast-Dew,Raises Defense by 3,⭐,Cast-Card,Raises Sp. Defense by 3,⭐,Cloud Rock,Eliminates any damage taken from Selfdestruct or Explosion,⭐⭐,Weather Cape,Prevents all status conditions during the Clear weather condition.,⭐⭐⭐,,,
352,Kecleon,Kecleon Torc,Kecleon Shops appear more often.,⭐⭐,,,,,,,,,,,,
353,Shuppet,Shuppet Cape,Boosts Evasion by 2 during the Cloudy weather condition.,⭐⭐,,,,,,,,,,,,
354,Banette,Ominous Torc,Recovers HP when hit by a Ghost move.,⭐⭐,,,,,,,,,,,,
355,Duskull,Duskull Ruff,Protects from the Sleep status condition.,⭐⭐,,,,,,,,,,,,
356,Dusclops,Illusion Bow,May afflict attacking enemies with a Sleep status condition.,⭐⭐,,,,,,,,,,,,
357,Tropius,Tropius Bow,May afflict attacking enemies with a Poison; Paralysis; or Sleep status condition.,⭐⭐,,,,,,,,,,,,
358,Chimecho,Chime-Scarf,Recovers HP when hit by a Dark move.,⭐⭐,,,,,,,,,,,,
359,Absol,Perish Torc,May afflict attacking enemies with a Perish Song status condition.,⭐⭐,,,,,,,,,,,,
360,Wynaut,Wynaut Tail,Raises Defense by 3,⭐,Wynaut Card,Raises Sp. Defense by 3,⭐,Grin Charm,Raises Defense and Sp. Defense by 3 each,⭐⭐,Cheery Scarf,Increases maximum HP by 10.,⭐⭐⭐,Laugh Dust,Raises the chance of enemies dropping boxes.,⭐⭐⭐
361,Snorunt,Chilly Hat,May afflict attacking enemies with a Frozen status condition.,⭐⭐,,,,,,,,,,,,
362,Glalie,Hail Scarf,Recovers HP when hit by a Fire move.,⭐⭐,,,,,,,,,,,,
363,Spheal,Sleet Bow,May afflict attacking enemies with a Frozen status condition.,⭐⭐,,,,,,,,,,,,
364,Sealeo,Safe Scarf,Boosts Movement Speed by 1 during the Hail weather condition.,⭐⭐,,,,,,,,,,,,
365,Walrein,Walrein Torc,Recovers HP when hit by an Electric move.,⭐⭐,,,,,,,,,,,,
366,Clamperl,Clam-Brooch,Halves damage taken from Selfdestruct or Explosion,⭐⭐,,,,,,,,,,,,
367,Huntail,Deep Torc,Recovers HP when hit by a Grass move.,⭐⭐,,,,,,,,,,,,
368,Gorebyss,Gore-Scarf,Recovers HP when hit by an Electric move.,⭐⭐,,,,,,,,,,,,
369,Relicanth,Reli-Torc,Prevents the Pokémon's moves from being sealed.,⭐⭐,,,,,,,,,,,,
370,Luvdisc,Luvdisc Torc,May afflict attacking enemies with an Infatuation status condition.,⭐⭐,,,,,,,,,,,,
371,Bagon,Crag Helmet,Foes cannot get a critical hit on this Pokémon.,⭐⭐,,,,,,,,,,,,
372,Shelgon,Outlast Bow,Eliminates any damage taken from Selfdestruct or Explosion,⭐⭐,,,,,,,,,,,,
373,Salamence,Sala-Cape,Recovers HP when hit by an Ice move.,⭐⭐,,,,,,,,,,,,
374,Beldum,Beldum Torc,Eliminates any damage taken from Selfdestruct or Explosion,⭐⭐,,,,,,,,,,,,
375,Metang,Metang Scarf,Enables Psychic moves to inflict increased damage on Dark Pokémon.,⭐⭐,,,,,,,,,,,,
376,Metagross,Meta-Torc,Recovers HP when hit by a Ground move.,⭐⭐,,,,,,,,,,,,
377,Regirock,Rock Sash,Physical moves are weakened to half their strength on Regirock.,⭐⭐⭐,,,,,,,,,,,,
378,Regice,Ice Sash,Physical moves are weakened to half their strength on Regice.,⭐⭐⭐,,,,,,,,,,,,
379,Registeel,Steel Sash,Physical moves are weakened to half their strength on Registeel.,⭐⭐⭐,,,,,,,,,,,,
380,Latias,Heart Brooch,May inflict Latias with an Invisible status condition when attacked.,⭐⭐⭐,Eon Flute,Raises Speed by 10,⭐⭐⭐,Soul Dew,Raises Sp. Attack by 7 and Sp. Defense by 7,⭐⭐⭐,,,,,,
381,Latios,Eon Veil,May increase Latios' Movement Speed by 1 when attacked.,⭐⭐⭐,Enigma Stone,Raises Max HP by 10,⭐⭐⭐,Stealth Plate,Raises Sp. Attack by 7 and Sp. Defense by 7,⭐⭐⭐,,,,,,
382,Kyogre,Seabed Veil,Kyogre can attack twice in one turn during the Rain weather condition.,⭐⭐⭐,Blue Orb,Activates Primal Reversion,⭐⭐⭐,,,,,,,,,
383,Groudon,Terra Ring,Groudon can attack twice in one turn during the Sunny weather condition.,⭐⭐⭐,Red Orb,Activates Primal Reversion,⭐⭐⭐,,,,,,,,,
384,Rayquaza,SkyHigh Veil,Rayquaza can attack twice in one turn during the Clear weather condition.,⭐⭐⭐,Meteor Shard,Activates Megaevolution when using Dragon Ascent,⭐⭐⭐,Jade Orb,Nullifies Primal Reversion to any Pokemon in the Dungeon,⭐⭐⭐,,,,,,
385,Jirachi,Wish Mantle,Completely restores Jirachi's HP when entering a new floor.,⭐⭐⭐,Wish Stone,Spawns a Treasure item at the final floor of any Dungeon,⭐⭐⭐,,,,,,,,,
386,Deoxys,Revive Robe,Increases amount of PP foes use; in addition to Deoxys' Pressure Ability.,⭐⭐⭐,Meteorite,Counters 1/4 of the damage a foe does back at the foe.,⭐⭐⭐,,,,,,,,,
387,Turtwig,Lucky Leaf,Raises Defense by 3,⭐,Turtwig Card,Raises Sp. Defense by 3,⭐,Sprout Rock,Raises Defense and Sp. Defense by 3 each,⭐⭐,Leafy Hat,Increases maximum HP by 10.,⭐⭐⭐,,,
388,Grotle,Grotle Twig,Raises Defense by 3,⭐,Grotle Claw,Raises Attack by 5,⭐,Grotle Crest,Raises Attack by 5 and Defense by 3,⭐⭐,Woody Scarf,Increases the amount of HP recovered through HP-draining moves.,⭐⭐⭐,,,
389,Torterra,Tort-Claw,Raises Sp. Attack by 5,⭐,Tort-Horn,Raises Attack by 5,⭐,Tort-Seal,Raises Attack and Sp. Attack by 5 each,⭐⭐,Forest Torc,Recovers HP when hit by a Grass move.,⭐⭐⭐,,,
390,Chimchar,Chim-Hair,Raises Sp. Defense by 3,⭐,Chim-Fang,Raises Sp. Attack by 5,⭐,Nimble Charm,Raises Sp. Attack by 5 and Sp. Defense by 3,⭐⭐,Ember Cap,May afflict attacking enemies with a Burn status condition.,⭐⭐⭐,,,
391,Monferno,Monfer-Hair,Raises Sp. Defense by 3,⭐,Monfer-Fang,Raises Sp. Attack by 5,⭐,Monfer-Crest,Raises Sp. Attack by 5 and Sp. Defense by 3,⭐⭐,Burst Sash,Boosts Movement Speed by 1 during the Sunny weather condition.,⭐⭐⭐,,,
392,Infernape,Infern-Hair,Raises Sp. Defense by 3,⭐,Infern-Fang,Raises Sp. Attack by 5,⭐,Infern-Seal,Raises Sp. Attack by 5 and Sp. Defense by 3,⭐⭐,Blazing Ruff,Recovers HP when hit by a Water move.,⭐⭐⭐,,,
393,Piplup,Piplup Foam,Raises Defense by 3,⭐,Piplup Card,Raises Sp. Defense by 3,⭐,Sea Ore,Raises Defense and Sp. Defense by 3 each,⭐⭐,Water Cape,Increases maximum HP by 10.,⭐⭐⭐,,,
394,Prinplup,Prin-Foam,Raises Defense by 3,⭐,Prin-Card,Raises Sp. Defense by 3,⭐,Prin-Crest,Raises Defense and Sp. Defense by 3 each,⭐⭐,Aqua Blade,Counters 1/4 of the damage a foe does back at the foe.,⭐⭐⭐,,,
395,Empoleon,Empol-Claw,Raises Sp. Attack by 5,⭐,Empol-Horn,Raises Attack by 5,⭐,Empol-Seal,Raises Attack and Sp. Attack by 5 each,⭐⭐,Marine Crown,Recovers HP when hit by a Ground move.,⭐⭐⭐,,,
396,Starly,Starly Bow,May afflict attacking enemies with a Confused status condition.,⭐⭐,,,,,,,,,,,,
397,Staravia,Regret Torc,Foes cannot get a critical hit on this Pokémon.,⭐⭐,,,,,,,,,,,,
398,Staraptor,Guts Sash,Recovers HP when hit by a Rock move.,⭐⭐,,,,,,,,,,,,
399,Bidoof,Bidoof Tooth,Raises Attack by 5,⭐,Bidoof Card,Raises Sp. Defense by 3,⭐,Fall Charm,Raises Attack by 5 and Sp. Defense by 3,⭐⭐,Stolid Scarf,Protects from the Infatuated status condition.,⭐⭐⭐,,,
400,Bibarel,Biba-Tooth,Raises Attack by 5,⭐,Biba-Card,Raises Sp. Defense by 3,⭐,River Charm,Raises Attack by 5 and Sp. Defense by 3,⭐⭐,Dam Scarf,Recovers HP when hit by an Electric move.,⭐⭐⭐,,,
401,Kricketot,Still Bow,Increases maximum HP by 10.,⭐⭐,,,,,,,,,,,,
402,Kricketune,Kricke-Torc,Recovers HP when hit by a Flying move.,⭐⭐,,,,,,,,,,,,
403,Shinx,Shinx Claw,Raises Attack by 5,⭐,Shinx Fang,Raises Sp. Attack by 5,⭐,Flash Tag,Raises Attack and Sp. Attack by 5 each,⭐⭐,Energy Scarf,Adds 2 to base PP of all moves.,⭐⭐⭐,,,
404,Luxio,Luxio Claw,Raises Attack by 5,⭐,Luxio Fang,Raises Sp. Attack by 5,⭐,Spark Tag,Raises Attack and Sp. Attack by 5 each,⭐⭐,Spark Scarf,May afflict attacking enemies with a Paralysis status condition.,⭐⭐⭐,,,
405,Luxray,Luxray Claw,Raises Attack by 5,⭐,Luxray Fang,Raises Sp. Attack by 5,⭐,Glare Tag,Raises Attack and Sp. Attack by 5 each,⭐⭐,Glare Sash,Recovers HP when hit by a Ground move.,⭐⭐⭐,,,
406,Budew,Budew Scarf,May restore PP of a random move upon taking any kind of damage.,⭐⭐,,,,,,,,,,,,
407,Roserade,Bouquet Cape,Recovers HP when hit by a Fire move.,⭐⭐,,,,,,,,,,,,
408,Cranidos,Hard Helmet,Ignores Reflect and Light Screen.,⭐⭐,,,,,,,,,,,,
409,Rampardos,Skull Helmet,Recovers HP when hit by a Steel move.,⭐⭐,,,,,,,,,,,,
410,Shieldon,Rebound Bow,Makes thrown or hurled items bounce off the Pokémon.,⭐⭐,,,,,,,,,,,,
411,Bastiodon,Block Brooch,Recovers HP when hit by a Fighting move.,⭐⭐,,,,,,,,,,,,
412,Burmy,Straw Cape,Increases maximum HP by 10.,⭐⭐,,,,,,,,,,,,
413,Wormadam,Worma-Bow,May afflict attacking enemies with a Poisoned; a Paralysis; or a Sleep status condition. ,⭐⭐,,,,,,,,,,,,
414,Mothim,Mothim Bow,Recovers HP when hit by a Rock move.,⭐⭐,,,,,,,,,,,,
415,Combee,Nectar Bow,Foes are more likely to drop boxes.,⭐⭐,,,,,,,,,,,,
416,Vespiquen,Vespi-Torc,Recovers HP when hit by a Rock move.,⭐⭐,,,,,,,,,⭐⭐⭐,,,
417,Pachirisu,Pachi-Tooth,Raises Attack by 5,⭐,Pachi-Card,Raises Sp. Defense by 3,⭐,Rouse Charm,Raises Attack by 5 and Sp. Defense by 3,⭐⭐,Miracle Bow,Recovers HP when hit by a Ground move.,⭐⭐⭐,,,
418,Buizel,Buizel Fang,Raises Sp. Attack by 5,⭐,Buizel Card,Raises Sp. Defense by 3,⭐,Swimmer Rock,Raises Sp. Attack by 5 and Sp. Defense by 3,⭐⭐,Screw Torc,Boosts Movement Speed by 1 during the Rain weather condition.,⭐⭐⭐,,,
419,Floatzel,Float-Fang,Raises Sp. Attack by 5,⭐,Float-Card,Raises Sp. Defense by 3,⭐,Rescue Rock,Raises Sp. Attack by 5 and Sp. Defense by 3,⭐⭐,Float Aid,Recovers HP when hit by an Electric move.,⭐⭐⭐,,,
420,Cherubi,Cherubi Seed,Raises Defense by 3,⭐,Cherubi Card,Raises Sp. Defense by 3,⭐,Cute Ore,Raises Defense and Sp. Defense by 3 each,⭐⭐,Charm Bow,Increases maximum HP by 10.,⭐⭐⭐,,,
421,Cherrim,Cherrim Dew,Raises Defense by 3,⭐,Cherrim Card,Raises Sp. Defense by 3,⭐,Sweet Aroma,Raises Defense and Sp. Defense by 3 each,⭐⭐,Petal Dress,Recovers HP when hit by a Fire move.,⭐⭐⭐,,,
422,Shellos,Awake Bow,Boosts Movement Speed by 1 during the Rainy weather condition.,⭐⭐,,,,,,,,,,,,
423,Gastrodon,Gastro-Torc,Recovers HP when hit by a Grass move. ,⭐⭐,,,,,,,,,,,,
424,Ambipom,Ambipom Bow,Recovers HP when hit by a Fighting move.,⭐⭐,,,,,,,,,,,,
425,Drifloon,Drifloo-Gasp,Raises Sp. Attack by 5,⭐,Drifloo-Card,Raises Sp. Defense by 3,⭐,Wind Heart,Raises Sp. Attack by 5 and Sp. Defense by 3,⭐⭐,Draft Ring,Protects against thrown items.,⭐⭐⭐,,,
426,Drifblim,Drifbli-Gasp,Raises Sp. Attack by 5,⭐,Drifbli-Card,Raises Sp. Defense by 3,⭐,Easy Charm,Raises Sp. Attack by 5 and Sp. Defense by 3,⭐⭐,Breeze Scarf,Recovers HP when hit by a Ghost move.,⭐⭐⭐,,,
427,Buneary,Defrost Ruff,Protects the Pokemon from a Frozen status.,⭐⭐,,,,,,,,,,,,
428,Lopunny,Allure Coat,Recovers HP when hit by a Fighting move.,⭐⭐,,,,,,,,,,,,
429,Mismagius,Magic Hat,Recovers HP when hit by a Ghost move.,⭐⭐,,,,,,,,,,,,
430,Honchkrow,Honch-Cape,Recovers HP when hit by an Electric move.,⭐⭐,,,,,,,,,,,,
431,Glameow,Glameow Bow,Attacker may become infatuated.,⭐⭐,,,,,,,,,,,,
432,Purugly,Scary Belt,Recovers HP when hit by a Fighting move.,⭐⭐,,,,,,,,,,,,
433,Chingling,Ching-Torc,Kecleon Shops appear more often.,⭐⭐,,,,,,,,,,,,
434,Stunky,Stinky Scarf,May afflict attacking enemies with a Cringe status condition.,⭐⭐,,,,,,,,,,,,
435,Skuntank,Stench Sash,Recovers HP when hit by a Ground move.,⭐⭐,,,,,,,,,,,,
436,Bronzor,Image Brooch,May afflict attacking enemies with a Blinker status condition.,⭐⭐,,,,,,,,,,,,
437,Bronzong,Mirror Torc, Recovers HP when hit by a Ghost move.,⭐⭐,,,,,,,,,,,,
438,Bonsly,Bonsly Dew,Raises Sp. Attack by 5,⭐,Bonsly Card,Raises Sp. Defense by 3,⭐,Arid Tag,Raises Sp. Attack by 5 and Sp. Defense by 3,⭐⭐,Teary Cape,Foes cannot get a critical hit on this Pokémon.,⭐⭐⭐,Guard Sand,Increases maximum HP by 10.,⭐⭐⭐
439,Mime Jr.,Junior Beam,Raises Sp. Attack by 5,⭐,Junior Card,Raises Sp. Defense by 3,⭐,Mimic Pebble,Raises Sp. Attack by 5 and Sp. Defense by 3,⭐⭐,Copy Mask,Earns the Pokémon 5 exp. points each time it is hit.,⭐⭐⭐,Purple Jewel,Enables Psychic moves to inflict increased damage on Dark Pokémon.,⭐⭐⭐
440,Happiny,Happiny Dew,Raises Sp. Attack by 5,⭐,Happiny Card,Raises Sp. Defense by 3,⭐,Play Tag,Raises Sp. Attack by 5 and Sp. Defense by 3,⭐⭐,Nurture Cape,Earns the Pokémon 5 exp. points each time it is hit.,⭐⭐⭐,White Jewel,Raises the chance of enemies dropping boxes.,⭐⭐⭐
441,Chatot,Chatot Scarf,May make the Pokémon bounce received moves back at the attacker.,⭐⭐,,,,,,,,,,,,
442,Spiritomb,Shadow Veil,Prevents Spiritomb's moves from being sealed.,⭐⭐⭐,Odd Keystone,Protects against thrown items.,⭐⭐⭐,,,,,,,,,
443,Gible,Gible Fang,Raises Sp. Attack by 5,⭐,Gible Card,Raises Sp. Defense by 3,⭐,Dragon Jewel,Raises Sp. Attack by 5 and Sp. Defense by 3,⭐⭐,Dragon Tie,Increases maximum HP by 10.,⭐⭐⭐,,,
444,Gabite,Gabite Claw,Raises Attack by 5,⭐,Gabite Fang,Raises Sp. Attack by 5,⭐,Star Rock,Raises Attack and Sp. Attack by 5 each,⭐⭐,Meteor Torc,Reflect and Light Screen do not affect this Pokémon's moves.,⭐⭐⭐,,,
445,Garchomp,Gar-Claw,Raises Attack by 5,⭐,Gar-Fang,Raises Sp. Attack by 5,⭐,Speed Tag,Raises Attack and Sp. Attack by 5 each,⭐⭐,Mach Scarf,Recovers HP when hit by a Dragon move.,⭐⭐⭐,Old Charm,Recovers HP when hit by a Fairy move.,⭐⭐⭐
446,Munchlax,Munch-Drool,Raises Sp. Attack by 5,⭐,Munch-Claw,Raises Attack by 5,⭐,Tummy Charm,Raises Attack and Sp. Attack by 5 each,⭐⭐,Glutton Cape,Increases maximum HP by 10.,⭐⭐⭐,,,
447,Riolu,Riolu Tail,Raises Defense by 3,⭐,Riolu Card,Raises Sp. Defense by 3,⭐,Valiant Rock,Raises Defense and Sp. Defense by 3 each,⭐⭐,Emit Ring,Enables Fighting moves and Normal moves to inflict increased damage on Ghost Pokémon.,⭐⭐⭐,Brave Dust,Raises the chance of enemies dropping boxes.,⭐⭐⭐
448,Lucario,Lucario Fang,Raises Sp. Attack by 5,⭐,Lucario Card,Raises Sp. Defense by 3,⭐,Pledge Rock,Raises Sp. Attack by 5 and Sp. Defense by 3,⭐⭐,Ravage Ring,Recovers HP when hit by a Psychic move.,⭐⭐⭐,,,
449,Hippopotas,Thick Scarf,Boosts Evasion by 2 during the Sandstorm weather condition.,⭐⭐,,,,,,,,,,,,
450,Hippowdon,Grit Veil,Recovers HP when hit by a Grass move.,⭐⭐,,,,,,,,,,,,
451,Skorupi,Skorupi Bow,May afflict attacking enemies with a Shadow Hold status condition.,⭐⭐,,,,,,,,,,,,
452,Drapion,Dust Scarf,Recovers HP when hit by a Ground move.,⭐⭐,,,,,,,,,,,,
453,Croagunk,Croa-Torc,Foes are more likely to drop boxes.,⭐⭐,,,,,,,,,,,,
454,Toxicroak,Toxi-Belt,Recovers HP when hit by a Psychic move.,⭐⭐,,,,,,,,,,,,
455,Carnivine,Carni-Bow,Any Berry or Apple eaten will recover an extra 10 HP.,⭐⭐,,,,,,,,,,,,
456,Finneon,Swim Bow,Boosts Movement Speed by 1 during the Rainy weather condition.,⭐⭐,,,,,,,,,,,,
457,Lumineon,Lumi-Torc,Recovers HP when hit by an Electric move.,⭐⭐,,,,,,,,,,,,
458,Mantyke,Mantyke Beam,Raises Sp. Attack by 5,⭐,Mantyke Card,Raises Sp. Defense by 3,⭐,Waft Rock,Raises Sp. Attack by 5 and Sp. Defense by 3,⭐⭐,Ocean Bow,Increases maximum HP by 10.,⭐⭐⭐,Heal Dew,Increases recovery rate of HP when walking in a dungeon,⭐⭐⭐
459,Snover,Snowy Torc,Attacks twice in one turn during the Hail weather condition.,⭐⭐,,,,,,,,,,,,
460,Abomasnow,Frozen Cape,Recovers HP when hit by a Fire move.,⭐⭐,,,,,,,,,,,,
461,Weavile,Weavile Claw,Raises Attack by 5,⭐,Weavile Fang,Raises Sp. Attack by 5,⭐,Vile Tag,Raises Attack and Sp. Attack by 5 each,⭐⭐,Ruin Armlet,Recovers HP when hit by a Fighting move.,⭐⭐⭐,,,
462,Magnezone,Builder Sash,Recovers HP when hit by a Ground move.,⭐⭐,,,,,,,,,,,,
463,Lickilicky,Flabby Belt,Recovers HP when hit by a Fighting move.,⭐⭐,,,,,,,,,,,,
464,Rhyperior,Rhyperi-Torc,Recovers HP when hit by a Grass move.,⭐⭐,,,,,,,,,,,,
465,Tangrowth,Clinging Bow,Recovers HP when hit by a Fire move.,⭐⭐,,,,,,,,,,,,
466,Electivire,Electi-Claw,Raises Attack by 5,⭐,Electi-Card,Raises Sp. Defense by 3,⭐,Voltaic Rock,Raises Attack by 5 and Sp. Defense by 3,⭐⭐,Voltaic Band,Recovers HP when hit by a Ground move.,⭐⭐⭐,,,
467,Magmortar,Magmor-Claw,Raises Attack by 5,⭐,Magmor-Card,Raises Sp. Defense by 3,⭐,Vulcan Rock,Raises Attack by 5 and Sp. Defense by 3,⭐⭐,Burning Torc,Recovers HP when hit by a Water move.,⭐⭐⭐,,,
468,Togekiss,Togek-Wing,Raises Attack by 5,⭐,Togek-Card,Raises Sp. Defense by 3,⭐,Ovation Rock,Raises Attack by 5 and Sp. Defense by 3,⭐⭐,Glitter Robe,Recovers HP when hit by an Electric move.,⭐⭐⭐,,,
469,Yanmega,Yanmega Bow,Recovers HP when hit by a Rock move.,⭐⭐,,,,,,,,,,,,
470,Leafeon,Virid Collar,May afflict attacking enemies with a Poisoned; a Paralysis; or a Sleep status condition.,⭐⭐⭐,,,,,,,,,,,,
471,Glaceon,Icy Collar,May afflict attacking enemies with a Frozen status condition.,⭐⭐⭐,,,,,,,,,,,,
472,Gliscor,Gliscor Cape,Recovers HP when hit by an Ice move.,⭐⭐,,,,,,,,,,,,
473,Mamoswine,Glacier Cape,Recovers HP when hit by a Steel move.,⭐⭐,,,,,,,,,,,,
474,Porygon-Z,Best Scarf,Recovers HP when hit by a Fighting move.,⭐⭐,,,,,,,,,,,,
475,Gallade,Gallant Torc,Recovers HP when hit by a Ghost move.,⭐⭐,,,,,,,,,,,,
476,Probopass,Probo-Hat,Recovers HP when hit by a Fighting move.,⭐⭐,,,,,,,,,,,,
477,Dusknoir,Unlucky Sash,Recovers HP when hit by a Ghost move.,⭐⭐,,,,,,,,,,,,
478,Froslass,Froslass Bow,Recovers HP when hit by a Dark move.,⭐⭐,,,,,,,,,,,,
479,Rotom,Plasma Veil,May afflict attacking enemies with a Paralysis status condition.,⭐⭐⭐,Secret Key,Shifts Rotom into a random Appliance.,⭐⭐⭐,,,,,,,,,
480,Uxie,Edify Robe,If Uxie is attacked when it has little health; it may warp to a different area on the same floor.,⭐⭐⭐,,,,,,,,,,,,
481,Mesprit,Charity Robe,If Mesprit is attacked when it has little health; it may warp to a different area on the same floor.,⭐⭐⭐,,,,,,,,,,,,
482,Azelf,Hope Robe,If Azelf is attacked when it has little health; it may warp to a different area on the same floor.,⭐⭐⭐,,,,,,,,,,,,
483,Dialga,Time Shield,Physical moves are weakened to half their strength on Dialga.,⭐⭐⭐,Adamant Orb,Activates Primal Reversion,⭐⭐⭐,,,,,,,,,
484,Palkia,Air Blade,Boosts damage Palkia inflicts by 1.5 times.,⭐⭐⭐,Lustrous Orb,Activates Primal Reversion,⭐⭐⭐,,,,,,,,,
485,Heatran,Searing Ring,Completely restores Heatran's HP when entering a new floor.,⭐⭐⭐,Magma Stone,Attacks twice in one turn during the Sunny weather condition.,⭐⭐⭐,,,,,,,,,
486,Regigigas,Ancient Ring,Protects Regigigas from status conditions.,⭐⭐⭐,,,,,,,,,,,,
487,Giratina,Nether Veil,May afflict attacking foes with a Constricted status condition.,⭐⭐⭐,Griseous Orb,Activates Origin Forme,⭐⭐⭐,Red Chain,Nullifies Primal Reversion to any Pokemon in the Dungeon,⭐⭐⭐,,,,,,
488,Cresselia,Lunar Veil,When moves that increase stats are used on Cresselia; the rest of the party also gets the effects.,⭐⭐⭐,Lunar Wing,Immune to Sleep; Yawn; Napping; and Nightmare,⭐⭐⭐,,,,,,,,,
489,Phione,Phione Song,Raises Defense by 3,⭐,Phione Card,Raises Sp. Defense by 3,⭐,Wave Jewel,Raises Defense and Sp. Defense by 3 each,⭐⭐,Ripple Cape,Recovers HP when Phione enters a water terrain.,⭐⭐⭐,Marine Cache,Heals status conditions when Phione enters a water terrain.,⭐⭐⭐
490,Manaphy,Tidal Cape,Recovers HP when Manaphy enters a water terrain.,⭐⭐⭐,Wonder Gem,Doubles maximum HP when a Phione is nearby.,⭐⭐⭐,,,,,,,,,
491,Darkrai,Eclipse Robe,May afflict attacking enemies with a Nightmare status condition.,⭐⭐⭐,Dark Veil,Avoids waking up sleeping Pokemon,⭐⭐⭐,,,,,,,,,
492,Shaymin,Purify Veil,Cures allies' poisoned or badly poisoned conditions and restores 10HP to Shaymin.,⭐⭐,Gracidea,Activates Sky Forme,⭐⭐⭐,,,,,,,,,
493,Arceus,Azure Flute,Protects Arceus from status conditions.,⭐⭐⭐,Spacetime Globe,All damage done by Arceus is doubled.,⭐⭐⭐,,,,,,,,,
523,Zebstrika,Volt Saddle,Prevents the Pokémon's moves from being sealed.,⭐⭐,,,,,,,,,,,,
570,Zorua,Zorua Tail,Raises Defense by 3,⭐,,,,,,,Vision Prism,Counters 1/4 of the damage a foe does back at the foe.,⭐⭐⭐,,,
609,Chandelure,Glass Case,Recovers HP when hit by a Water move.,⭐⭐,,,,,,,,,,,,
625,Bisharp,Phantom Armor,Recovers HP when hit by a Fighting move.,⭐⭐,,,,,,,,,,,,
631,Heatmor,Flame Siphon,Foes are more likely to drop boxes.,⭐⭐,,,,,,,,,,,,
641,Tornadus,Wind Mirror,Allows Tornadus to transform into Therian Forme.,⭐⭐⭐,,,,,,,,,,,,
642,Thundurus,Storm Mirror,Allows Thundurus to transform into Therian Forme.,⭐⭐⭐,,,,,,,,,,,,
643,Reshiram,Light Stone,Increases maximum HP by 10.,⭐⭐⭐,,,,,,,,,,,,
644,Zekrom,Dark Stone,Increases maximum HP by 10.,⭐⭐⭐,,,,,,,,,,,,
645,Landorus,Earth Mirror,Allows Landorus to transform into Therian Forme.,⭐⭐⭐,,,,,,,,,,,,
646,Kyurem,God Stone,Increases maximum HP by 10.,⭐⭐⭐,DNA Splicers,Allows Kyurem to fuse with a Reshiram or Zekrom until the end of the Dungeon.,⭐⭐⭐,,,,,,,,,
649,Genesect,Douse Drive,Converts Techno Blast into a Water Type move.,⭐⭐⭐,Shock Drive,Converts Techno Blast into an Electric Type move.,⭐⭐⭐,Burn Drive,Converts Techno Blast into a Fire Type move.,⭐⭐⭐,Chill Drive,Converts Techno Blast into an Ice Type move.,⭐⭐⭐,,,
718,Zygarde,Zygarde Cube,"Allows Zygarde to shift between 50% and 10% formes, and unlocks 100% forme when paired with Power Construct.",⭐⭐⭐,,,,,,,,,,,,
720,Hoopa,Djinn Bottle,Allows Hoopa to become Unbound.,,,,,,,,,,,,,
724,Decidueye,,,,,,,,,,Leaf Quiver,Recovers HP when hit by a Fire move.,⭐⭐⭐,,,
727,Incineroar,,,,,,,,,,Scorching Belt,Recovers HP when hit by a Water move.,⭐⭐⭐,,,
730,Primarina,,,,,,,,,,Hair Beads,Recovers HP when hit by a Grass move.,⭐⭐⭐,,,
741,Oricorio,Red Nectar,Allows Oricorio to shift into Baile Style.,⭐⭐,Yellow Nectar,Allows Oricorio to shift into Pom Pom Style.,⭐⭐,Pink Nectar,Allows Oricorio to shift into Pa'u Style.,⭐⭐,Purple Nectar,Allows Oricorio to shift into Sensu Style.,⭐⭐,,,
743,Ribombee,Tiny Scarf,May restore PP of a random move upon taking any kind of damage.,⭐⭐,,,,,,,,,,,,
745,Lycanroc,,,,,,,,,,Obsidian Shard,May restore PP of a random move upon taking any kind of damage.,⭐⭐⭐,,,
800,Necrozma,Solarizer,Allows Necrozma to fuse with a Solgaleo until the end of the Dungeon.,⭐⭐⭐,Lunarizer,Allows Necrozma to fuse with a Lunala until the end of the Dungeon.,⭐⭐⭐,,,,,,,,,
807,Zeraora,Tesla Nunchucks,Critical hits inflict the Paralysis status condition.,⭐⭐⭐,,,,,,,,,,,,
,,,,,,,,,,,,,,,,
,,,,,,,,,,,,,,,,
