Category,Name,Description,Value,,
Food,Black Gummi,"A Gummi that makes certain Pokemon drool in delight. Fills your belly by 5; 10; 15; 20; or 25; and increases your IQ by 1, 2, 3, 4, or 5 depending on your type. Dark types love these!",800,,
Food,Blue Gummi,"A Gummi that makes certain Pokemon drool in delight. Fills your belly by 5; 10; 15; 20; or 25; and increases your IQ by 1, 2, 3, 4, or 5 depending on your type. Water types love these!",800,,
Food,Brown Gummi,"A Gummi that makes certain Pokemon drool in delight. Fills your belly by 5; 10; 15; 20; or 25; and increases your IQ by 1, 2, 3, 4, or 5 depending on your type. Ground types love these!",800,,
Food,Clear Gummi,"A Gummi that makes certain Pokemon drool in delight. Fills your belly by 5; 10; 15; 20; or 25; and increases your IQ by 1, 2, 3, 4, or 5 depending on your type. Ice types love these!",800,,
Food,Gold Gummi,"A Gummi that makes certain Pokemon drool in delight. Fills your belly by 5; 10; 15; 20; or 25; and increases your IQ by 1, 2, 3, 4, or 5 depending on your type. Psychic types love these!",800,,
Food,Lime Gummi,"A Gummi that makes certain Pokemon drool in delight. Fills your belly by 5; 10; 15; 20; or 25; and increases your IQ by 1, 2, 3, 4, or 5 depending on your type. Grass types love these!",800,,
Food,Gray Gummi,"A Gummi that makes certain Pokemon drool in delight. Fills your belly by 5; 10; 15; 20; or 25; and increases your IQ by 1, 2, 3, 4, or 5 depending on your type. Rock types love these!",800,,
Food,Green Gummi,"A Gummi that makes certain Pokemon drool in delight. Fills your belly by 5; 10; 15; 20; or 25; and increases your IQ by 1, 2, 3, 4, or 5 depending on your type. Bug types love these!",800,,
Food,Orange Gummi,"A Gummi that makes certain Pokemon drool in delight. Fills your belly by 5; 10; 15; 20; or 25; and increases your IQ by 1, 2, 3, 4, or 5 depending on your type. Fighting types love these!",800,,
Food,Pink Gummi,"A Gummi that makes certain Pokemon drool in delight. Fills your belly by 5; 10; 15; 20; or 25; and increases your IQ by 1, 2, 3, 4, or 5 depending on your type. Poison types love these!",800,,
Food,Purple Gummi,"A Gummi that makes certain Pokemon drool in delight. Fills your belly by 5; 10; 15; 20; or 25; and increases your IQ by 1, 2, 3, 4, or 5 depending on your type. Ghost types love these!",800,,
Food,Red Gummi,"A Gummi that makes certain Pokemon drool in delight. Fills your belly by 5; 10; 15; 20; or 25; and increases your IQ by 1, 2, 3, 4, or 5 depending on your type. Fire types love these!",800,,
Food,Royal Gummi,"A Gummi that makes certain Pokemon drool in delight. Fills your belly by 5; 10; 15; 20; or 25; and increases your IQ by 1, 2, 3, 4, or 5 depending on your type. Dragon types love these!",800,,
Food,Silver Gummi,"A Gummi that makes certain Pokemon drool in delight. Fills your belly by 5; 10; 15; 20; or 25; and increases your IQ by 1, 2, 3, 4, or 5 depending on your type. Steel types love these!",800,,
Food,Sky Gummi,"A Gummi that makes certain Pokemon drool in delight. Fills your belly by 5; 10; 15; 20; or 25; and increases your IQ by 1, 2, 3, 4, or 5 depending on your type. Flying types love these!",800,,
Food,White Gummi,"A Gummi that makes certain Pokemon drool in delight. Fills your belly by 5; 10; 15; 20; or 25; and increases your IQ by 1, 2, 3, 4, or 5 depending on your type. Normal types love these!",800,,
Food,Yellow Gummi,"A Gummi that makes certain Pokemon drool in delight. Fills your belly by 5; 10; 15; 20; or 25; and increases your IQ by 1, 2, 3, 4, or 5 depending on your type. Electric types love these!",800,,
Food,Violet Gummi,"A Gummi that makes certain Pokemon drool in delight. Fills your belly by 5; 10; 15; 20; or 25; and increases your IQ by 1, 2, 3, 4, or 5 depending on your type. Fairy types love these!",800,,
Food,Wonder Gummi,"It has a curious texture unlike any other Gummi, never has the same taste twice... it's always delicious! Fills your belly by 25 and increases your IQ by 5, regardless of your type.",2000,,
Food,Wander Gummi,"A Lookalike Item for Wonder Gummi, so be careful! Eating it will make you dizzy and wander randomly, giving you the Blinker status.",200,,
Food,Rainbow Gummi,"Absolute perfection in Gummi form. Don't look at it too long... Fills your belly by 50 and increases your IQ by 15, regardless of your type.",8000,,
Food,Tiny Apple,A very tiny Apple. Fills your belly by 25; or temporarily increases Belly Size by 1 if already full.,10,,
Food,Apple,A juicy Apple. Fills your belly by 50; or temporarily increases Belly Size by 5 if already full.,25,,
Food,Bapple,"Lookalike item for an Apple. Attempting to eat it will make the Bapple Bap you, making you Flinch! Then it will run away.",25,,
Food,Big Apple,A very fresh Big Apple! Fills your belly by 100; or temporarily increases Belly Size by 10 if already full.,50,,
Food,Huge Apple,An Apple so big it takes 2 turns to eat! Fills your belly by 150; or temporarily increases Belly Size by 15 if already full!,100,,
Food,Perfect Apple,Also known as Sekai Ichi. A pink Apple far too delicious for feeble minds to comprehend. Fills your belly by 200; or temporarily increases Belly Size by 20 if already full!,1000,,
Food,Golden Apple,It's one of the Golden Items. A Perfect Apple coated in a golden glow; far too precious and beautiful to even consider eating! It completely fills your Belly AND increases your maximum Belly Size by 50!,9000,,
Food,Banana,A rare; healthy Banana. Fills your belly by 50. Temporarily increases Belly Size by 10 if already full. Also has a 10% chance to raise your level by 1...,150,,
Food,Golden Banana,It's one of the Golden Items. A mysterious Banana coated in a golden glow. So healthy... Fills your belly by 50. Temporarily increases Belly Size by 10 if already full; and increases your level by 5!,12000,,
Food,Chestnut,"A Chestnut to peel open. Fills your belly by 50, but deals you 1 damage. Temporarily increases Belly Size by 5 if already full. Mankeys and Primeapes get +1 to all stats when eating this!",50,,
Food,Mini Donut,A little diet Donut. Fills your belly by 25; or temporarily increases Belly Size by 1 if already full; and randomly; permanently increases one of your stats by 1.,500,,
Food,Donut,A sugary Donut. Fills your belly by 50; or temporarily increases Belly Size by 1 if already full; and randomly; permanently increases one of your stats by 1... twice.,1000,,
Food,Mega Donut,A thick; round Donut! Fills your belly by 100; or temporarily increases Belly Size by 1 if already full; and randomly; permanently increases one of your stats by 1... thrice!,1500,,
Food,Four-Leaf Cookie,A fortune cookie. Fills your belly by 25; or temporarily increases Belly Size by 1 if already full; and randomly; permanently increases one of your stats by 1... a random number of times between 1 and 4!,2000,,
Food,Sweet Chocolate,Just objectively the best thing ever. Fills your belly by 25; or temporarily increases Belly Size by 1 if already full. Permanently increases all your stats by 1!,2500,,
Food,Grimy Food,Yuck. Fills your belly by 25; or temporarily increases Belly Size by 1 if already full. But you will get a random bad status condition!,1,,
Food,Grim Food,Lookalike item for Grimy Food. Eating this will turn you Ghost type and allows you to walk through walls!,1,,
Ammo,Geo Pebble,When thrown; it flies high in an arc to clear obstacles and strike the target for 10 damage. It is not affected by Pierce or Long Toss and can be thrown at any angle.,10,,
Ammo,Gone Pebble,"A Lookalike Item for Geo Pebble. This item has a nostalgic feel and causes the user to bring to mind a dearly held memory... tears begin to well up, and the user sobs and switches to Enduring status!",10,,
Ammo,Gravelerock,When thrown; it flies high in an arc to clear obstacles and strike the target for 20 damage. It is not affected by Pierce or Long Toss and can be thrown at any angle.,25,,
Ammo,Gravelyrock,"It is a Lookalike Item for Gravelerock. When eaten by a Bonsly or Sudowoodo, increases IQ by 10.",25,,
Ammo,Golestone,When thrown; it flies high in an arc to clear obstacles and strike the target for 50 damage! It is not affected by Pierce or Long Toss and can be thrown at any angle.,50,,
Ammo,Gollystone,"It is a Lookalike Item for Golestone. It has silly puns carved on it. When used, it makes everyone in the room cringe and afflicted by the Flinching status. Even teammates!",50,,
Ammo,Gigali Rock,When thrown; it flies high in an arc to clear obstacles and strike the target for 10 damage; and a 10% confusion chance. It is not affected by Pierce or Long Toss and can be thrown at any angle.,30,,
Ammo,Rare Fossil,When thrown; it flies high in an arc to clear obstacles and strike the target for 100 damage! It is not affected by Pierce or Long Toss and can be thrown at any angle.	,500,,
Ammo,Golden Fossil,It's one of the Golden Items. A fossil somehow coated in a golden glow. When thrown; it flies high in an arc to clear obstacles and strike the target for 50 damage; and it never breaks! It is not affected by Pierce or Long Toss and can be thrown at any angle.,7000,,
Ammo,A-Stone,An odd stone similar to an Unown; shaped like the letter A. When thrown; it flies in a straight line and damage with an attack power of 50.,30,,
Ammo,B-Stone,An odd stone similar to an Unown; shaped like the letter B. When thrown; it flies in a straight line and damage with an attack power of 50.,30,,
Ammo,C-Stone,An odd stone similar to an Unown; shaped like the letter C. When thrown; it flies in a straight line and damage with an attack power of 50.,30,,
Ammo,D-Stone,An odd stone similar to an Unown; shaped like the letter D. When thrown; it flies in a straight line and damage with an attack power of 50.,30,,
Ammo,E-Stone,An odd stone similar to an Unown; shaped like the letter E. When thrown; it flies in a straight line and damage with an attack power of 50.,30,,
Ammo,F-Stone,An odd stone similar to an Unown; shaped like the letter F. When thrown; it flies in a straight line and damage with an attack power of 50.,30,,
Ammo,G-Stone,An odd stone similar to an Unown; shaped like the letter G. When thrown; it flies in a straight line and damage with an attack power of 50.,30,,
Ammo,H-Stone,An odd stone similar to an Unown; shaped like the letter H. When thrown; it flies in a straight line and damage with an attack power of 50.,30,,
Ammo,I-Stone,An odd stone similar to an Unown; shaped like the letter I. When thrown; it flies in a straight line and damage with an attack power of 50.,30,,
Ammo,J-Stone,An odd stone similar to an Unown; shaped like the letter J. When thrown; it flies in a straight line and damage with an attack power of 50.,30,,
Ammo,K-Stone,An odd stone similar to an Unown; shaped like the letter K. When thrown; it flies in a straight line and damage with an attack power of 50.,30,,
Ammo,L-Stone,An odd stone similar to an Unown; shaped like the letter L. When thrown; it flies in a straight line and damage with an attack power of 50.,30,,
Ammo,M-Stone,An odd stone similar to an Unown; shaped like the letter M. When thrown; it flies in a straight line and damage with an attack power of 50.,30,,
Ammo,N-Stone,An odd stone similar to an Unown; shaped like the letter N. When thrown; it flies in a straight line and damage with an attack power of 50.,30,,
Ammo,O-Stone,An odd stone similar to an Unown; shaped like the letter O. When thrown; it flies in a straight line and damage with an attack power of 50.,30,,
Ammo,P-Stone,An odd stone similar to an Unown; shaped like the letter P. When thrown; it flies in a straight line and damage with an attack power of 50.,30,,
Ammo,Q-Stone,An odd stone similar to an Unown; shaped like the letter Q. When thrown; it flies in a straight line and damage with an attack power of 50.,30,,
Ammo,R-Stone,An odd stone similar to an Unown; shaped like the letter R. When thrown; it flies in a straight line and damage with an attack power of 50.,30,,
Ammo,S-Stone,An odd stone similar to an Unown; shaped like the letter S. When thrown; it flies in a straight line and damage with an attack power of 50.,30,,
Ammo,T-Stone,An odd stone similar to an Unown; shaped like the letter T. When thrown; it flies in a straight line and damage with an attack power of 50.,30,,
Ammo,U-Stone,An odd stone similar to an Unown; shaped like the letter U. When thrown; it flies in a straight line and damage with an attack power of 50.,30,,
Ammo,V-Stone,An odd stone similar to an Unown; shaped like the letter V. When thrown; it flies in a straight line and damage with an attack power of 50.,30,,
Ammo,W-Stone,An odd stone similar to an Unown; shaped like the letter W. When thrown; it flies in a straight line and damage with an attack power of 50.,30,,
Ammo,X-Stone,An odd stone similar to an Unown; shaped like the letter X. When thrown; it flies in a straight line and damage with an attack power of 50.,30,,
Ammo,Y-Stone,An odd stone similar to an Unown; shaped like the letter Y. When thrown; it flies in a straight line and damage with an attack power of 50.,30,,
Ammo,Z-Stone,An odd stone similar to an Unown; shaped like the letter Z. When thrown; it flies in a straight line and damage with an attack power of 50.,30,,
Ammo,!-Stone,An odd stone similar to an Unown; shaped like the letter !. When thrown; it flies in a straight line and damage with an attack power of 100!,50,,
Ammo,?-Stone,An odd stone similar to an Unown; shaped like the letter ?. When thrown; it flies in a straight line and damage with an attack power of 50; and deal a random status condition!,50,,
Ammo,Wooden Stick,When thrown; it flies in a straight line and deals damage with an attack power of 10.,10,,
Ammo,Wooden Thorn,When thrown; it flies in a straight line and deals damage with an attack power of 15.,20,,
Ammo,Wooden Spike,When thrown; it flies in a straight line and deals damage with an attack power of 20.,30,,
Ammo,Leafy Twig,A Wooden Stick; Thorn; or Spike that's been hit by a Grass Type move. It has sharp leaves. When thrown; flies in a straight line and deals damage with an attack power of 10; and hits nearby foes as well.,30,,
Ammo,Fiery Twig,A Wooden Stick; Thorn; or Spike that's been hit by a Fire Type move. It has embers flying off. When thrown; flies in a straight line and deals damage with an attack power of 10; and inflicts a burn.,30,,
Ammo,Hydro Twig,A Wooden Stick; Thorn; or Spike that's been hit by a Water Type move. It has a whirlpool around it. When thrown; flies in a straight line and deals damage with an attack power of 10; and sends flying.,30,,
Ammo,Iron Stick,When thrown; it flies in a straight line and deals damage with an attack power of 30.,50,,
Ammo,Iron Thorn,When thrown; it flies in a straight line and deals damage with an attack power of 40.,100,,
Ammo,Iron Spike,When thrown; it flies in a straight line and deals damage with an attack power of 50.	,150,,
Ammo,Corsola Twig,A pointy twig. When thrown; flies in a straight line and deals damage with an attack power of 20; and a 30% flinch chance.	,20,,
Ammo,Cacnea Spike,A spiky spike. When thrown; flies in a straight line and deals damage with an attack power of 20; and a 60% flinch chance.,40,,
Ammo,Gold Fang,A glossy fang. When thrown; flies in a straight line and deals damage with an attack power of 20; and causes flinching.	,60,,
Ammo,Platinum Spike,A mysterious; brightly glowing spike. When thrown; flies in a straight line and deals damage with an attack power of 100!	,1000,,
Ammo,Deci Arrow,A sharp arrow. When thrown; flies in a straight line and deals damage with an attack power of 20; and never misses.,100,,
Ammo,Bronze Spike,A spike crafted from bronze. When thrown; flies in a straight line and deals damage with an attack power of 30; and never breaks!,500,,
Ammo,Silver Spike,A rare spike crafted from pure silver. When thrown; flies in a straight line and deals damage with an attack power of 40; and never breaks!,1500,,
Ammo,Golden Spike,It's one of the Golden Items. A brilliantly shining spike crafted from solid; glowing gold. When thrown; flies in a straight line and deals damage with an attack power of 50; and never breaks!,5000,,
Evolution Item,Beauty Scarf,A dressy fashion accessory. It evolves Feebas into Milotic.,,,
Evolution Item,Coronet Rock,"A rock that radiates a peculiar energy, rumored only to exist on Mt. Coronet, a place that no one knows anything about. Evolves Magneton and Nosepass into Magnezone and Probopass respectively.",,,
Evolution Item,Frozen Rock,"A stone that radiates deep chill, so it is easily mistaken for a chunk of ice. Evolves Eevee into Glaceon.",,,
Evolution Item,Link Cable,"An intriguing cable used for linking unknown devices... Evolves Kadabra, Machoke, Graveler, Haunter, Boldore, and Gurdurr into Alakazam, Machamp, Golem, Gengar, Gigalith, and Conkeldurr respectively.",,,
Evolution Item,Lunar Ribbon,"A ribbon filled with heartwarming moonlight energy. Evolves Eevee, Gligar, Sneasel, and Chingling into Umbreon, Gliscor, Weavile, and Chimecho respectively.",,,
Evolution Item,Mossy Rock,A stone covered in lush moss that exudes the vitality of plants. It evolves Eevee into Leafeon.,,,
Evolution Item,Sun Ribbon,"A ribbon infused with heartwarming sunshine energy. It evolves Eevee, Budew, Happiny, and Riolu into Espeon, Roselia, Chansey, and Lucario respectively.",,,
Evolution Item,Deep Sea Scale,A pretty scale that shines faintly. It evolves Clamperl into Gorebyss.,,,
Evolution Item,Deep Sea Tooth,A supersharp fang with a subtle gleam. It evolves Clamperl into Huntail.,,,
Evolution Item,Dragon Scale,"A thick, tough, hydrodynamic scale. It evolves Seadra into Kingdra.",,,
Evolution Item,Dubious Disc,An enigmatic disc that overflows with dubious data... It evolves Porygon2 into Porygon-Z.,,,
Evolution Item,Dusk Stone,"An odd stone with a mesmerizing darkness. It evolves Murkrow, Misdreavus, and Lampent into Honchkrow, Mismagius, and Chandelure respectively.",,,
Evolution Item,Electirizer,A box full of a massive amount of electric energy. It evolves Electabuzz into Electivire.,,,
Evolution Item,Fire Stone,"A peculiar orange stone that radiates warmth like a flame. It evolves Vulpix, Growlithe, Eevee, and Pansear into Ninetales, Arcanine, Flareon, and Simisear respectively.",,,
Evolution Item,Fine Stone,Lookalike item for the Fire Stone. Attempting to use it will cause a stone fanatic Charizard to drop on you and fight you for it!,,,
Evolution Item,King's Rock,"An impressive, rocky crown that conveys a kingly nobility. It evolves Poliwhirl and Slowpoke into Politoed and Slowking respectively.",,,
Evolution Item,Leaf Stone,"A peculiar stone inscribed with a leafy pattern. It evolves Gloom, Weepinbell, Exeggcute, Nuzleaf, and Pansage into Vileplume, Victreebel, Exeggutor, Shiftry, and Simisage respectively.",,,
Evolution Item,Magmarizer,A box brimming with a huge amount of magma energy. It evolves Magmar into Magmortar.,,,
Evolution Item,Metal Coat,A misterious substance full of a special filmy metal. It evolves Onix and Scyther into Steelix and Scizor respectively.,,,
Evolution Item,Moon Stone,"An odd stone that gleams like the moon in the evening sky. It evolves Nidorina, Nidorino, Clefairy, Jigglypuff, Skitty, and Munna into Nidoqueen, Nidoking, Clefable, Wigglytuff, Delcatty, and Musharna respectively.",,,
Evolution Item,Oval Stone,"A surprisingly smooth, round, egg shaped stone. It evolves Happiny into Chansey.",,,
Evolution Item,Protector,"A heavy, durable piece of protective equipment. It evolves Rhydon into Rhyperior.",,,
Evolution Item,Razor Claw,A wickedly sharp claw perfect for raking foes. It evolves Sneasel into Weavile.,,,
Evolution Item,Razor Fang,"A savagely sharp, piercing fang. It evolves Gligar into Gliscor.",,,
Evolution Item,Reaper Cloth,An eerie cloth imbued with horrifyingly strong spiritual energy. It evolves Dusclops into Dusknoir.,,,
Evolution Item,Shiny Stone,"An odd stone that shines with dazzling light. It evolves Togetic, Roselia, and Minccino into Togekiss, Roserade and Cinccino.",,,
Evolution Item,Sun Stone,"An odd stone that glows with sunny warmth. It evolves Gloom, Sunkern, Cottonee, and Petilil into Bellossom, Sunflora, Whimsicott, and Lilligant.",,,
Evolution Item,Thunder Stone,"A peculiar stone with a thunderbolt pattern, gives a zap everytime you grab it. It evolves Pikachu and Eevee into Raichu and Jolteon.",,,
Evolution Item,Upgrade,A mysterious device filled with all sorts of important updates. It evolves Porygon into Porygon2.,,,
Evolution Item,Water Stone,"A peculiar stone that holds the color of clearest blue. It evolves Poliwhirl, Shellder, Staryu, Eevee, Lombre, and Panpour into Poliwrath, Cloyster, Starmie, Vaporeon, Ludicolo, and Simipour respectively.",,,
Flag,Cheering Flag,"Raises the power of nearby teammates' moves by 10%, but not the holder's.",5000,,
Flag,Clarity Flag,"Protects teammates from being confused, but not the holder.",3000,,
Flag,Immunity Flag,"Protects teammates from being poisoned, but not the holder.",3000,,
Flag,Insomnia Flag,"Protects teammates from sleeping, but not the holder.",3000,,
Flag,Limber Flag,"Protects teammates from being paralyzed, but not the holder.",3000,,
Flag,Resilient Flag,"Protects teammates from stat drops, but not the holder.",3000,,
Flag,Tough Flag,"Allows teammates to survive a move that would KO them with 1 HP, but not the holder.",4000,,
Gift,Bug Gift,"May contain a rare item, but only if gifted to a Bug type connection.",50,,
Gift,Dark Gift,"May contain a rare item, but only if gifted to a Dark type connection.",50,,
Gift,Dragon Gift,"May contain a rare item, but only if gifted to a Dragon type connection.",50,,
Gift,Electric Gift,"May contain a rare item, but only if gifted to an Electric type connection.",50,,
Gift,Fighting Gift,"May contain a rare item, but only if gifted to a Fighting type connection.",50,,
Gift,Fire Gift,"May contain a rare item, but only if gifted to a Fire type connection.",50,,
Gift,Flying Gift,"May contain a rare item, but only if gifted to a Flying type connection.",50,,
Gift,Ghost Gift,"May contain a rare item, but only if gifted to a Ghost type connection.",50,,
Gift,Grass Gift,"May contain a rare item, but only if gifted to a Grass type connection.",50,,
Gift,Ground Gift,"May contain a rare item, but only if gifted to a Ground type connection.",50,,
Gift,Ice Gift,"May contain a rare item, but only if gifted to an Ice type connection.",50,,
Gift,Normal Gift,"May contain a rare item, but only if gifted to a Normal type connection.",50,,
Gift,Poison Gift,"May contain a rare item, but only if gifted to a Poison type connection.",50,,
Gift,Psychic Gift,"May contain a rare item, but only if gifted to a Psychic type connection.",50,,
Gift,Rock Gift,"May contain a rare item, but only if gifted to a Rock type connection.",50,,
Gift,Steel Gift,"May contain a rare item, but only if gifted to a Steel type connection.",50,,
Gift,Water Gift,"May contain a rare item, but only if gifted to a Water type connection.",50,,
Gift,Fairy Gift,"May contain a rare item, but only if gifted to a Fairy type connection.",50,,
Gift,Premier Gift,"May contain an exceptionally rare item, but only if gifted to a Legendary or Mythical connection!",100,,
Gift,Sky Gift,"May contain an exceptionally rare item, but only if shipped to a connection from the Shaymin Village!",100,,
Drink,Protein,A healthy vitamin that fills your belly by 5 and permanently raises Attack by 1.,1000,,
Drink,Taurine,"An experimental vitamin... it fills your belly by 5 and permanently raises Attack by 3, but will decrease Max HP by 1!",3000,,
Drink,Iron,A healthy vitamin that fills your belly by 5 and permanently raises Defense by 1.,1000,,
Drink,Bromhexine,"An experimental vitamin... it fills your belly by 5 and permanently raises Defense by 3, but will decrease Max HP by 1!",3000,,
Drink,Calcium,A healthy vitamin that fills your belly by 5 and permanently raises Special Attack by 1.,1000,,
Drink,Lysozyme,"An experimental vitamin... it fills your belly by 5 and permanently raises Special Attack by 3, but will decrease Max HP by 1!",3000,,
Drink,Zinc,A healthy vitamin that fills your belly by 5 and permanently raises Special Defense by 1.,1000,,
Drink,Chitosan,"An experimental vitamin... it fills your belly by 5 and permanently raises Special Defense by 3, but will decrease Max HP by 1!",3000,,
Drink,Carbos,A healthy vitamin that fills your belly by 5 and permanently raises Speed by 1.,1000,,
Drink,Indometacin,"An experimental vitamin... it fills your belly by 5 and permanently raises Speed by 3, but will decrease Max HP by 1!",3000,,
Drink,Ginseng,A reinvigorating coffee that increases a move's level by 1. Also fills your belly by 5.,5000,,
Drink,Ether,A refreshing drink that restores one of your moves' PP by 10 and fills your belly by 5.,25,,
Drink,Max Ether,A refreshing drink that fully restores one of your moves' PP and fills your belly by 5.,50,,
Drink,Elixir,A refreshing drink that restores all of your moves' PP by 10 and fills your belly by 5.,100,,
Drink,Max Elixir,A refreshing drink that fully restores all of your moves' PP and fills your belly by 5.,200,,
Drink,Mix Elixir,"It is a Lookalike Item for the Max Elixir. A drink that restores the PP of all moves, but only for Linoone. Fills your belly by 5.",200,,
Drink,Nectar,A supersweet nectar that restores all of your moves' PP by 10 and fills your belly by 10.,150,,
Treasure,Sparkly Scarf,"A beautiful and elegant scarf. It has no effect even if you hold it, but you can sell it at a shop for a high price.",3500,,
Treasure,White Key,A mysterious key that will open a white door. It disappears after use...,8000,,
Treasure,Whine Key,A lookalike item for a White Key. The key will whine and complain if you try to use it without a Klefki in your team...,8000,,
Treasure,Black Key,A mysterious key that will open a black door. It disappears after use...,8000,,
Treasure,Blue Key,A mysterious key that will open a blue door. It disappears after use...,8000,,
Treasure,Green Key,A mysterious key that will open a green door. It disappears after use...,8000,,
Treasure,Red Key,A mysterious key that will open a red door. It disappears after use...,8000,,
Treasure,Aqua Monica,"One of the Seven Secret Treasures. A remarkable harmonica that plays melodies serene as flowing water, rumored to steal watery hearts. When held by the team leader, this item makes it easier to recruit defeated Water-type Pokémon to the team.",10000,,
Treasure,Fiery Drum,"One of the Seven Secret Treasures. An exotic drum that beats out rhythms that burn with fiery passion, rumored to steal fiery hearts. When held by the team leader, it is easier to recruit defeated Fire-type Pokémon to the team.",10000,,
Treasure,Grass Cornet,"One of the Seven Secret Treasures. A festive cornet that is well suited for tunes that carry across grassy fields, rumored to steal hearts of grass. When held by the team leader, it is easier to recruit defeated Grass-type Pokémon to the team.",10000,,
Treasure,Icy Flute,"One of the Seven Secret Treasures. An unusual flute that plays notes that are clear as ice, rumored to steal even the iciest of hearts. When held by the team leader, it is easier to recruit defeated Ice-type Pokémon to the team.",10000,,
Treasure,Rock Horn,"One of the Seven Secret Treasures. A mystifying horn that blasts sound at rock-shattering volume, rumored to steal the rockiest of hearts. When held by the team leader, it is easier to recruit defeated Rock-type Pokémon to the team.",10000,,
Treasure,Sky Melodica,"One of the Seven Secret Treasures. A merry melodica that plays tunes airy as cloudless skies, rumored to steal flighty hearts. When held by the team leader, it is easier to recruit defeated Flying-type Pokémon to the team.",10000,,
Treasure,Terra Cymbal,"One of the Seven Secret Treasures. A marvelous cymbal with a colossal crash that shakes the ground, rumored to steal even the most grounded hearts. When held by the team leader, it is easier to recruit defeated Ground-type Pokémon to the team.",10000,,
Treasure,Cute Box,A box that is amazingly adorable. It likely contains something but won't give up its secrets easily.,500,,
Treasure,Dainty Box,A box that is dainty and fashionable. It likely contains something but won't give up its secrets easily.,500,,
Treasure,Deluxe Box,A box that is extravagant and opulent. It likely contains something but won't give up its secrets easily.,500,,
Treasure,Glittery Box,A box that glitters with dazzling light. It likely contains something but won't give up its secrets easily.,500,,
Treasure,Gorgeous Box,A box that's beautiful beyond measure. It likely contains something but won't give up its secrets easily.,500,,
Treasure,Hard Box,A box that is impenetrably hard. It likely contains something but won't give up its secrets easily.,500,,
Treasure,Heavy Box,A box that is unbelievably heavy. It likely contains something but won't give up its secrets easily. ,500,,
Treasure,Light Box,A box that is surprisingly light. It likely contains something but won't give up its secrets easily.,500,,
Treasure,Nifty Box,A box that is completely impressive. It likely contains something but won't give up its secrets easily.,500,,
Treasure,Pretty Box,A box that is startlingly pretty. It likely contains something but won't give up its secrets easily.,500,,
Treasure,Shiny Box,A box that sparkles and shines. It likely contains something but won't give up its secrets easily.,500,,
Treasure,Sinister Box,A box that is suspiciously sinister. It likely contains something but won't give up its secrets easily. ,500,,
Treasure,Ancient Crown,"It's proof that you obtained all of the Ancient Treasures. But it seems to have no particular effect, even if you take it on your adventure.",30000,,
Treasure,Food Fighter Crown,"It's proof that you obtained all of the items invented by the Never Hungries. But it seems to have no particular effect, even if you take it on your adventure.",30000,,
Treasure,Treasure Crown,"It's proof that you obtained all of the Eight Treasures, but it seems to have no particular effect, even if you take it on your adventure.",30000,,
Treasure,Golden Crown,"It's proof that you obtained all of the Golden Items. But it seems to have no particular effect, even if you take it on your adventure.",30000,,
Treasure,Completion Crown,"It's proof that you obtained all of the Crowns. But it seems to have no particular effect, even if you take it on your adventure.",50000,,
Looplet,Air Looplet,It has seven notches. It's one of the Eight Treasures that only the strong are said to be able to obtain. It's said to prevent a Mega-Evolved Pokémon from going berserk if the Pokémon holds it.,5000,,
Looplet,Lucky Looplet,It has three notches. It prevents enemy Pokémon's moves from resulting in a critical hit. You can add various effects by setting emeras on it. ,3000,,
Looplet,Nonstick Looplet,It has three notches. It prevents carried items from getting sticky as a result of traps or other means. You can add various effects by setting emeras on it. ,3500,,
Looplet,Pecha Looplet,It has four notches. It prevents the holder from getting poisoned or badly poisoned. You can add various effects by setting emeras on it.,500,,
Looplet,Persim Looplet,It has four notches. It prevents the holder from getting confused. You can add various effects by setting emeras on it.,600,,
Looplet,Resilient Looplet,It has four notches. It prevents all of the holder's stats from being lowered. You can add various effects by setting emeras on it.,4000,,
Looplet,Wakeful Looplet,"It has four notches. It protects the holder from Sleep, Yawning, Napping, or having Nightmares. You can add various effects by setting emeras on it.",450,,
Looplet,Weather Looplet,It has four notches. The holder is completely unaffected by weather!,1800,,
Looplet,Wind Looplet,It has one notch. It's one of the Eight Treasures that only the strong are said to be able to obtain. It prevents the holder from having bad status conditions or a reduction in stats.,5200,,
Looplet,Attack Looplet,It has four notches. It boosts the holder's Attack by 10. You can add various effects by setting emeras on it.,200,,
Looplet,Blue Looplet,It has five notches. It's one of the Ancient Treasures. It's said to have the effect of boosting Max HP by 50.,4500,,
Looplet,Choice Looplet,It has four notches. It boosts the critical-hit rate if the holder uses the same move it used the turn before. You can add various effects by setting emeras on it.,2500,,
Looplet,Darkness Looplet,It has five notches. It's one of the Ancient Treasures. It's said to boost Attack and Special Attack by 20.,3000,,
Looplet,Defense Looplet,It has four notches. It boosts the holder's Defense by 10. You can add various effects by setting emeras on it.,200,,
Looplet,Beefense Looplet,It has four notches. Lookalike Item for Defense Looplet. Equipping this will cause all your moves to do no damage to Bug types!,200,,
Looplet,Detect Looplet,It has four notches. It boosts the holder's evasiveness. You can add various effects by setting emeras on it.,800,,
Looplet,Fickle Looplet,It has four notches. It boosts the critical-hit rate if the holder uses a move it didn't use the turn before. You can add various effects by setting emeras on it.,2500,,
Looplet,Focus Looplet,It has three notches. It boosts the holder's critical-hit rate for moves. You can add various effects by setting emeras on it.,2000,,
Looplet,Radiance Looplet,It has five notches. It's one of the Ancient Treasures. It's said to boost Defense by 50. You can add various effects by setting emeras on it.,3000,,
Looplet,Red Looplet,It has five notches. It's one of the Ancient Treasures. It's said to have the effect of boosting Defense and Sp. Def by 20.,4500,,
Looplet,Sand Looplet,It has three notches. It's one of the Eight Treasures that only the strong are said to be able to obtain. It is said to boost the power of moves significantly.,4500,,
Looplet,Sky Looplet,It has five notches. It's one of the Ancient Treasures. It's said to boost the Speed of the holder by 50. ,5000,,
Looplet,Sp. Attack Looplet,It has four notches. Increases the Special Attack of the holder by 10.,200,,
Looplet,Sp. Defense Looplet,It has four notches. Increases the Special Defense of the holder by 10.,200,,
Looplet,Speed Looplet,It has three notches. Increases the Speed of the holder by 20.,1000,,
Looplet,Tempest Looplet,It has five notches. It's one of the Ancient Treasures. It's said to boost the Special Attack of the holder by 30.,3000,,
Looplet,Time Looplet,It has five notches. It's one of the Ancient Treasures. It's said to boost the Special Defense of the holder by 40.,3000,,
Looplet,Wildfire Looplet,It has five notches. It's one of the Ancient Treasures. It's said to boost the Attack of the holder by 30.,3000,,
Looplet,Alliance Looplet,It has five notches. It enables the holder to participate in an Alliance even when the holder is far away from the leader. You can add various effects by setting emeras on it.,700,,
Looplet,Big Belly Looplet,"It has three notches. It's one of the items invented by the legendary glutton team, the Never Hungries. You'll definitely want it for your adventure! The holder gets hungry half as much, even if it walks or uses an Alliance.",6500,,
Looplet,Cover Looplet,"It has four notches. When a teammate with low HP is nearby, the holder receives the attack instead.",330,,
Looplet,Deflect Looplet,It has four notches. It enables the holder to shrug off moves and pass them on to a nearby Pokémon. But the holder's Belly gets emptier every time it happens. ,350,,
Looplet,Earth Looplet,It has two notches. It's one of the Eight Treasures that only the strong are said to be able to obtain. It makes the holder immune to traps.,6000,,
Looplet,Excavation Looplet,"It has four notches. If the leader holds it, items buried in the ground shine visibly.",3750,,
Looplet,Explosive Looplet,It has six notches. It sometimes explodes when the holder takes damage. It damages nearby Pokémon and makes items on the floor disappear. ,1000,,
Looplet,Gold Looplet,"It has four notches. It does nothing, but it can be sold for a high price!",5000,,
Looplet,Grass Looplet,It has three notches. It's one of the Eight Treasures that only the strong are said to be able to obtain. It makes all traps on the floor visible to the holder.,5000,,
Looplet,Healing Looplet,It has three notches. Doubles the passive HP regeneration when walking.,1000,,
Looplet,Huge Meal Looplet,"It has five notches. It's one of the items invented by the legendary glutton team, the Never Hungries. You'll definitely want it for your adventure! Holding it is said to prevent you from getting hungry during an Alliance.",5500,,
Looplet,Joy Looplet,"It has one notch. The holder gains 1 experience point each turn, even when not battling.",9000,,
Looplet,Boy Looplet,"It has one notch. Lookalike item for Joy Looplet. Equipping this will make you look like a Male, regardless of you gender!?",9000,,
Looplet,Looplet,"It has three nothces. It's an ordinary looplet. Holding it has no effect, but you can add various effects by setting emeras on it.",50,,
Looplet,Mist Looplet,It has one notch. It's one of the Eight Treasures that only the strong are said to be able to obtain. It's said the holder has a 50% chance to not consume PP's when using a move.,7000,,
Looplet,Nullify Looplet,It has ten notches. It prevents the holder's Ability from working.,1000,,
Looplet,Prosper Looplet,It has five notches. Picking up Poke' from the ground heals all status conditions.,3000,,
Looplet,Satiated Looplet,"It has two notches. It's one of the items invented by the legendary glutton team, the Never Hungries. You definitely want it for your adventure. Holding it is said prevents you from getting hungry by walking.",7500,,
Looplet,Sea Looplet,It has two notches. It's one of the Eight Treasures that only the strong are said to be able to obtain. It's said to reveal the locations of items and enemies on the entire floor if the leader holds it.,8000,,
Looplet,Unity Looplet,It has two notches. It warps the holder near it's teammates if they end up alone.,3000,,
Looplet,Warp Looplet,It has four notches. Has a 10% chance to warp the holder to a random room at the end of their turn.,1200,,
Looplet,Water Looplet,It has two notches. It's one of the Eight Treasures that only the strong are said to be able to obtain. It's said to make the holder's thrown items pierce through all Pokémon and walls and fly endlessly.,7500,,
Looplet,Well-Fed Looplet,"It has four notches. It's one of the items invented by the legendary glutton team, the Never Hungries. You'll want it for your adventure! The holder gets twice as full as usual from eating.",4500,,
Wand,Blast Wand,"Waving it at a Pokémon causes a blast that deals 30 damage. It damages nearby Pokémon, too.",45,,
Wand,Confuse Wand,Waving it at a Pokémon makes that Pokémon confused.,60,,
Wand,Guiding Wand,Waving it reveals the way to the stairs.,75,,
Wand,HP-Swap Wand,Waving at a Pokémon swaps the HP of you and that Pokémon.,50,,
Wand,Petrify Wand,Waving it at a Pokémon makes that Pokémon petrified. ,75,,
Wand,Pounce Wand,Waving it at a Pokémon or a wall makes you jump right at it.,35,,
Wand,Quarter Wand,Waving at a Pokémon cuts that Pokémon's HP to 1/4.,100,,
Wand,Barter Wand,Lookalike Item for Quarter Wand. Waving it inside a dungeon Kecleon Shop will give you a 10% discount on everything!,100,,
Wand,Slow Wand,Waving it at a Pokémon reduces that Pokémon's Travel Speed for a while.,45,,
Wand,Slumber Wand,Waving it at a Pokémon makes that Pokémon sleep.,60,,
Wand,Stayaway Wand,Warps a Pokémon to the stairs and makes it petrified.,50,,
Wand,Surround Wand,Waving it at a Pokémon warps all teammates to that Pokémon.,35,,
Wand,Switcher Wand,Waving it at a Pokémon makes you switch places with that Pokémon. ,35,,
Wand,Truant Wand,Waving it at a Pokémon changes that Pokémon's Ability to Truant.,45,,
Wand,Tunnel Wand,"If the wand targets a destructible wall, a straight line of up to 10 wall tiles are turned into floor tiles. If there are Pokemon in the way, it deals them 10 damage.",75,,
Wand,Two-Edged Wand,"Waving it at a Pokémon reduces that Pokémon's HP to 1, but the same will happen to you!",100,,
Wand,Warp Wand,Waving it at a Pokémon warps that Pokémon somewhere on the floor.,35,,
Wand,Whirlwind Wand,Waving it at a Pokémon knocks that Pokémon flying. The Pokémon takes damage if it hits a wall or another Pokémon.,35,,
Seed,Ban Seed,Eating it causes all Pokemon on the floor to have the user's last move disabled.,160,,
Seed,Blast Seed,"Eating it makes you attack 1 tile in front of you with a blast, causing 100 damage!",1000,,
Seed,Blinker Seed,Throwing it at a Pokemon gives them the Blinker status.,50,,
Seed,Decoy Seed,"Eating it turns you into a Decoy, causing all moves and items to target you instead of your teammates.",25,,
Seed,Doom Seed,Throwing it at a Pokemon lowers their level by 1. Don't miss because they can do the same to you!,60,,
Seed,Dough Seed,"It is a Lookalike Item for the Doom Seed, but this is one mistake you'll be very happy to make! Eating it makes more Poké appear on the next floor.",20,,
Seed,Encourage Seed,Eating it gives you the Encouraged status.,100,,
Seed,Energy Seed,"Eating it fully restores your HP, and temporarily increases your Max HP by 10!",500,,
Seed,Eyedrop Seed,Eating it cures the Blinker status and gives you the Eyedrops status.,150,,
Seed,Dropeye Seed,"It is a Lookalike Item for the Eyedrop Seed. A food item that gives the Dropeye status, where the immediate surrounding area will be dark, even in rooms.",20,,
Seed,Famous Seed,"A Plain Seed... but unlike other Plain Seeds, it's very sought after for some reason.",10,,
Seed,Golden Seed,"It's one of the Golden Items, with a golden glow. They say eating it boosts your level by 3.",5000,,
Seed,Heal Seed,"A healthy seed, eating it removes any and all status conditions.",200,,
Seed,Hunger Seed,Eating it depletes your Belly by 10... there must be a use case for this.,50,,
Seed,Joy Seed,A delicious seed that increases your level by 1.,3000,,
Seed,Life Seed,A healthy seed that increases your Max HP by 1.,1000,,
Seed,Plain Seed,Eating it has no particular effect. It's really an ordinary seed.,1,,
Seed,Pure Seed,Eating it warps you close to the floor's stairs.,300,,
Seed,Quick Seed,Eating it boosts your Travel Speed for a little while.,100,,
Seed,Tiny Reviver Seed,"Eating it has no particular effect, but if a Pokemon faints with one, it revives them with 1 HP, then turns into a Plain Seed.",400,,
Seed,Reviver Seed,"Eating it has no particular effect, but if a Pokemon faints with one, it revives them with fully restored HP and heals all status conditions, then turns into a Plain Seed.",800,,
Seed,Reviser Seed,It is a Lookalike Item for the Reviver Seed. But what does it do when you faint...?,800,,
Seed,Max Reviver Seed,"Eating it has no particular effect, but if a Pokemon faints with one, it revives them with fully restored HP, PP, and Belly, and heals all status conditions, then turns into a Plain Seed.",1600,,
Seed,Sleep Seed,Throwing it at a Pokemon puts them to Sleep.,70,,
Seed,Slip Seed,"It is a Lookalike Item for the Sleep Seed, but you'll be pleasantly surprised when you make a mistake on this one! Eating it gives the Slip status, where it is possible to walk on water.",70,,
Seed,Soothing Seed,"Eating it resets Attack, Sp. Atk, Defense, Sp. Def, accuracy, and evasiveness.",150,,
Seed,Stun Seed,Throwing it at a Pokemon causes them to be Petrified.,100,,
Seed,Totter Seed,Throwing it at a Pokemon causes them to be Confused.,60,,
Seed,Training Seed,"Eating it gives you the Training condition, which boosts the growth of moves.",100,,
Seed,Vanish Seed,Eating it gives you the Invisible condition.,1000,,
Seed,Violent Seed,"A mysterious seed, imbued with shadow energy... eating it raises your Attack and Special Attack to the absolute maximum!",3000,,
Seed,Vile Seed,Eating it lowers your Defense and Special Defense by 1 level.,1000,,
Seed,Via Seed,It is a Lookalike Item for the Vile Seed. Eating it causes you to say ''See Ya!'' and warp to a random room! ,100,,
Seed,Warp Seed,Eating it warps you to a different place on the floor.,100,,
Seed,X-Eye Seed,Throwing it at a Pokemon gives them the Cross Eyed status.,50,,
Cloth Equipment,No-Stick Cap,A held item that prevents the Pokémon's items from getting sticky and gunked up by a trap.,1500,,
Cloth Equipment,No-Slip Cap,"Lookalike item for the No-Stick cap. Occasionally, items in your Treasure Bag will become sticky.",1500,,
Cloth Equipment,Pecha Scarf,A held item that prevents a Poisoned or Badly Poisoned status from being inflicted on the Pokémon.,1200,,
Cloth Equipment,Persim Band,A held item that prevents the Pokémon from getting a Confused status.,1500,,
Cloth Equipment,Weather Band,"A held item that shields the Pokémon from weather, as if it's always in Clear conditions.",4000,,
Cloth Equipment,Defense Scarf ,A held item that boosts the Pokémon's Defense.,3000,,
Cloth Equipment,Detect Band,A held item that boosts the Pokémon's evasiveness.,5000,,
Cloth Equipment,Munch Belt,A held item that boosts the Pokémon's Attack and Special Attack by 10 but also makes the Pokémon's Belly go down faster.,4000,,
Cloth Equipment,Power Band,A held item that boosts the Pokémon's Attack.,500,,
Cloth Equipment,Special Band,A held item that boosts the Pokémon's Special Attack.,1000,,
Cloth Equipment,Twist Band,A held item that prevents the Pokémon's Attack and Special Attack from being reduced,1200,,
Cloth Equipment,Zinc Band,A held item that boosts the Pokémon's Special Defense.,1000,,
Cloth Equipment,Bounce Band,A held item that makes thrown items bounce straight back from the Pokémon.,3500,,
Cloth Equipment,Choice Ribbon,It boosts the critical-hit rate if the holder uses the same move it used the turn before.,1000,,
Cloth Equipment,Choice Gibbon,"Lookalike Item for Choice Ribbon. Equipping this will make it disappear, a Primeape will appear in front of you, and you'll have to choose between giving him a Chestnut or battling!",1000,,
Cloth Equipment,Coalition Scarf,"When one of your teammates holds this, it's easier to use a Team Attack.",2000,,
Cloth Equipment,Cover Band,"When a Pokémon with low HP is nearby, the holder takes damage instead.",1500,,
Cloth Equipment,Curve Band,A held item that makes thrown items bounce off walls and fly sideways along walls. It has no effect if the Pokémon has a Pierce status or if throws a rock.,100,,
Cloth Equipment,Diet Ribbon,"A held item that changes the Pokémon's status to Hungry Pal, which empties its Belly faster and prevents it from being filled.",100,,
Cloth Equipment,Dodge Scarf,A held item that prevents any thrown item from hitting the Pokémon.,5000,,
Cloth Equipment,Fickle Ribbon,It boosts the critical-hit ratio if the holder uses a move it didn't use the turn before.,1000,,
Cloth Equipment,Gold Ribbon,An item that has no effect even if held by a Pokémon. It can be sold for a good price.,5000,,
Cloth Equipment,Heal Ribbon,A held item that speeds up the Pokémon's natural HP healing.,1100,,
Cloth Equipment,Joy Ribbon,A held item that earns the Pokémon Experience equal to the damage taken.,5000,,
Cloth Equipment,Lucky Ribbon,The holder won't take a critical hit even when it's hit by moves of enemy Pokémon.,3000,,
Cloth Equipment,Mobile Scarf,"A held item that enables the Pokémon to move and attack through walls and move on inhospitable terrain, such as magma, in exchange for Belly.",1000,,
Cloth Equipment,Pass Scarf,A held item that causes the Pokémon to shrug off any effects from moves and pass them on to an adjacent Pokémon in exchange for Belly.,5000,,
Cloth Equipment,Patsy Band,A held item that increases the Pokémon's chances of taking critical hits from enemy moves and attacks. There must be a use case for this...,100,,
Cloth Equipment,Pierce Band,"A held item that makes the Pokémon's thrown items pierce through all targets, walls and obstacles without stopping. It has no effect on thrown rocks.",1600,,
Cloth Equipment,Plain Ribbon,An item that has no effect even if held by a Pokémon.,100,,
Cloth Equipment,Racket Band,A held item that helps awaken sleeping Pokémon enemies. ,3000,,
Cloth Equipment,Remembrance Ribbon,"A mysterious scarf that allows Pokemon to remember any move, regardless of current level.",10000,,
Cloth Equipment,Reunion Cape,"When the holder gets separated from you, it will warp near you. If the user holds it, they'll warp near their teammate when they get separated.",2000,,
Cloth Equipment,Sneak Scarf,A held item that prevents the Pokémon from awakening sleeping enemies.,2500,,
Cloth Equipment,Sparkly Scarf,An item that has no effect even if held by a Pokémon. It can be sold for a great price!,10000,,
Cloth Equipment,Stamina Band,A held item that slows how quickly the Pokémon's Belly goes down.,3200,,
Cloth Equipment,Tight Belt,A held item that prevents the Belly from going down by standing still.,5000,,
Cloth Equipment,Right Belt,"Lookalike item for Tight Belt. With this equipped, you can only move right!",500,,
Cloth Equipment,Trap Scarf,A held item that prevents traps from activating when the Pokémon steps on them.,5000,,
Cloth Equipment,Warp Scarf,A held item that warps the Pokémon to another place on the floor every 10 turns.,100,,
Cloth Equipment,Aura Bow,"A radiant, incredibly soft, glowing bow that if held long enough, will change color based on the holder's Aura.",10000,,
Cloth Equipment,Blue Bow,"Boosts the holder's Attack, Special Attack, Defense, and Special Defense by 1 level if the holder has a clear aqua blue Aura.",10000,,
Cloth Equipment,Brown Bow,"Boosts the holder's Attack, Special Attack, Defense, and Special Defense by 1 level if the holder has a subdued brown Aura.",10000,,
Cloth Equipment,Cobalt Bow,"Boosts the holder's Attack, Special Attack, Defense, and Special Defense by 1 level if the holder has a smart marine blue Aura.",10000,,
Cloth Equipment,Fuchsia Bow,"Boosts the holder's Attack, Special Attack, Defense, and Special Defense by 1 level if the holder has a vivid pink Aura.",10000,,
Cloth Equipment,Green Bow,"Boosts the holder's Attack, Special Attack, Defense, and Special Defense by 1 level if the holder has a refreshing green Aura.",10000,,
Cloth Equipment,Lime Bow,"Boosts the holder's Attack, Special Attack, Defense, and Special Defense by 1 level if the holder has a brilliant green Aura.",10000,,
Cloth Equipment,Minty Bow,"Boosts the holder's Attack, Special Attack, Defense, and Special Defense by 1 level if the holder has a gentle mint green Aura.",10000,,
Cloth Equipment,Orange Bow,"Boosts the holder's Attack, Special Attack, Defense, and Special Defense by 1 level if the holder has a stunning orange Aura.",10000,,
Cloth Equipment,Pink Bow,"Boosts the holder's Attack, Special Attack, Defense, and Special Defense by 1 level if the holder has an uplifting pink Aura.",10000,,
Cloth Equipment,Purple Bow,"Boosts the holder's Attack, Special Attack, Defense, and Special Defense by 1 level if the holder has a mystic purple Aura.",10000,,
Cloth Equipment,Red Bow,"Boosts the holder's Attack, Special Attack, Defense, and Special Defense by 1 level if the holder has a fiery red Aura.",10000,,
Cloth Equipment,Silver Bow,"Boosts the holder's Attack, Special Attack, Defense, and Special Defense by 1 level if the holder has a stately silver Aura.",10000,,
Cloth Equipment,Sky Blue Bow,"Boosts the holder's Attack, Special Attack, Defense, and Special Defense by 1 level if the holder has a cool sky blue Aura.",10000,,
Cloth Equipment,Violet Bow,"Boosts the holder's Attack, Special Attack, Defense, and Special Defense by 1 level if the holder has an elegant violet Aura.",10000,,
Cloth Equipment,Viridian Bow,"Boosts the holder's Attack, Special Attack, Defense, and Special Defense by 1 level if the holder has a deep green Aura.",10000,,
Cloth Equipment,Yellow Bow,"Boosts the holder's Attack, Special Attack, Defense, and Special Defense by 1 level if the holder has an energetic yellow Aura.",10000,,
Face Equipment,Alert Specs,Antitheft specs that prevent the Pokémon from having its held item snatched away or swatted down.,4000,,
Face Equipment,Goggle Specs,"High field of view specs that reveal hidden traps, Pokemon, and stairs to the holder.",3500,,
Face Equipment,Gaggle Specs,"Lookalike item for the Goggle Specs! A held item that makes the Pokémon stand out, making it easier to hit by enemies.",3500,,
Face Equipment,Gold Scope,Golden scopes that scan for any hidden Gold Bars or Golden Items hidden in the floor.,5000,,
Face Equipment,Insomniscope,"Psychedelic glasses that prevent Sleep, Yawning, Napping, or having a Nightmare.",3500,,
Face Equipment,Lock-On Specs,Specs with a built in HUD that makes thrown items never miss.,4000,,
Face Equipment,No-Con Specs,"Lookalike of Lock-On Specs, with a defective HUD that makes thrown items fly in random directions!",400,,
Face Equipment,Scope Lens,Thermal lens that increases the holder's Crit chance by +1.,7500,,
Face Equipment,Whiff Specs,Modified Lock-On Specs that allow the holder to throw items without hitting anyone. There must be a use case for this...,4000,,
Face Equipment,X-Ray Specs,"Powerful, wall scanning specs that make all Pokemon and Items fully visible on the map, but not tiles or stairs.",10000,,
Face Equipment,Y-Ray Specs,A Lookalike item for the X-Ray Specs. Wearing these will turn off your map!,1000,,
Face Equipment,Courage Crown,One of the Infinite Crowns. It proves that you overcame difficulties with your courageous bravery. Boosts the holder's Attack by 30!,5000,,
Face Equipment,Effort Crown,One of the Infinite Crowns. It proves that you overcame difficulties with your continuous efforts. Boosts the holder's Defense by 30!,5000,,
Face Equipment,Persistence Crown,One of the Infinite Crowns. It proves that you overcame difficulties with your unyelding spirit. Boosts the holder's Special Attack by 30!,5000,,
Face Equipment,Wisdom Crown,One of the Infinite Crowns. It proves that you overcame difficulties with your abundant wisdom. Boosts the holder's Special Defense by 30!,5000,,
Face Equipment,Heart Pendant,"A mysterious pendant that emits a soft, warm glow. Boosts the holder's Max HP by 50!",10000	,,
Orb,Align Orb,It makes the HP of your party members equal the highest HP among you.,300,,
Orb,All Dodge Orb,Using it sharply boosts the evasiveness of your party on the floor.,200,,
Orb,All-Hit Orb,"User and team go into a Focus Energy status for a short time, raising the critical hit ratio.",150,,
Orb,All-Mach Orb,Ups Movement Speed of all team members by one level.,150,,
Orb,All Power-Up Orb,Greatly increases the Attack and Special Attack of all teammates on the floor.,250,,
Orb,All Protect Orb,Teammates on the floor get the Protect status and are protected from enemy attacks for a set number of turns dependent on the size of the team.,600,,
Orb,Apathy Orb,Using it creates the apathetic condition on the floor and makes enemy Pokémon drop any items they may have.,75,,
Orb,Beatup Orb,Draws all team members to the user.,300,,
Orb,Blowback Orb,"Knocks a distant target flying. If the target hits a wall or another Pokémon, it sustains damage.",300,,
Orb,Cleanse Orb,"Sticky, gummed-up items are cleansed of grime, making them usable again",300,,
Orb,Decoy Orb,"Changes the status of the target to Decoy, making it the target of fellow Pokémon.",300,,
Orb,Deposit Orb,It sends a selected item to the Deposit Box.,1000,,
Orb,Drought Orb,Drains water and magma from the dungeon floor.,300,,
Orb,Emera-Up Orb,Using it adds 1 notch for an emera to a looplet. But the notch is available only during the adventure.,100,,
Orb,Enemy Discord Orb,Using it creates the Enemy Discord condition on the floor and makes enemy Pokémon unable to use an Alliance.,100,,
Orb,Enemy Evolve Orb,"Using it evolves enemy Pokémon in the same room, but it has no effect on your teammates.",2000,,
Orb,Enemy Devolve Orb,"Using it devolves enemy Pokémon in the same room, but it has no effect on your teammates.",2000,,
Orb,Escape Orb,An escape item that instantly warps the team out of the dungeon.,1000,,
Orb,Evasion Orb,A stat-boosting item that raises the user's evasiveness by 1 level.,300,,
Orb,Fill-In Orb,A landfill item that turns any water or lava in the floor into a solid wall.,300,,
Orb,Foe-Fear Orb,An item that afflicts all enemies in the room with a Terrified status condition.,250,,
Orb,Foe-Hold Orb,An item that afflicts all enemies on the floor with a Petrified status condition,400,,
Orb,Foe-Seal Orb,An item that afflicts all enemies in the room with a Paused status condition. ,350,,
Orb,Hail Orb,A climate-control item that changes the dungeon floor's weather to a Hail condition.,300,,
Orb,Health Orb,"Using it heals bad status conditions, resets lowered stats of your party, and makes your party healthy. Being healthy prevents bad status conditions or a reduction in stats.",150,,
Orb,Hurl Orb,A weapon item that hurls the target toward a random enemy Pokémon to inflict damage.,300,,
Orb,Identify Orb,A sensor item that indicates if the Pokémon on the floor are holding items or not.,300,,
Orb,Invisify Orb,An item that gives the user an Invisible status. A Pokémon with the Invisible status is cloaked from view.,300,,
Orb,Itemizer Orb,"A horrifying orb that turns the target Pokemon into an item. If it rebounds you will be turned into an item, so be careful!",1000,,
Orb,Lasso Orb,Gathers and immobilizes enemy Pokémon in the same room into one place.,75,,
Orb,Lob Orb,A weapon item that inflicts damage on a target up to 2 tiles away.,300,,
Orb,Longtoss Orb,"An item that gives Long Toss status to the user, which makes any item thrown by the user fly until it hits a wall or a Pokémon. It has no effect on thrown rocks.",300,,
Orb,Luminous Orb,A mapping item that reveals the entire floor to the user.,350,,
Orb,Mobile Orb,An item that gives a Mobile status to the user. A Pokémon with Mobile can move through walls and gullies and walk on lava and water.,300,,
Orb,Monster Orb,Using it changes the room to a Monster House.,500,,
Orb,Mug Orb,"A weapon item that inflicts damage on the target, even at a distance. It also steals the target's hold item and makes it the user's. This added affect works only if the user is not holding an item.",300,,
Orb,Nullify Orb,Using it nullifies the Abilities of enemy Pokémon on the entire floor.,75,,
Orb,Observer Orb,"Changes the status of the target to Paused, making it incapable of action.",500,,
Orb,One-Room Orb,"A destructive item that tears down all walls on the floor, turning the floor into one vast, open room. This might trigger Monster Houses so be careful!",500,,
Orb,One-Broom Orb,Lookalike Item for One-Room Orb. Using this will spawn a broom that will sweep away every item from the entire floor!,500,,
Orb,One-Shot Orb,A weapon item that has a 10% chance of instantly defeating the target in one shot.,1000,,
Orb,Petrify Orb,An item that afflicts all enemies in the room with a Petrified status condition.,300,,
Orb,Pierce Orb,"An item that gives Pierce status to the user, which makes any item thrown pierce through walls and all Pokémon it hits without stopping.",300,,
Orb,Possess Orb,"If the leader is holding this item and it faints, it will cause an adjacent ally to faint instead, move the leader to its place, and fully restore leader's HP, PP and Belly.",300,,
Orb,Pounce Orb,"An item that makes the user pounce towards the first Pokémon in its line of sight, no matter how distant. If there are no Pokémon in that direction, the user leaps to the wall.",300,,
Orb,Quick Orb,An item that boosts the Movement Speed of the user and team members in the room by 1 level.,300,,
Orb,Radar Orb,A sensory item that reveals the location of all enemies on the floor.,300,,
Orb,Rainy Orb,A climate-control item that changes the dungeon floor's weather to a Rain condition.,300,,
Orb,Rebound Orb,"An item that changes the user's status to Mini Counter, which enables the user to make certain types of moves and enemy attacks rebound, returning part of the damage",300,,
Orb,Revive All Orb,Using it revives all of your fainted teammates.,500,,
Orb,Reviver Orb,"Functions exactly like a Reviver Seed, but it cannot be accidentally eaten, not even by enemy Pokemon. Phew!",1000,,
Orb,Rocky Orb,A weapon item that inflicts damage on the target. It also reduces the target's Movement Speed by 1 level.,500,,
Orb,Rollcall Orb,A warping item that draws all team members to the user.,350,,
Orb,Sandy Orb,A climate-control item that changes the dungeon floor's weather to a Sanstorm condition.,500,,
Orb,Scanner Orb,A sensory item that reveals the location of all items on the floor.,300,,
Orb,See-Trap Orb,A sensory item that reveals all hidden traps in the same room as the user.,300,,
Orb,Shocker Orb,An item that afflicts a distant target with a Cowering status condition. A Pokémon with the Cowering status will find that its attacks go in the opposite direction on its aim.,300,,
Orb,Silence Orb,An item that afflicts a distant target with a Muzzled status condition. A Pokémon with the Muzzled status is incapable of using moves or items that require the use of its mouth.,300,,
Orb,Sizebust Orb,"A weapon item that inflicts damage on the target. The bigger the target's size, the greater the damage.",300,,
Orb,Slow Orb,A status item that reduces the Movement Speed of all enemies in the room by 1 level.,300,,
Orb,Slumber Orb,An item that afflicts all enemies in the room with a Sleep status condition. A Pokémon that has a Sleep status is incapable of action.,300,,
Orb,Snatch Orb,An item that gives Snatch status to the user. This status lets the user steal the effects of all moves used by Pokémon on the floor.,300,,
Orb,Spurn Orb,An item that warps all enemies in the room to random locations on the floor.,500,,
Orb,Spun Orb,Lookalike item for Spurn Orb. Using this will create a Spin Trap underneath you!,500,,
Orb,Stairs Orb,A sensory item that shows the location of the floor's stairway.,300,,
Orb,Stayaway Orb,"An item that afflicts an enemy in the user's line of sight with a Petrified status, then warps it near the floor's stairs.",300,,
Orb,Sunny Orb,A climate-control item that changes the dungeon floor's weather to a Sunny condition.,300,,
Orb,Surround Orb,It draws your teammates around the enemy Pokémon in front of you.,100,,
Orb,Switcher Orb,An item that makes a distant Pokémon switch places with the user.,300,,
Orb,Toss Orb,Equipping this item forces you to waste a turn to throw it. You can't resist...,300,,
Orb,Totter Orb,An item that afflicts all enemies in the room with a Confused status condition. A Pokémon with the Confused status condition will find that its movements and attacks go astray.,300,,
Orb,Transfer Orb,An item that transforms the target into a different Pokémon.,300,,
Orb,Trapbust Orb,An item that destroys all traps in the room with the user.,300,,
Orb,Trapper Orb,An item that sets a trap on the user's tile. The type of trap is randomly determined.,300,,
Orb,Trawl Orb,An item that pulls all items on the floor to the user. You can't pull items from a shop though.,300,,
Orb,Two-Edge Orb,An attack item that cuts the HP of all enemies in the room to just 1 HP. But the same will happen to your whole team!,1000,,
Orb,Warp Orb,An item that warps a distant Pokémon to a different spot on the floor.,300,,
Emera,Absorption Emera,Holding a looplet with this emera restores your HP when you defeat an enemy. Adding multiples of this emera increases the effect. Using this emera as an item slightly increases your HP during the adventure.,1,,
Emera,Additional Action Emera,"Holding a looplet with this emera enables you to take another action right after you defeat an enemy. If you keep defeating enemies with one shot, enemies won't be able to attack! Using this emera as an item slightly boosts your Speed during the adventure.",1,,
Emera,All-Knowing Emera,Holding a looplet with this emera displays the locations of items and Pokémon on the entire floor on the map. Using this emera as an item slightly increases your HP during the adventure.,1,,
Emera,Alliance Expert Emera,Holding a looplet with this emera increases the accuracy of moves used in an Alliance. Using this emera as an item slightly boosts your Attack during the adventure.,1,,
Emera,Ally Reviver Emera,"Holding a looplet with this emera revives teammates right after they faint. But it has no effect unless the leader has it. Also, the leader can't be revived from fainting. Using this emera as an item slightly increases your HP during the adventure.",1,,
Emera,Anchor Emera,Holding a looplet with this emera makes you immune to warping or being blown away. Using this emera as an item slightly increases your HP during the adventure.,1,,
Emera,Awakening Emera,"Holding a looplet with this emera awakens you! If you're capable of Mega Evolution, you'll Mega Evolve; otherwise you'll be awakened. Using this emera as an item slightly increases your HP during the adventure.",1,,
Emera,Barrage Emera,Holding a looplet with this emera sometimes enables you to use a move 1 more time. Having more empty notches on a looplet increases the effect. Using this emera as an item slightly boosts your Speed during the adventure.,1,,
Emera,Barrage Guard Emera,Holding a looplet with this emera decreases damage little by little when you take multiple attacks in 1 turn. Adding multiples of this emera increases the effect. Using this emera as an item slightly boosts your Sp. Def during the adventure.,1,,
Emera,Berry Power Emera,Holding a looplet with this emera sometimes prevents stats from being lowered and prevents bad status conditions. Having more varieties of Berries increases the effect. Using this emera as an item slightly boosts your Defense during the adventure.,1,,
Emera,Better Odds Emera,"Holding a looplet with this emera makes a move never miss, and it results in a critical hit if the move's remaining PP is an even number. Using this emera as an item slightly boosts your Attack during the adventure.",1,,
Emera,Big Ears Emera,Holding a looplet with this emera locates the Pokémon on the floor. Using this emera as an item slightly increases your HP during the adventure.,1,,
Emera,Big Recovery Emera,"Holding a looplet with this emera restores more HP when you restore HP via an item, Ability, or move. Using this emera as an item slightly boosts your HP during the adventure.",1,,
Emera,Burn Guard Emera,Holding a looplet with this emera prevents you from having a burn. Using this emera as an item slightly increases your HP during the adventure.,1,,
Emera,Clairvoyance Emera,Holding a looplet with this emera locates items on the floor. Using this emera as an item slightly increases your HP during the adventure.,1,,
Emera,Clutch Performer Emera,Holding a looplet with this emera makes it easier to dodge attacks in a pinch! Adding multiples of this emera increases the effect. Using this emera as an item slightly boosts your Speed during the adventure.,1,,
Emera,Comeback Emera,Holding a looplet with this emera increases the accuracy of a move on your next turn if your move misses. Adding multiples of this emera increases the effect. Using this emera as an item slightly boosts your Sp. Atk during the adventure.,1,,
Emera,Confusion Guard Emera,Holding a looplet with this emera prevents you from getting confused. Using the emera as an item slightly increases your HP during the adventure.,1,,
Emera,Distance Dodge Emera,Holding a looplet with this emera makes it easier to dodge faraway Pokémon's attacks. Adding multiples of this emera increases the effect. Using this emera as an item slightly boosts your Speed during the adventure.,1,,
Emera,Dizzying Payback Emera,Holding a looplet with this emera sometimes makes the attacker confused when a move by that attacker damages you. Adding multiples of this emera increases the effect. Using this emera as an item slightly boosts your Sp. Def during the adventure.,1,,
Emera,Dizzying Stare Emera,Holding a looplet with this emera sometimes makes the target confused when you attack. Adding multiples of this emera increases the effect. Using this emera as an item slightly boosts your Sp. Atk during the adventure.,1,,
Emera,Effect Boost Emera,Holding a looplet with this emera increases the chance that additional effects will be triggered. Adding multiples of this emera increases the effect. Using this emera as an item slightly boosts your Sp. Def during the adventure.,1,,
Emera,Elixir Search Emera,Holding a looplet with this emera sometimes makes enemy Pokémon drop an Elixir when you defeat them. Adding multiples of this emera increases the effect. Using this emera as an item slightly increases your HP during the adventure.,1,,
Emera,Emera Search Emera,Holding a looplet with this emera sometimes makes enemy Pokémon drop an emera when you defeat them. Adding multiples of this emera increases the effect. Using this emera as an item slightly increases your HP during the adventure.,1,,
Emera,Excessive Force Emera,Holding a looplet with this emera damages nearby enemies with excessive force when you defeat an enemy. Using this emera as an item slightly boosts your Attack during the adventure.,1,,
Emera,Explosion Guard Emera,Holding a looplet with this emera reduces damage taken from blasts. Adding multiples of this emera increases the effect. Using this emera as an item slightly boosts your Defense during the adventure.,1,,
Emera,Follow Through Emera,Holding a looplet with this emera makes your move reach 2 tiles away. Using this emera as an item slightly boosts your Speed during the adventure.,1,,
Emera,Go for Broke Emera,Holding a looplet with this emera boosts all your stats significantly. But be careful! It prevents Tiny Reviver Seeds and similar items from reviving you. Using this emera as an item slightly increases your HP during the adventure.,1,,
Emera,Guard Boost Emera,Holding a looplet with this emera reduces damage from moves. Adding multiples of this emera increases the effect. Using this emera as an item slightly boosts your Defense during the adventure.,1,,
Emera,Huge Meal Emera,Holding a looplet with this emera slows down the Belly's need for food as turns go by. Adding multiples of this emera increases the effect. Using this emera as an item slightly increases your HP during the adventure.,1,,
Emera,Item Checker Emera,Holding a looplet with this emera enables you to know the number of items on a floor when you move to it. Using this emera as an item slightly increases your HP during the adventure.,1,,
Emera,Intimidator Emera,Holding a looplet with this emera sometimes makes the target's move fail. Adding multiples of this emera increases the effect. Using this emera as an item slightly boosts your Speed.,1,,
Emera,Lucky Charm Emera,This emera will be chosen first when an effect that removes an emera is triggered. Using this emera as an item slightly increases your HP during the adventure.,1,,
Emera,Lullaby Emera,Holding a looplet with this emera makes the target go to sleep when a move of yours damages it. Adding multiples of this emera increases the effect. Using this emera as an item slightly boosts your Attack during the adventure.,1,,
Emera,Misfortune Mirror Emera,Holding a looplet with this emera boosts your evasiveness until your next turn if your move misses. Adding multiples of this emera increases the effect. Using this emera as an item slightly boosts your Speed during the adventure.,1,,
Emera,Mobility Emera,"Holding a looplet with this emera enables you to travel through walls, cross hot floors, and so on. But be careful! Your Belly will keep becoming empty while traveling through walls. Using this emera as an item slightly increases your HP during the adventure.",1,,
Emera,Natural Recovery Emera,Holding a looplet with this emera speeds up natural HP recovery. Adding multiples of this emera increases the effect. Using this emera as an item slightly increases your HP during the adventure.,1,,
Emera,Paralysis Guard Emera,Holding a looplet with this emera prevents you from suffering paralysis. Using this emera as an item slightly increases your HP during the adventure.,1,,
Emera,Payback Emera,Holding a looplet with this emera sometimes cuts the attacker's HP to 1 when a move by that attacker damages you. Adding multiples of this emera increases the effect. Using this emera as an item slightly boosts your Sp. Def during the adventure.,1,,
Emera,Petrify Power Emera,Holding a looplet with this emera makes the target become petrified when a move of yours damages it. Adding multiples of this emera or having more sticky items in the Bag increases the effect. Using this emera as an item slightly increases your HP during the adventure.,1,,
Emera,Piercing Throw Emera,Holding a looplet with this emera makes your thrown items pierce through all Pokémon and walls and fly endlessly. But it has no effect on thrown stones. Using this emera as an item slightly increases your HP during the adventure.,1,,
Emera,Poison Guard Emera,Holding a looplet with this emera prevents you from getting poisoned or badly poisoned. Using this emera as an item slightly increases your HP during the adventure.,1,,
Emera,Power Boost X Emera,Holding a looplet with this emera boosts the power of moves. Adding multiples of this emera increases the effect. Setting it with a Power Boost Y on a looplet boosts your accuracy as well. Using this emera as an item slightly boosts your Attack during the adventure.,1,,
Emera,Power Boost Y Emera,Holding a looplet with this emera boosts the power of moves. Adding multiples of this emera increases the effect. Setting it with a Power Boost X on a looplet boosts your accuracy as well. Using this emera as an item slightly boosts your Sp. Attack during the adventure.,1,,
Emera,PP Restore Emera,Holding a looplet with this emera restores your PP when you move to the next floor. Adding multiples of this emera increases the effect. Using this emera as an item slightly increases your HP during the adventure.,1,,
Emera,Prolong Emera,Holding a looplet with this emera makes the effects of moves and items that give enemy Pokémon a bad status condition last slightly longer. Adding multiples of this emera prolongs the effect. Using this emera as an item slightly boosts your Speed during the adventure.,1,,
Emera,Rain's Blessing Emera,"Holding a looplet with this emera changes the weather on the floor to rain. During this weather, Water-type moves deal more damage and Fire-type moves deal less damage. Using this emera as an item slightly increases your HP during the adventure.",1,,
Emera,Resilient Emera,Holding a looplet with this emera prevents all of your stats from being lowered. Using this emera as an item slightly boosts your Sp. Def during the adventure.,1,,
Emera,Room Checker Emera,Holding a looplet with this emera tells you whether there is a shop or a Monster House when you move to a floor. Using this emera as an item slightly increases your HP during the adventure.,1,,
Emera,Satiated Emera,Holding a looplet with this emera prevents the Belly from getting empty as turns go by. Using this emera as an item slightly increases your HP during the adventure.,1,,
Emera,Second Chance Emera,Not available in-game.,1,,
Emera,Self Control Emera,Holding a looplet with this emera prevents you from damaging teammates when you're confused or have the blinker status condition. Using this emera as an item slightly increases your HP during the adventure.,1,,
Emera,Sleep Guard Emera,"Holding a looplet with this emera prevents you from falling asleep, yawning, or a nightmare. Using this emera as an item slightly increases your HP during the adventure.",1,,
Emera,Sleep Payback Emera,Holding a looplet with this emera sometimes makes the attacker sleep when you are damaged by a move. Adding multiples of this emera increases the effect. Using this emera as an item slightly boosts your Defense during the adventure.,1,,
Emera,Status Immunity Emera,Holding a looplet with this emera occasionally prevents you from having a bad status condition. Using this emera as an item slightly boosts your Defense during the adventure.,1,,
Emera,Status Mirror Emera,Holding a looplet with this emera makes the Pokémon in front of you have the same status condition as you when you get one. Using this emera as an item slightly boosts your Speed during the adventure.,1,,
Emera,Stick Locator Emera Emera,Lookalike Item to the Stair Locator Emera. Equipping this to a Looplet will cause the Looplet to become sticky!,1,,
Emera,Stair Locator Emera,Holding a looplet with this emera enables you to see the location of the stairs on the floor. Using this emera as an item slightly increases your HP during the adventure.,1,,
Emera,Super Critical Emera,Holding a looplet with this emera increases the critical-hit rate when a move is super effective. Using this emera as an item slightly boosts your Attack during the adventure.,1,,
Emera,Surveyor Emera,Holding a looplet with this emera displays the layout of the floor on the map when you move to a floor. Using this emera as an item slightly increases your HP during the adventure.,1,,
Emera,Sun's Blessing Emera,"Holding a looplet with this emera changes the weather on the floor to sunny. During this weather, Fire-type moves deal more damage and Water-type moves deal less damage. Using this emera as an item slightly increases your HP during the adventure.",1,,
Emera,Targeted Attack Emera,Not available in-game.,1,,
Emera,Tight Grip Emera,Holding a looplet with this emera prevents held items from being dropped or stolen. Using this emera as an item slightly boosts your Speed during the adventure.,1,,
Emera,Tiptoe Emera,"Holding a looplet with this emera prevents you from waking up sleeping enemy Pokémon when you approach them. It works only for the holder, so be careful. Using this emera as an item slightly increases your HP during the adventure.",1,,
Emera,Training Emera,Holding a looplet with this emera boosts move growth. Adding multiples of this emera doesn't change the effect. Using this emera as an item slightly boosts your Sp. Atk during the adventure.,1,,
Emera,Treasure Hunter Emera,Holding a looplet with this emera increases the chance of enemy Pokémon dropping a Treasure Box when you defeat them. Adding multiples of this emera increases the effect. Using this emera as an item slightly increases your HP during the adventure.,1,,
Emera,Tunnel Emera,"Holding a looplet with this emera enables you to dig a hole in the wall by attacking it. But every time you dig, your Belly gets emptier, so take care and watch how much you dig! You can't dig when your Belly is 0. Using this emera as an item slightly boosts your Sp. Atk during the adventure.",1,,
Emera,Type Bulldozer Emera,Holding a looplet with this emera prevents moves' damage from being reduced when they would not be effective or would have no effect. Using this emera as an item slightly boosts your Attack during the adventure.,1,,
Emera,Toughness Emera,"Holding a looplet with this emera makes you endure an attack that would cause you to faint. You'll be left with 1 HP remaining, but the emera disappears after you endure an attack. Using this emera as an item slightly boosts your Sp. Def during the adventure.",1,,
Emera,Trap Proof Emera,Holding a looplet with this emera nullifies the effects of traps you step on. Using this emera as an item slightly increases your HP during the adventure.,1,,
Emera,Wand Expert Emera,"Holding a looplet with this emera makes the effects of wands spread like a fan. Also, the number of uses remaining sometimes stays the same. Using this emera as an item slightly boosts your Attack during the adventure.",1,,
Emera,Warp Payback Emera,Holding a looplet with this emera sometimes warps the attacker elsewhere when a move by that attacker damages you. Adding multiples of this emera increases this effect. Using this emera as an item slightly boosts your Defense during the adventure.,1,,
Emera,Whirlwind Emera,Holding a looplet with this emera sends the target flying 10 tiles away when you attack by pressing A. Using this emera as an item slightly boosts your Sp. Atk during the adventure.,1,,
Type Equipment,White Silk,Raises Attack by 10 and Defense by 7 to all Normal types in your team when kept in the bag,1000,,
Type Equipment,Normal Dust,Raises Special Attack by 10 and Special Defense by 7 to all Normal types in your team when kept in the bag,1000,,
Type Equipment,White Gem,Raises Movement Speed by 1 to all Normal types in your team when kept in the bag,3000,,
Type Equipment,Joy Globe,Enemy moves Supereffective to Normal type deal normal damage if there's at least one Pokemon of that type in the team when kept in the bag.,5000,,
Type Equipment,Red Silk,Raises Attack by 10 and Defense by 7 to all Fire types in your team when kept in the bag,1000,,
Type Equipment,Fire Dust,Raises Special Attack by 10 and Special Defense by 7 to all Fire types in your team when kept in the bag,1000,,
Type Equipment,Fiery Gem,Raises Movement Speed by 1 to all Fire types in your team when kept in the bag,3000,,
Type Equipment,Fiery Globe,Enemy moves Supereffective to Fire type deal normal damage if there's at least one Pokemon of that type in the team when kept in the bag.,5000,,
Type Equipment,Blue Silk,Raises Attack by 10 and Defense by 7 to all Water types in your team when kept in the bag,1000,,
Type Equipment,Water Dust,Raises Special Attack by 10 and Special Defense by 7 to all Water types in your team when kept in the bag,1000,,
Type Equipment,Aqua Gem,Raises Movement Speed by 1 to all Water types in your team when kept in the bag,3000,,
Type Equipment,Aqua Globe,Enemy moves Supereffective to Water type deal normal damage if there's at least one Pokemon of that type in the team when kept in the bag.,5000,,
Type Equipment,Grass Silk,Raises Attack by 10 and Defense by 7 to all Grass types in your team when kept in the bag,1000,,
Type Equipment,Grass Dust,Raises Special Attack by 10 and Special Defense by 7 to all Grass types in your team when kept in the bag,1000,,
Type Equipment,Grass Gem,Raises Movement Speed by 1 to all Grass types in your team when kept in the bag,3000,,
Type Equipment,Soothe Globe,Enemy moves Supereffective to Grass type deal normal damage if there's at least one Pokemon of that type in the team when kept in the bag.,5000,,
Type Equipment,Yellow Silk,Raises Attack by 10 and Defense by 7 to all Electric types in your team when kept in the bag,1000,,
Type Equipment,Thunder Dust,Raises Special Attack by 10 and Special Defense by 7 to all Electric types in your team when kept in the bag,1000,,
Type Equipment,Thunder Gem,Raises Movement Speed by 1 to all Electric types in your team when kept in the bag,3000,,
Type Equipment,Volt Globe,Enemy moves Supereffective to Electric type deal normal damage if there's at least one Pokemon of that type in the team when kept in the bag.,5000,,
Type Equipment,Clear Silk,Raises Attack by 10 and Defense by 7 to all Ice types in your team when kept in the bag,1000,,
Type Equipment,Icy Dust,Raises Special Attack by 10 and Special Defense by 7 to all Ice types in your team when kept in the bag,1000,,
Type Equipment,Icy Gem,Raises Movement Speed by 1 to all Ice types in your team when kept in the bag,3000,,
Type Equipment,Icy Globe,Enemy moves Supereffective to Ice type deal normal damage if there's at least one Pokemon of that type in the team when kept in the bag.,5000,,
Type Equipment,Orange Silk,Raises Attack by 10 and Defense by 7 to all Fighting types in your team when kept in the bag,1000,,
Type Equipment,Courage Dust,Raises Special Attack by 10 and Special Defense by 7 to all Fighting types in your team when kept in the bag,1000,,
Type Equipment,Fight Gem,Raises Movement Speed by 1 to all Fighting types in your team when kept in the bag,3000,,
Type Equipment,Power Globe,Enemy moves Supereffective to Fighting type deal normal damage if there's at least one Pokemon of that type in the team when kept in the bag.,5000,,
Type Equipment,Pink Silk,Raises Attack by 10 and Defense by 7 to all Poison types in your team when kept in the bag,1000,,
Type Equipment,Poison Dust,Raises Special Attack by 10 and Special Defense by 7 to all Poison types in your team when kept in the bag,1000,,
Type Equipment,Poison Gem,Raises Movement Speed by 1 to all Poison types in your team when kept in the bag,3000,,
Type Equipment,Poison Globe,Enemy moves Supereffective to Poison type deal normal damage if there's at least one Pokemon of that type in the team when kept in the bag.,5000,,
Type Equipment,Brown Silk,Raises Attack by 10 and Defense by 7 to all Ground types in your team when kept in the bag,1000,,
Type Equipment,Ground Dust,Raises Special Attack by 10 and Special Defense by 7 to all Ground types in your team when kept in the bag,1000,,
Type Equipment,Earth Gem,Raises Movement Speed by 1 to all Ground types in your team when kept in the bag,3000,,
Type Equipment,Terra Globe,Enemy moves Supereffective to Ground type deal normal damage if there's at least one Pokemon of that type in the team when kept in the bag.,5000,,
Type Equipment,Sky Silk,Raises Attack by 10 and Defense by 7 to all Flying types in your team when kept in the bag,1000,,
Type Equipment,Sky Dust,Raises Special Attack by 10 and Special Defense by 7 to all Flying types in your team when kept in the bag,1000,,
Type Equipment,Sky Gem,Raises Movement Speed by 1 to all Flying types in your team when kept in the bag,3000,,
Type Equipment,Sky Globe,Enemy moves Supereffective to Flying type deal normal damage if there's at least one Pokemon of that type in the team when kept in the bag.,5000,,
Type Equipment,Gold Silk,Raises Attack by 10 and Defense by 7 to all Psychic types in your team when kept in the bag,1000,,
Type Equipment,Psyche Dust,Raises Special Attack by 10 and Special Defense by 7 to all Psychic types in your team when kept in the bag,1000,,
Type Equipment,Psyche Gem,Raises Movement Speed by 1 to all Psychic types in your team when kept in the bag,3000,,
Type Equipment,Psyche Globe,Enemy moves Supereffective to Psychic type deal normal damage if there's at least one Pokemon of that type in the team when kept in the bag.,5000,,
Type Equipment,Green Silk,Raises Attack by 10 and Defense by 7 to all Bug types in your team when kept in the bag,1000,,
Type Equipment,Wonder Dust,Raises Special Attack by 10 and Special Defense by 7 to all Bug types in your team when kept in the bag,1000,,
Type Equipment,Guard Gem,Raises Movement Speed by 1 to all Bug types in your team when kept in the bag,3000,,
Type Equipment,Defend Globe,Enemy moves Supereffective to Bug type deal normal damage if there's at least one Pokemon of that type in the team when kept in the bag.,5000,,
Type Equipment,Gray Silk,Raises Attack by 10 and Defense by 7 to all Rock types in your team when kept in the bag,1000,,
Type Equipment,Rock Dust,Raises Special Attack by 10 and Special Defense by 7 to all Rock types in your team when kept in the bag,1000,,
Type Equipment,Stone Gem,Raises Movement Speed by 1 to all Rock types in your team when kept in the bag,3000,,
Type Equipment,Rock Globe,Enemy moves Supereffective to Rock type deal normal damage if there's at least one Pokemon of that type in the team when kept in the bag.,5000,,
Type Equipment,Purple Silk,Raises Attack by 10 and Defense by 7 to all Ghost types in your team when kept in the bag,1000,,
Type Equipment,Shady Dust,Raises Special Attack by 10 and Special Defense by 7 to all Ghost types in your team when kept in the bag,1000,,
Type Equipment,Shadow Gem,Raises Movement Speed by 1 to all Ghost types in your team when kept in the bag,3000,,
Type Equipment,Nether Globe,Enemy moves Supereffective to Ghost type deal normal damage if there's at least one Pokemon of that type in the team when kept in the bag.,5000,,
Type Equipment,Royal Silk,Raises Attack by 10 and Defense by 7 to all Dragon types in your team when kept in the bag,1000,,
Type Equipment,Dragon Dust,Raises Special Attack by 10 and Special Defense by 7 to all Dragon types in your team when kept in the bag,1000,,
Type Equipment,Dragon Gem,Raises Movement Speed by 1 to all Dragon types in your team when kept in the bag,3000,,
Type Equipment,Dragon Globe,Enemy moves Supereffective to Dragon type deal normal damage if there's at least one Pokemon of that type in the team when kept in the bag.,5000,,
Type Equipment,Black Silk,Raises Attack by 10 and Defense by 7 to all Dark types in your team when kept in the bag,1000,,
Type Equipment,Dark Dust,Raises Special Attack by 10 and Special Defense by 7 to all Dark types in your team when kept in the bag,1000,,
Type Equipment,Dark Gem,Raises Movement Speed by 1 to all Dark types in your team when kept in the bag,3000,,
Type Equipment,Dusk Globe,Enemy moves Supereffective to Dark type deal normal damage if there's at least one Pokemon of that type in the team when kept in the bag.,5000,,
Type Equipment,Iron Silk,Raises Attack by 10 and Defense by 7 to all Iron types in your team when kept in the bag,1000,,
Type Equipment,Steel Dust,Raises Special Attack by 10 and Special Defense by 7 to all Iron types in your team when kept in the bag,1000,,
Type Equipment,Metal Gem,Raises Movement Speed by 1 to all Iron types in your team when kept in the bag,3000,,
Type Equipment,Steel Globe,Enemy moves Supereffective to Iron type deal normal damage if there's at least one Pokemon of that type in the team when kept in the bag.,5000,,
Type Equipment,Violet Silk,Raises Attack by 10 and Defense by 7 to all Fairy types in your team when kept in the bag,1000,,
Type Equipment,Pixie Dust,Raises Special Attack by 10 and Special Defense by 7 to all Fairy types in your team when kept in the bag,1000,,
Type Equipment,Pixie Gem,Raises Movement Speed by 1 to all Fairy types in your team when kept in the bag,3000,,
Type Equipment,Fae Globe,Enemy moves Supereffective to Fairy type deal normal damage if there's at least one Pokemon of that type in the team when kept in the bag.,5000,,
Device,Bug Device,"A gadget that doubles the power of Bug type moves in the entire floor. You can only use one device per floor, and it gets destroyed as soon as you get to the stairs.",500,,
Device,Dark Device,"A gadget that doubles the power of Dark type moves in the entire floor. You can only use one device per floor, and it gets destroyed as soon as you get to the stairs.",500,,
Device,Dragon Device,"A gadget that doubles the power of Dragon type moves in the entire floor. You can only use one device per floor, and it gets destroyed as soon as you get to the stairs.",500,,
Device,Electric Device,"A gadget that doubles the power of Electric type moves in the entire floor. You can only use one device per floor, and it gets destroyed as soon as you get to the stairs.",500,,
Device,Fighting Device,"A gadget that doubles the power of Fighting type moves in the entire floor. You can only use one device per floor, and it gets destroyed as soon as you get to the stairs.",500,,
Device,Fire Device,"A gadget that doubles the power of Fire type moves in the entire floor. You can only use one device per floor, and it gets destroyed as soon as you get to the stairs.",500,,
Device,Flying Device,"A gadget that doubles the power of Flying type moves in the entire floor. You can only use one device per floor, and it gets destroyed as soon as you get to the stairs.",500,,
Device,Ghost Device,"A gadget that doubles the power of Ghost type moves in the entire floor. You can only use one device per floor, and it gets destroyed as soon as you get to the stairs.",500,,
Device,Grass Device,"A gadget that doubles the power of Grass type moves in the entire floor. You can only use one device per floor, and it gets destroyed as soon as you get to the stairs.",500,,
Device,Ground Device,"A gadget that doubles the power of Ground type moves in the entire floor. You can only use one device per floor, and it gets destroyed as soon as you get to the stairs.",500,,
Device,Ice Device,"A gadget that doubles the power of Ice type moves in the entire floor. You can only use one device per floor, and it gets destroyed as soon as you get to the stairs.",500,,
Device,Normal Device,"A gadget that doubles the power of Normal type moves in the entire floor. You can only use one device per floor, and it gets destroyed as soon as you get to the stairs.",500,,
Device,Poison Device,"A gadget that doubles the power of Poison type moves in the entire floor. You can only use one device per floor, and it gets destroyed as soon as you get to the stairs.",500,,
Device,Psychic Device,"A gadget that doubles the power of Psychic type moves in the entire floor. You can only use one device per floor, and it gets destroyed as soon as you get to the stairs.",500,,
Device,Rock Device,"A gadget that doubles the power of Rock type moves in the entire floor. You can only use one device per floor, and it gets destroyed as soon as you get to the stairs.",500,,
Device,Steel Device,"A gadget that doubles the power of Steel type moves in the entire floor. You can only use one device per floor, and it gets destroyed as soon as you get to the stairs.",500,,
Device,Water Device,"A gadget that doubles the power of Water type moves in the entire floor. You can only use one device per floor, and it gets destroyed as soon as you get to the stairs.",500,,
Device,Fairy Device,"A gadget that doubles the power of Fairy type moves in the entire floor. You can only use one device per floor, and it gets destroyed as soon as you get to the stairs.",500,,
Berry,Oren Berry,"Lookalike item for the Oran Berry. Instead of healing you, it deals 10 damage. Be careful!",,,
