Pokemon|Item 1 Name|Item 1 Description|Item 1 Rarity|Item 2 Name|Item 2 Description|Item 2 Rarity|Item 3 Name|Item 3 Description|Item 3 Rarity|Item 4 Name|Item 4 Description|Item 4 Rarity|Item 5 Name|Item 5 Description|Item 5 Rarity|
Bulbasaur|Bulba-Claw|Raises Attack by 5|ğŸŸƒ|Bulba-Fang|Raises Sp. Attack by 5|ğŸŸƒ|Grass-Guard|Raises Attack and Sp. Attack by 5 each|ğŸŸ‡|Leafy Tie|Increases maximum HP by 10.|âœ¯||||
Ivysaur|Ivy-Claw|Raises Attack by 5|ğŸŸƒ|Ivy-Fang|Raises Sp. Attack by 5|ğŸŸƒ|Ivy-Crest|Raises Attack and Sp. Attack by 5 each|ğŸŸ‡|Plant Torc|Increases the amount of HP recovered through HP-draining moves.|âœ¯||||
Venusaur|Venus-Claw|Raises Attack by 5|ğŸŸƒ|Venus-Fang|Raises Sp. Attack by 5|ğŸŸƒ|Venus-Seal|Raises Attack and Sp. Attack by 5 each|ğŸŸ‡|Solar Sash|Recovers HP when hit by a Fire move.|âœ¯||||
Charmander|Char-Claw|Raises Attack by 5|ğŸŸƒ|Char-Fang|Raises Sp. Attack by 5|ğŸŸƒ|Fiery Heart|Raises Attack and Sp. Attack by 5 each|ğŸŸ‡|Heat Armlet|Increases maximum HP by 10.|âœ¯||||
Charmeleon|Charme-Claw|Raises Attack by 5|ğŸŸƒ|Charme-Fang|Raises Sp. Attack by 5|ğŸŸƒ|Charme-Crest|Raises Attack and Sp. Attack by 5 each|ğŸŸ‡|Kindle Scarf|Boosts Movement Speed by 1 during the Sunny weather condition.|âœ¯||||
Charizard|Chariz-Claw|Raises Attack by 5|ğŸŸƒ|Chariz-Fang|Raises Sp. Attack by 5|ğŸŸƒ|Chariz-Seal|Raises Attack and Sp. Attack by 5 each|ğŸŸ‡|Flame Bangle|Recovers HP when hit by a Water move.|âœ¯||||
Squirtle|Squirt-Foam|Raises Defense by 3|ğŸŸƒ|Squirt-Card|Raises Sp. Defense by 3|ğŸŸƒ|Water-Guard|Raises Defense and Sp. Defense by 3 each|ğŸŸ‡|Aqua Tie|Increases maximum HP by 10.|âœ¯||||
Wartortle|Wartor-Claw|Raises Attack by 5|ğŸŸƒ|Wartor-Fang|Raises Sp. Attack by 5|ğŸŸƒ|Wartor-Crest|Raises Attack and Sp. Attack by 5 each|ğŸŸ‡|BubbleBangle|Halves damage taken from Selfdestruct and Explosion|âœ¯||||
Blastoise|Blasto-Claw|Raises Attack by 5|ğŸŸƒ|Blasto-Card|Raises Sp. Defense by 3|ğŸŸƒ|Blasto-Seal|Raises Attack by 5 and Sp. Defense by 3|ğŸŸ‡|Hydro Band|Recovers HP when hit by an Electric move.|âœ¯||||
Caterpie|Cater-Belt|Any Berry or Apple eaten will recover an extra 10 HP.|ğŸŸ‡|||||||||||||
Metapod|Defense Bow|Increases maximum HP by 10.|ğŸŸ‡|||||||||||||
Butterfree|Glittery Bow|Recovers HP when hit by a Rock move.|ğŸŸ‡|||||||||||||
Weedle|Weedle Bow|Any Berry or Apple eaten will recover an extra 10 HP.|ğŸŸ‡|||||||||||||
Kakuna|Kakuna Scarf|Makes thrown or hurled items bounce off the PokÃ©mon.|ğŸŸ‡|||||||||||||
Beedrill|Charge Scarf|Recovers HP when hit by a Rock move.|ğŸŸ‡|||||||||||||
Pidgey|Pidgey Bow|Protects against thrown items.|ğŸŸ‡|||||||||||||
Pidgeotto|Pidgeo-Scarf|Boosts Evasion by 2 during the Clear weather condition.|ğŸŸ‡|||||||||||||
Pidgeot|Pidgeot Torc|Recovers HP when hit by a Rock move.|ğŸŸ‡|||||||||||||
Rattata|Ratta-Scarf|Reflect and Light Screen do not affect this PokÃ©mon's moves.|ğŸŸ‡|||||||||||||
Raticate|Overcome Bow|Recovers HP when hit by a Fighting move.|ğŸŸ‡|||||||||||||
Spearow|Quirky Bow|Boosts Evasion by 2 during the Clear weather condition.|ğŸŸ‡|||||||||||||
Fearow|Wing Scarf|Recovers HP when hit by a Rock move.|ğŸŸ‡|||||||||||||
Ekans|Leash Bow|May afflict attacking enemies with a Shadow Hold status condition.|ğŸŸ‡|||||||||||||
Arbok|Shock Ruff|Recovers HP when hit by a Psychic move.|ğŸŸ‡|||||||||||||
Pikachu|Pikachu Hair|Raises Defense by 3|ğŸŸƒ|Pikachu Card|Raises Sp. Defense by 3|ğŸŸƒ|Volt Charm|Raises Defense and Sp. Defense by 3 each|ğŸŸ‡|Volt Torc|Reflect and Light Screen do not affect this PokÃ©mon's moves.|âœ¯||||
Raichu|Raichu Hair|Raises Defense by 3|ğŸŸƒ|Raichu Card|Raises Sp. Defense by 3|ğŸŸƒ|Raichu Crest|Raises Defense and Sp. Defense by 3 each|ğŸŸ‡|Zapper Scarf|Recovers HP when hit by a Ground move.|âœ¯||||
Sandshrew|Sand-Scarf|Foes cannot get a critical hit on this PokÃ©mon.|ğŸŸ‡|||||||||||||
Sandslash|Sandy Torc|Recovers HP when hit by an Grass move.|ğŸŸ‡|||||||||||||
Nidoranâ™€|Pointy Scarf|Adds 2 to base PP of all moves.|ğŸŸ‡|||||||||||||
Nidorina|Return Scarf|Earns the PokÃ©mon 5 exp. points each time it is hit.|ğŸŸ‡|||||||||||||
Nidoqueen|Impact Torc|Recovers HP when hit by a Psychic move.|ğŸŸ‡|||||||||||||
Nidoranâ™‚|Halve Scarf|Increases maxiumum HP by 10.|ğŸŸ‡|||||||||||||
Nidorino|Thorny Scarf|May restore PP of a random move upon taking any kind of damage.|ğŸŸ‡|||||||||||||
Nidoking|King Sash|Recovers HP when hit by a Psychic move.|ğŸŸ‡|||||||||||||
Clefairy|Clef-Claw|Raises Attack by 5|ğŸŸƒ|Clef-Fang|Raises Sp. Attack by 5|ğŸŸƒ|Moon Jewel|Raises Attack and Sp. Attack by 5 each|ğŸŸ‡|Moon Scarf|Adds 2 to base PP of all moves.|âœ¯||||
Clefable|Clefa-Claw|Raises Attack by 5|ğŸŸƒ|Clefa-Card|Raises Sp. Defense by 3|ğŸŸƒ|Moon Rock|Raises Attack by 5 and Sp. Defense by 3|ğŸŸ‡|Fairy Bow|Recovers HP when hit by a Fighting move.|âœ¯||||
Vulpix|Vulpix Tail|Raises Defense by 3|ğŸŸƒ|Vulpix Card|Raises Sp. Defense by 3|ğŸŸƒ|Vulpix Tag|Raises Defense and Sp. Defense by 3 each|ğŸŸ‡|Glowing Bow|Special moves are weakened to half their strength.|âœ¯||||
Ninetales|Nine-Hair|Raises Defense by 3|ğŸŸƒ|Nine-Card|Raises Sp. Defense by 3|ğŸŸƒ|Nine-Seal|Raises Defense and Sp. Defense by 3 each|ğŸŸ‡|Afire Collar|Recovers HP when hit by a Water move.|âœ¯||||
Jigglypuff|Jiggly-Song|Raises Sp. Attack by 5|ğŸŸƒ|Jiggly-Card|Raises Sp. Defense by 3|ğŸŸƒ|Slumber Rock|Raises Sp. Attack by 5 and Sp. Defense by 3|ğŸŸ‡|Snooze Ring|May afflict attacking enemies with a Sleep status condition.|âœ¯||||
Wigglytuff|Wiggly-Hair|Raises Defense by 3|ğŸŸƒ|Wiggly-Card|Raises Sp. Defense by 3|ğŸŸƒ|Buddy Rock|Raises Defense and Sp. Defense by 3 each|ğŸŸ‡|Friend Torc|Recovers HP when hit by a Fighting move.|âœ¯||||
Zubat|Dodge Bow|Boosts Evasion by 2 during the Cloudy weather condition.|ğŸŸ‡|||||||||||||
Golbat|Absorb Scarf|Increases the amount of HP recovered through HP-draining moves.|ğŸŸ‡|||||||||||||
Oddish|Odd Bow|May afflict attacking enemies with a Confused status condition.|ğŸŸ‡|||||||||||||
Gloom|Guard Hat|Increases the amount of HP recovered through HP-draining moves.|ğŸŸ‡|||||||||||||
Vileplume|Aroma Scarf|Recovers HP when hit by a Fire move.|ğŸŸ‡|||||||||||||
Paras|Moving Scarf|PokÃ©mon cannot be inflicted with the Paralysis status condition.|ğŸŸ‡|||||||||||||
Parasect|Firm Hat|Recovers HP when hit by a Fire move.|ğŸŸ‡|||||||||||||
Venonat|Gaze Goggles|Earns the PokÃ©mon 5 exp. points each time it is hit.|ğŸŸ‡|||||||||||||
Venomoth|Venomoth Bow|Recovers HP when hit by a Rock move.|ğŸŸ‡|||||||||||||
Diglett|Diglett Hat|Protects against thrown items.|ğŸŸ‡|||||||||||||
Dugtrio|Dugtrio Bow|Recovers HP when hit by a Grass move.|ğŸŸ‡|||||||||||||
Meowth|Meowth Claw|Raises Attack by 5|ğŸŸƒ|Meowth Fang|Raises Sp. Attack by 5|ğŸŸƒ|Coin Charm|Raises Attack and Sp. Attack by 5 each|ğŸŸ‡|Bling Ruff|Increases maximum HP by 10.|âœ¯||||
Persian|Persian Claw|Raises Attack by 5|ğŸŸƒ|Persian Fang|Raises Sp. Attack by 5|ğŸŸƒ|Insight Rock|Raises Attack and Sp. Attack by 5 each|ğŸŸ‡|Noble Scarf|Recovers HP when hit by a Fighting move.|âœ¯||||
Psyduck|Psyduck Hat|Boosts Evasion by 2 during the Clear weather condition.|ğŸŸ‡|||||||||||||
Golduck|Paddle Scarf|Recovers HP when hit by an Electric move.|ğŸŸ‡|||||||||||||
Mankey|Mankey Torc|May afflict attacking enemies with a Cringe status condition.|ğŸŸ‡|||||||||||||
Primeape|Nullify Belt|Recovers HP when hit by a Psychic move.|ğŸŸ‡|||||||||||||
Growlithe|Growl Scarf|Earns the PokÃ©mon bonus Exp. points.|ğŸŸ‡|||||||||||||
Arcanine|Legend Bow|Recovers HP when hit by a Water move.|ğŸŸ‡|||||||||||||
Poliwag|Damp Bow|Boosts Evasion by 2 during the Rain weather condition.|ğŸŸ‡|||||||||||||
Poliwhirl|Poli-Bow|May afflict attacking enemies with a Confusion status condition.|ğŸŸ‡|||||||||||||
Poliwrath|Bold Belt|Recovers HP when hit by a Flying move.|ğŸŸ‡|||||||||||||
Abra|Predict Torc|Prevents the PokÃ©mon's moves from being sealed.|ğŸŸ‡|||||||||||||
Kadabra|Psychic Torc|Random chance of sealing an opponent's move.|ğŸŸ‡|||||||||||||
Alakazam|Sparkle Ruff|Recovers HP when hit by a Dark move.|ğŸŸ‡|||||||||||||
Machop|Impish Band|Foes cannot get a critical hit on this PokÃ©mon.|ğŸŸ‡|||||||||||||
Machoke|Strong Belt|Reflect and Light Screen do not affect this PokÃ©mon's moves.|ğŸŸ‡|||||||||||||
Machamp|Machamp Belt|Recovers HP when hit by a Psychic move.|ğŸŸ‡|||||||||||||
Bellsprout|Bell-Bow|Halves damage taken from Selfdestruct and Explosion|ğŸŸ‡|||||||||||||
Weepinbell|Digest Scarf|Any Berry or Apple eaten will recover an extra 10 HP.|ğŸŸ‡|||||||||||||
Victreebel|Victree-Torc|Recovers HP when hit by a Fire move.|ğŸŸ‡|||||||||||||
Tentacool|Tangle Bow|May afflict attacking enemies with a Shadow Hold status condition.|ğŸŸ‡|||||||||||||
Tentacruel|Tenta-Cape|Recovers HP when hit by a Psychic move.|ğŸŸ‡|||||||||||||
Geodude|Geodude Torc|Increases recovery rate of HP when walking in a dungeon.|ğŸŸ‡|||||||||||||
Graveler|Rocky Torc|Eliminates any damage taken from Selfdestruct and Explosion|ğŸŸ‡|||||||||||||
Golem|Rugged Sash|Recovers HP when hit by a Grass move.|ğŸŸ‡|||||||||||||
Ponyta|Heated Bow|Boosts Movement Speed by 1 during the Sunny weather condition.|ğŸŸ‡|||||||||||||
Rapidash|Sunlight Bow|Recovers HP when hit by a Water move.|ğŸŸ‡|||||||||||||
Slowpoke|Slowpoke Hat|May reduce the Movement Speed of attacking enemies by 1 level when hit.|ğŸŸ‡|||||||||||||
Slowbro|Slow-Scarf|Recovers HP when hit by a Dark move.|ğŸŸ‡|||||||||||||
Magnemite|Magne-Torc|PokÃ©mon cannot be inflicted with the Paralysis status condition.|ğŸŸ‡|||||||||||||
Magneton|Magneton Bow|Boosts Evasion by 2 during the Cloudy weather condition.|ğŸŸ‡|||||||||||||
Farfetch'd|Bullseye Bow|Enables Fighting moves and Normal moves to inflict increased damage on Ghost PokÃ©mon.|ğŸŸ‡|||||||||||||
Doduo|Buddy Torc|Hidden Stairs are more likely to appear.|ğŸŸ‡|||||||||||||
Dodrio|Fight Torc|Recovers HP when hit by a Rock move.|ğŸŸ‡|||||||||||||
Seel|Gentle Bow|May restore PP of a random move upon taking any kind of damage.|ğŸŸ‡|||||||||||||
Dewgong|North Torc|Recovers HP when hit by a Rock move.|ğŸŸ‡|||||||||||||
Grimer|Grimy Scarf|May afflict attacking enemies with a Blinker status condition.|ğŸŸ‡|||||||||||||
Muk|Slimy Bow|Recovers HP when hit by a Psychic move.|ğŸŸ‡|||||||||||||
Shellder|Shell Torc|Boosts Evasion by 2 during the Rainy weather condition.|ğŸŸ‡|||||||||||||
Cloyster|Cover Armor|Recovers HP when hit by a Rock move.|ğŸŸ‡|||||||||||||
Gastly|Gastly Veil|Boosts Evasion by 2 during the Fog weather condition.|ğŸŸ‡|||||||||||||
Haunter|Slip Scarf|Ranged moves and thrown items pass harmlessly through teammates.|ğŸŸ‡|||||||||||||
Gengar|Sunglasses|Recovers HP when hit by a Ghost move.|ğŸŸ‡|||||||||||||
Onix|Trust Brooch|Halves damage taken from Selfdestruct and Explosion|ğŸŸ‡|||||||||||||
Drowzee|Drowzee Tie|May afflict attacking enemies with a Sleep status condition.|ğŸŸ‡|||||||||||||
Hypno|Dream Coin|Recovers HP when hit by a Dark move.|ğŸŸ‡|||||||||||||
Krabby|Krabby Bow|Increases recovery rate of HP when walking in a dungeon.|ğŸŸ‡|||||||||||||
Kingler|Super Sash|Recovers HP when hit by an Electric move.|ğŸŸ‡|||||||||||||
Voltorb|Ball Scarf|Eliminates any damage taken from Selfdestruct and Explosion|ğŸŸ‡|||||||||||||
Electrode|Electro-Bow|Recovers HP when hit by a Ground move.|ğŸŸ‡|||||||||||||
Exeggcute|Repel Scarf|Prevents the PokÃ©mon's moves from being sealed.|ğŸŸ‡|||||||||||||
Exeggutor|Exeggu-Sash|Recovers HP when hit by a Bug move.|ğŸŸ‡|||||||||||||
Cubone|Cubone Scarf|Gives Long Toss status.|ğŸŸ‡|||||||||||||
Marowak|Marowak Torc|Recovers HP when hit by a Grass move.|ğŸŸ‡|||||||||||||
Hitmonlee|Counter Ruff|Counters physical damage with full power.|âœ¯|||||||||||||
Hitmonchan|Victory Belt|Random chance of sealing an opponent's move.|âœ¯|||||||||||||
Lickitung|Licky Scarf|Kecleon Shops appear more often.|ğŸŸ‡|||||||||||||
Koffing|Koffing Bow|May afflict attacking enemies with a Blinker status condition.|ğŸŸ‡|||||||||||||
Weezing|Weez-Scarf|Recovers HP when hit by a Psychic move.|ğŸŸ‡|||||||||||||
Rhyhorn|Solid Shield|Eliminates any damage taken from Selfdestruct and Explosion|ğŸŸ‡|||||||||||||
Rhydon|Pierce Drill|Reflect and Light Screen do not affect this PokÃ©mon's moves.|ğŸŸ‡|||||||||||||
Chansey|Chansey Song|Raises Sp. Attack by 5|ğŸŸƒ|Chansey Card|Raises Sp. Defense by 3|ğŸŸƒ|Lucky Charm|Raises Sp. Attack by 5 and Sp. Defense by 3|ğŸŸ‡|Lucky Scarf|May restore PP of a random move upon taking any kind of damage.|âœ¯||||
Tangela|Sticky Bow|May afflict attacking enemies with a Shadow Hold status condition.|ğŸŸ‡|||||||||||||
Kangaskhan|Kang-Apron|Hidden Stairs are more likely to appear.|ğŸŸ‡|||||||||||||
Horsea|Horsea Bow|May afflict attacking enemies with a Blinker status condition.|ğŸŸ‡|||||||||||||
Seadra|Swirl Scarf|Boosts Movement Speed by 1 during the Rain weather condition.|ğŸŸ‡|||||||||||||
Goldeen|Goldeen Bow|Boosts Movement Speed by 1 during the Rain weather condition.|ğŸŸ‡|||||||||||||
Seaking|Seaking Bow|Recovers HP when hit by an Electric move.|ğŸŸ‡|||||||||||||
Staryu|Recover Torc|Increases recovery rate of HP when walking in a dungeon.|ğŸŸ‡|||||||||||||
Starmie|Starmie Belt|Recovers HP when hit by a Dark move.|ğŸŸ‡|||||||||||||
Mr. Mime|Mime Key|Raises Defense by 3|ğŸŸƒ|Mime Card|Raises Sp. Defense by 3|ğŸŸƒ|Bulwark Rock|Raises Defense and Sp. Defense by 3 each|ğŸŸ‡|Barrier Bow|Recovers HP when hit by a Dark move.|âœ¯||||
Scyther|Scyther Fang|Raises Sp. Attack by 5|ğŸŸƒ|Scyther Card|Raises Sp. Defense by 3|ğŸŸƒ|Ambush Rock|Raises Sp. Attack by 5 and Sp. Defense by 3|ğŸŸ‡|Strike Ruff|Protects against thrown items.|âœ¯||||
Jynx|Jynx Song|Raises Sp. Attack by 5|ğŸŸƒ|Jynx Card|Raises Sp. Defense by 3|ğŸŸƒ|Frozen Ore|Raises Sp. Attack by 5 and Sp. Defense by 3|ğŸŸ‡|Ruin Scarf|Recovers HP when hit by a Dark move.|âœ¯||||
Electabuzz|Electa-Claw|Raises Attack by 5|ğŸŸƒ|Electa-Fang|Raises Sp. Attack by 5|ğŸŸƒ|Charge Seal|Raises Attack and Sp. Attack by 5 each|ğŸŸ‡|Volt Bangle|PokÃ©mon cannot be inflicted with the Paralysis status condition.|âœ¯||||
Magmar|Magmar Claw|Raises Attack by 5|ğŸŸƒ|Magmar Card|Raises Sp. Defense by 3|ğŸŸƒ|Erupt Ore|Raises Attack by 5 and Sp. Defense by 3|ğŸŸ‡|Magma Scarf|Boosts Movement Speed by 1 during the Sunny weather condition.|âœ¯||||
Pinsir|Pinsir Sash|Reflect and Light Screen do not affect this PokÃ©mon's moves.|ğŸŸ‡|||||||||||||
Tauros|Rushing Bow|Counters physical damage with full power.|ğŸŸ‡|||||||||||||
Magikarp|Magikarp Bow|Randomly consumes no PP when using a move.|ğŸŸ‡|||||||||||||
Gyarados|Tempest Sash|Recovers HP when hit by an Electric move.|ğŸŸ‡|||||||||||||
Lapras|Lapras Song|Raises Sp. Attack by 5|ğŸŸƒ|Lapras Card|Raises Sp. Defense by 3|ğŸŸƒ|Wavy Charm|Halves damage taken from Selfdestruct and Explosion|ğŸŸ‡|Mystic Scarf|Recovers HP when hit by a Fire move.|âœ¯||||
Ditto|Ditto Torc|Kecleon Shops appear more often.|ğŸŸ‡|||||||||||||
Eevee|Eevee Tail|Raises Defense by 3|ğŸŸƒ|Eevee Card|Raises Sp. Defense by 3|ğŸŸƒ|Evolve Charm|Earns the PokÃ©mon bonus exp.|ğŸŸ‡|Prism Ruff|Protects against weather damage.|âœ¯||||
Vaporeon|Aqua Collar|May afflict attacking enemies with a Cringe status condition.|âœ¯|||||||||||||
Jolteon|Volt Collar|May afflict attacking enemies with a Paralysis status condition.|âœ¯|||||||||||||
Flareon|Fire Collar|May afflict attacking enemies with a Burn status condition.|âœ¯|||||||||||||
Porygon|AI Brooch|When hit, it changes type to one that resists the attacking move.|ğŸŸ‡|||||||||||||
Omanyte|Spike Brooch|Reflect and Light Screen do not affect this PokÃ©mon's moves.|ğŸŸ‡|||||||||||||
Omastar|Aged Scarf|Recovers HP when hit by a Grass move.|ğŸŸ‡|||||||||||||
Kabuto|Kabuto Hat|PokÃ©mon cannot be inflicted with the Confusion status condition.|ğŸŸ‡|||||||||||||
Kabutops|Kabu-Torc|Recovers HP when hit by a Grass move.|ğŸŸ‡|||||||||||||
Aerodactyl|Old Brooch|Increases amount of PP foes use, in addition to Aerodactyl's Pressure Ability.|ğŸŸ‡|||||||||||||
Snorlax|Snorlax Gasp|Raises Sp. Attack by 5|ğŸŸƒ|Snorlax Fang|Raises Attack by 5|ğŸŸƒ|Valor Charm|Raises Attack and Sp. Attack by 5|ğŸŸ‡|Glee Scarf|Recovers HP when hit by a Fighting move.|âœ¯||||
Articuno|Freeze Veil|May leave Articuno with 1 HP after being hit by a fatal blow.|âœ¯|||||||||||||
Zapdos|Thunder Veil|May leave Zapdos with 1 HP after being hit by a fatal blow.|âœ¯|||||||||||||
Moltres|Fire Veil|May leave Moltres with 1 HP after being hit by a fatal blow.|âœ¯|||||||||||||
Dratini|Dragon Sash|Boosts Evasion by 2 during the Fog weather condition.|ğŸŸ‡|||||||||||||
Dragonair|Aloft Mantle|Adds 2 to base PP of all moves.|ğŸŸ‡|||||||||||||
Dragonite|Mirage Cape|Recovers HP when hit by an Ice move.|ğŸŸ‡|||||||||||||
Mewtwo|Havoc Robe|Increases amount of PP foes use, in addition to Mewtwo's Pressure Ability.|âœ¯|||||||||||||
Mew|Life Ring|Protects Mew from status conditions.|âœ¯|||||||||||||
Chikorita|Chiko-Claw|Raises Attack by 5|ğŸŸƒ|Chiko-Card|Raises Sp. Defense by 3|ğŸŸƒ|Dawn Jewel|Raises Attack by 5 and Sp. Defense by 3|ğŸŸ‡|Fresh Bow|Increases maximum HP by 10.|âœ¯||||
Bayleef|Bayleef Claw|Raises Attack by 5|ğŸŸƒ|Bayleef Card|Raises Sp. Defense by 3|ğŸŸƒ|Bayleef Seal|Raises Attack by 5 and Sp. Defense by 3|ğŸŸ‡|Spice Bow|Increases the amount of HP recovered through HP-draining moves.|âœ¯||||
Meganium|Megani-Claw|Raises Attack by 5|ğŸŸƒ|Megani-Card|Raises Sp. Defense by 3|ğŸŸƒ|Shiny Charm|Raises Attack by 5 and Sp. Defense by 3|ğŸŸ‡|Bright Veil|Recovers HP when hit by a Fire move.|âœ¯||||
Cyndaquil|Cynda-Hair|Raises Sp. Defense by 3|ğŸŸƒ|Cynda-Claw|Raises Attack by 5|ğŸŸƒ|Blazing Rock|Raises Attack by 5 and Sp. Defense by 3|ğŸŸ‡|Storm Sash|Increases maximum HP by 10.|âœ¯||||
Quilava|Quila-Hair|Raises Defense by 3|ğŸŸƒ|Quila-Card|Raises Sp. Defense by 3|ğŸŸƒ|Quila-Crest|Raises Defense and Sp. Defense by 3 each|ğŸŸ‡|Volcano Torc|Boosts Movement Speed during the Sunny weather condition.|âœ¯||||
Typhlosion|Typhlo-Gasp|Raises Sp. Attack by 5|ğŸŸƒ|Typhlo-Fang|Raises Attack by 5|ğŸŸƒ|Typhlo-Seal|Raises Attack and Sp. Attack by 5 each|ğŸŸ‡|Blast Bangle|Recovers HP when hit by a Water move.|âœ¯||||
Totodile|Totodi-Dew|Raises Defense by 3|ğŸŸƒ|Totodi-Fang|Raises Sp. Attack by 5|ğŸŸƒ|Water Heart|Raises Defense by 3 and Sp. Attack by 5|ğŸŸ‡|Wash Bow|Increases maximum HP by 10.|âœ¯||||
Croconaw|Croco-Fang|Raises Sp. Attack by 5|ğŸŸƒ|Croco-Card|Raises Sp. Defense by 3|ğŸŸƒ|Swirl Rock|Raises Sp. Attack by 5 and Sp. Defense by 3|ğŸŸ‡|Anger Scarf|Counters 1/4 of the damage a foe does back at the foe.|âœ¯||||
Feraligatr|Feral-Claw|Raises Attack by 5|ğŸŸƒ|Feral-Fang|Raises Sp. Attack by 5|ğŸŸƒ|Feral-Crest|Raises Attack and Sp. Attack by 5 each|ğŸŸ‡|Hydro Jaw|Recovers HP when hit by an Electric move.|âœ¯||||
Sentret|Sentret Ruff|Boosts Movement Speed by 1 during the Cloudy weather condition.|ğŸŸ‡|||||||||||||
Furret|Body Collar|Recovers HP when hit by a Fighting move.|ğŸŸ‡|||||||||||||
Hoothoot|Expose Specs|Enables Fighting moves and Normal moves to inflict increased damage on Ghost PokÃ©mon.|ğŸŸ‡|||||||||||||
Noctowl|Noctowl Torc|Recovers HP when hit by a Rock move.|ğŸŸ‡|||||||||||||
Ledyba|Morning Bow|Boosts Movement Speed by 1 during the Clear weather condition.|ğŸŸ‡|||||||||||||
Ledian|Ledian Bow|Recovers HP when hit by a Rock move.|ğŸŸ‡|||||||||||||
Spinarak|Spina-Scarf|May reduce the Movement Speed of attacking enemies by 1 level when hit.|ğŸŸ‡|||||||||||||
Ariados|Ariados Bow|Recovers HP when hit by an Rock move.|ğŸŸ‡|||||||||||||
Crobat|Slash Bow|Recovers HP when hit by a Rock move.|ğŸŸ‡|||||||||||||
Chinchou|Shine Torc|May afflict attacking enemies with a Paralysis status condition.|ğŸŸ‡|||||||||||||
Lanturn|Lanturn Bow|Recovers HP when hit by a Ground move.|ğŸŸ‡|||||||||||||
Pichu|Pichu Hair|Raises Defense by 3|ğŸŸƒ|Pichu Card|Raises Sp. Defense by 3|ğŸŸƒ|Express Tag|Raises Attack and Sp. Defense by 3 each|ğŸŸ‡|Shocker Cape|Adds 2 to base PP of all moves.|âœ¯|Thundershard|Randomly consumes no PP when using a move.|âœ¯|
Cleffa|Cleffa Dew|Raises Sp. Attack by 5|ğŸŸƒ|Cleffa Card|Raises Sp. Defense by 3|ğŸŸƒ|Starry Ore|Raises Sp. Attack by 5 and Sp. Defense by 3|ğŸŸ‡|Comet Ring|May afflict attacking enemies with a Confused status condition.|âœ¯|Fallen Star|Raises the chance of enemies dropping boxes.|âœ¯|
Igglybuff|Iggly-Dew|Raises Sp. Attack by 5|ğŸŸƒ|Iggly-Card|Raises Sp. Defense by 3|ğŸŸƒ|Bouncy Charm|Raises Sp. Attack by 5 and Sp. Defense by 3|ğŸŸ‡|Pretty Bow|Increases maximum HP by 10.|âœ¯|Fluff Dust|Raises the chance of enemies dropping boxes.|âœ¯|
Togepi|Togepi Dew|Raises Sp. Attack by 5|ğŸŸƒ|Togepi Card|Raises Sp. Defense by 3|ğŸŸƒ|Pure Heart|Raises Sp. Attack by 5 and Sp. Defense by 3|ğŸŸ‡|Angel Scarf|Increases maximum HP by 10.|âœ¯|Egg Shard|Reflects thrown items back at the attacker.|âœ¯|
Togetic|Togetic Wing|Raises Attack by 5|ğŸŸƒ|Togetic Card|Raises Sp. Defense by 3|ğŸŸƒ|Happy Rock|Raises Attack by 5 and Sp. Defense by 3|ğŸŸ‡|Luck Brooch|Randomly consumes no PP when using a move.|âœ¯||||
Natu|Lively Scarf|Hidden Stairs are more likely to appear.|ğŸŸ‡|||||||||||||
Xatu|Xatu Bow|Recovers HP when hit by a Rock move.|ğŸŸ‡|||||||||||||
Mareep|Wool Bow|Protects from the Sleep status condition.|ğŸŸ‡|||||||||||||
Flaaffy|Fluffy Scarf|Special moves are weakened to half their strength.|ğŸŸ‡|||||||||||||
Ampharos|Sacred Scarf|Recovers HP when hit by a Ground move.|ğŸŸ‡|||||||||||||
Bellossom|Bright Tiara|Protects against bad status conditions during the Sunny weather condition.|ğŸŸ‡|||||||||||||
Marill|Marill Dew|Raises Defense by 3|ğŸŸƒ|Marill Card|Raises Sp. Defense by 3|ğŸŸƒ|Surfer Rock|Raises Defense and Sp. Defense by 3 each|ğŸŸ‡|Brine Scarf|May afflict attacking enemies with a Shadow Hold status condition.|âœ¯||||
Azumarill|Azuma-Dew|Raises Defense by 3|ğŸŸƒ|Azuma-Card|Raises Sp. Defense by 3|ğŸŸƒ|Stream Charm|Raises Defense and Sp. Defense by 3 each|ğŸŸ‡|Dotted Scarf|Recovers HP when hit by an Electric move.|âœ¯||||
Sudowoodo|Sudo-Sweat|Raises Attack by 5|ğŸŸƒ|Sudo-Card|Raises Sp. Defense by 3|ğŸŸƒ|Drain Rock|Raises Attack by 5 and Sp. Defense by 3|ğŸŸ‡|Fake Torc|Recovers HP when hit by a Steel move.|âœ¯||||
Politoed|Rain Crown|Recovers HP when hit by an Electric move.|ğŸŸ‡|||||||||||||
Hoppip|Zephyr Bow|Boosts Evasion by 2 during the Sunny weather condition.|ğŸŸ‡|||||||||||||
Skiploom|Skip-Scarf|Increases recovery rate of HP when walking in a dungeon.|ğŸŸ‡|||||||||||||
Jumpluff|Cotton Torc|Recovers HP when hit by an Ice move.|ğŸŸ‡|||||||||||||
Aipom|Revenge Ruff|This PokÃ©mon's Pickup Ability is more likely to activate.|ğŸŸ‡|||||||||||||
Sunkern|Hasty Bow|Boosts Evasion by 2 during the Sunny weather condition.|ğŸŸ‡|||||||||||||
Sunflora|Sun Scarf|Recovers HP when hit by an Fire move.|âœ¯|||||||||||||
Yanma|Chitin Bow|Weather does not damage this PokÃ©mon.|ğŸŸ‡|||||||||||||
Wooper|Wooper Bow|Weather does not damage this PokÃ©mon.|ğŸŸ‡|||||||||||||
Quagsire|Quag-Torc|Recovers HP when hit by a Grass move.|ğŸŸ‡|||||||||||||
Espeon|Light Collar|May afflict attacking enemies with a Confused status condition.|âœ¯|||||||||||||
Umbreon|Dusk Collar|May afflict attacking enemies with a Blinker status condition.|âœ¯|||||||||||||
Murkrow|Murkrow Hat|Random chance of sealing an opponent's move.|ğŸŸ‡|||||||||||||
Slowking|King Cap|Special moves are weakened to half their strength.|ğŸŸ‡|||||||||||||
Misdreavus|Misdrea-Cape|May afflict attacking enemies with a Perish Song status condition.|ğŸŸ‡|||||||||||||
Unown|Cryptic Sash|May afflict attacking enemies with a Confusion status condition.|ğŸŸ‡|||||||||||||
Wobbuffet|Wobbu-Sweat|Raises Attack by 5|ğŸŸƒ|Wobbu-Card|Raises Sp. Defense by 3|ğŸŸƒ|Endure Rock|Raises Attack by 5 and Sp. Defense by 3|ğŸŸ‡|Suffer Scarf|Recovers HP when hit by a Dark move.|âœ¯||||
Girafarig|Reverse Bow|May afflict attacking enemies with a Confused status condition.|ğŸŸ‡|||||||||||||
Pineco|Robust Bow|Increases maximum HP by 10.|ğŸŸ‡|||||||||||||
Forretress|Dense Poncho|Recovers HP when hit by a Flying move.|ğŸŸ‡|||||||||||||
Dunsparce|Escape Scarf|Boosts Movement Speed by 1 during the Cloudy weather condition.|ğŸŸ‡|||||||||||||
Gligar|Takeoff Ruff|Boosts Movement Speed by 1 during the Sandstorm weather condition.|ğŸŸ‡|||||||||||||
Steelix|Quartz Torc|Recovers HP when hit by a Ground move.|ğŸŸ‡|||||||||||||
Snubbull|Snub-Cape|Randomly consumes no PP when using a move.|ğŸŸ‡|||||||||||||
Granbull|Stern Sash|Recovers HP when hit by a Fighting move.|ğŸŸ‡|||||||||||||
Qwilfish|Qwilfish Bow|Makes thrown or hurled items bounce off the PokÃ©mon.|ğŸŸ‡|||||||||||||
Scizor|Scizor Wing|Raises Attack by 5|ğŸŸƒ|Scizor Card|Raises Sp. Defense by 3|ğŸŸƒ|Steel Charm|Raises Attack by 5 and Sp. Defense by 3|ğŸŸ‡|Red Armlet|Recovers HP when hit by a Flying move.|âœ¯||||
Shuckle|Shuckle Bow|Any Berry or Apple eaten will recover an extra 10 HP.|ğŸŸ‡|||||||||||||
Heracross|Horn Torc|Reflect and Light Screen do not affect this PokÃ©mon's moves.|ğŸŸ‡|||||||||||||
Sneasel|Sneasel Claw|Raises Attack by 5|ğŸŸƒ|Sneasel Card|Raises Sp. Defense by 3|ğŸŸƒ|Dusk Jewel|Raises Attack by 5 and Sp. Defense by 3|ğŸŸ‡|Cruel Ring|Prevents an Infatuated status condition.|âœ¯||||
Teddiursa|Teddi-Claw|Raises Attack by 5|ğŸŸƒ|Teddi-Card|Raises Sp. Defense by 3|ğŸŸƒ|Honey Rock|Raises Attack by 5 and Sp. Defense by 3|ğŸŸ‡|Heal Scarf|Increases recovery rate of HP when walking in a dungeon.|âœ¯||||
Ursaring|Ursa-Claw|Raises Attack by 5|ğŸŸƒ|Ursa-Fang|Raises Sp. Attack by 5|ğŸŸƒ|Calming Rock|Raises Attack and Sp. Attack by 5 each|ğŸŸ‡|Hiber Scarf|Recovers HP when hit by a Fighting move.|âœ¯||||
Slugma|Lava Bow|Earns the PokÃ©mon bonus Exp. points.|ğŸŸ‡|||||||||||||
Magcargo|Torrid Scarf|Recovers HP when hit by a Water move.|ğŸŸ‡|||||||||||||
Swinub|Frigid Bow|Earns the PokÃ©mon bonus Exp. points|ğŸŸ‡|||||||||||||
Piloswine|Frost Torc|May afflict attacking enemies with a Frozen status condition.|ğŸŸ‡|||||||||||||
Corsola|Eager Brooch|Weather does not damage this PokÃ©mon.|ğŸŸ‡|||||||||||||
Remoraid|Reach Bow|Gives Long Toss status.|ğŸŸ‡|||||||||||||
Octillery|Psy Bow|Recovers HP when hit by an Electric move.|ğŸŸ‡|||||||||||||
Delibird|Snow Brooch|Attacks twice in one turn during the Hail weather condition.|ğŸŸ‡|||||||||||||
Mantine|Mantine Foam|Raises Defense by 3|ğŸŸƒ|Mantine Card|Raises Sp. Defense by 3|ğŸŸƒ|Sunset Rock|Raises Defense and Sp. Defense by 3 each|ğŸŸ‡|Horizon Bow|Recovers HP when hit by an Electric move.|âœ¯||||
Skarmory|Scar-Cape|Counters physical damage with full power.|ğŸŸ‡|||||||||||||
Houndour|Dark Choker|May afflict attacking enemies with a Cringe status condition.|ğŸŸ‡|||||||||||||
Houndoom|Pit Fang|Recovers HP when hit by a Fighting move.|ğŸŸ‡|||||||||||||
Kingdra|Tornado Bow|Recovers HP when hit by a Dragon move.|ğŸŸ‡|||||||||||||
Phanpy|Phanpy Claw|Raises Attack by 5|ğŸŸƒ|Phanpy Card|Raises Sp. Defense by 3|ğŸŸƒ|Phanpy Tag|Raises Attack by 5 and Sp. Defense by 3|ğŸŸ‡|Value Ruff|Hidden Stairs are more likely to appear.|âœ¯||||
Donphan|Donphan Fang|Raises Sp. Attack by 5|ğŸŸƒ|Donphan Card|Raises Sp. Defense by 3|ğŸŸƒ|Don-Crest|Raises Sp Attack by 5 and Sp. Defense by 3|ğŸŸ‡|Armor Scarf|Recovers HP when hit by a Grass move.|âœ¯||||
Porygon2|Virtual Bow|Ranged moves and thrown items pass harmlessly through teammates.|ğŸŸ‡|||||||||||||
Stantler|Delusion Bow|May afflict attacking enemies with a Confused status condition.|ğŸŸ‡|||||||||||||
Smeargle|Paint Scarf|Hidden Stairs are more likely to appear.|ğŸŸ‡|||||||||||||
Tyrogue|Tyro-Sweat|Raises Attack by 5|ğŸŸƒ|Tyro-Card|Raises Sp. Attack by 5|ğŸŸƒ|Muscle Charm|Gives the PokÃ©mon Longtoss status.|ğŸŸ‡|Pep Sash|Earns the PokÃ©mon 5 exp. points each time it is hit.|âœ¯|Heroic Medal|Enables Fighting moves and Normal moves to inflict increased damage on Ghost PokÃ©mon.|âœ¯|
Hitmontop|Power Bangle|Reflect and Light Screen do not affect this PokÃ©mon's moves.|âœ¯||||||ğŸŸ‡|||||||
Smoochum|Smooch-Song|Raises Sp. Attack by 5|ğŸŸƒ|Smooch-Card|Raises Sp. Defense by 3|ğŸŸƒ|Kiss Charm|Raises Sp. Attack by 5 and Sp. Defense by 3|ğŸŸ‡|Heart Tiara|May afflict attacking enemies with an Infatuated status condition.|âœ¯|Chic Shard|Enables Psychic moves to inflict increased damage on Dark PokÃ©mon.|âœ¯|
Elekid|Elekid Claw|Raises Attack by 5|ğŸŸƒ|Elekid Card|Raises Sp. Defense by 3|ğŸŸƒ|Jolt Charm|Raises Attack by 5 and Sp. Defense by 3|ğŸŸ‡|Current Ring|Adds 2 to base PP of all moves.|âœ¯|Yellow Jewel|Increases maximum HP by 10.|âœ¯|
Magby|Magby Claw|Raises Attack by 5|ğŸŸƒ|Magby Card|Raises Sp. Defense by 3|ğŸŸƒ|Ember Jewel|Raises Attack by 5 and Sp. Defense by 3|ğŸŸ‡|Coal Ring|Adds 2 to base PP of all moves.|âœ¯|Red Jewel|Increases maximum HP by 10.|âœ¯|
Miltank|Milky Scarf|Increases recovery rate of HP when walking in a dungeon.|ğŸŸ‡|||||||||||||
Blissey|Blissey Song|Raises Sp. Attack by 5|ğŸŸƒ|Blissey Card|Raises Sp. Defense by 3|ğŸŸƒ|Amity Rock|Raises Sp. Attack by 5 and Sp. Defense by 3|ğŸŸ‡|Faith Ring|Recovers HP when hit by a Fighting move.|âœ¯||||
Raikou|Bolt Fang|Reflect and Light Screen do not affect Raikou's moves.|âœ¯|||||||||||||
Entei|Flare Fang|Reflect and Light Screen do not affect Entei's moves.|âœ¯|||||||||||||
Suicune|Aqua Mantle|Special moves are weakened to half their strength on Suicune.|âœ¯|||||||||||||
Larvitar|Larvitar Bow|May afflict attacking enemies with a Cringe status condition.|ğŸŸ‡|||||||||||||
Pupitar|Pupita-Scarf|Halves damage taken from Selfdestruct or Explosion|ğŸŸ‡|||||||||||||
Tyranitar|Crash Claw|Recovers HP when hit by a Fighting move.|ğŸŸ‡|||||||||||||
Lugia|Silver Veil|Increases amount of PP foes use, in addition to Lugia's Pressure Ability.|âœ¯|||||||||||||
Ho-Oh|Rainbow Veil|Status conditions are reflected from Ho-Oh back to the user.|âœ¯|||||||||||||
Celebi|Chrono Veil|Restores 1 PP to all of Celebi's moves when it reaches another floor.|âœ¯|||||||||||||
Treecko|Treeck-Thorn|Raises Attack by 5|ğŸŸƒ|Treeck-Card|Raises Sp. Defense by 3|ğŸŸƒ|Forest Ore|Raises Attack by 5 and Sp. Defense by 3|ğŸŸ‡|Guard Ring|Increases maximum HP by 10.|âœ¯||||
Grovyle|Grovy-Shoot|Raises Defense by 3|ğŸŸƒ|Grovy-Card|Raises Sp. Defense by 3|ğŸŸƒ|Jungle Tag|Raises Defense and Sp. Defense by 3 each|ğŸŸ‡|Grass Blade|Counters 1/4 of the damage a foe does back at the foe.|âœ¯||||
Sceptile|Scept-Claw|Raises Attack by 5|ğŸŸƒ|Scept-Card|Raises Sp. Defense by 3|ğŸŸƒ|Scept-Seal|Raises Attack by 5 and Sp. Defense by 3|ğŸŸ‡|Drain Bangle|Recovers HP when hit by a Fire move.|âœ¯||||
Torchic|Torchic Hair|Raises Defense by 3|ğŸŸƒ|Torchic Card|Raises Sp. Defense by 3|ğŸŸƒ|Hot Pebble|Raises Defense and Sp. Defense by 3 each|ğŸŸ‡|Fire Cape|Increases maximum HP by 10.|âœ¯||||
Combusken|Combus-Sweat|Raises Attack by 5|ğŸŸƒ|Combus-Claw|Raises Sp. Attack by 5|ğŸŸƒ|Charge Tag|Raises Attack and Sp. Attack by 5 each|ğŸŸ‡|Gutsy Band| Boosts Movement Speed by 1 during the Sunny weather condition.|âœ¯||||
Blaziken|Blazi-Claw|Raises Attack by 5|ğŸŸƒ|Blazi-Card|Raises Sp. Defense by 3|ğŸŸƒ|Blazi-Seal|Raises Attack by 5 and Sp. Defense by 3|ğŸŸ‡|Blaze Torc|Recovers HP when hit by a Water move.|âœ¯||||
Mudkip|Mudkip Mud|Raises Sp. Attack by 5|ğŸŸƒ|Mudkip Card|Raises Sp. Defense by 3|ğŸŸƒ|Mud Jewel|Raises Sp. Attack by 5 and Sp. Defense by 3|ğŸŸ‡|Speed Scarf|Protects against thrown items.|âœ¯||||
Marshtomp|Marsh-Mud|Raises Sp. Attack by 5|ğŸŸƒ|Marsh-Card|Raises Sp. Defense by 3|ğŸŸƒ|Marsh-Crest|Raises Sp. Attack by 5 and Sp. Defense by 3|ğŸŸ‡|Marsh Torc|May afflict attacking enemies with a Shadow Hold status condition.|âœ¯||||
Swampert|Swamp-Mud|Raises Sp. Attack by 5|ğŸŸƒ|Swamp-Card|Raises Sp. Defense by 3|ğŸŸƒ|Swamp-Seal|Raises Sp. Attack by 5 and Sp. Defense by 3|ğŸŸ‡|Swamp Bangle|Recovers HP when hit by a Grass move.|âœ¯||||
Poochyena|Pooch-Collar|Boosts Movement Speed by 1 during the Cloudy weather condition.|ğŸŸ‡|||||||||||||
Mightyena|Dark Fang|Recovers HP when hit by a Fighting move.|ğŸŸ‡|||||||||||||
Zigzagoon|Merry Scarf|This PokÃ©mon's Pickup Ability is more likely to activate.|ğŸŸ‡|||||||||||||
Linoone|Linoone Ruff|Recovers HP when hit by a Fighting move.|ğŸŸ‡|||||||||||||
Wurmple|Wurmple Bow|Earns the PokÃ©mon bonus Exp. points.|ğŸŸ‡|||||||||||||
Silcoon|Tough Scarf|Foes cannot get a critical hit on this PokÃ©mon.|ğŸŸ‡|||||||||||||
Beautifly|Vivid Silk|Recovers HP when hit by a Rock move.|ğŸŸ‡|||||||||||||
Cascoon|Guard Bow|Weather does not damage this PokÃ©mon.|ğŸŸ‡|||||||||||||
Dustox|Dustox Bow|Recovers HP when hit by a Psychic move.|ğŸŸ‡|||||||||||||
Lotad|Kelp Hat|Increases maximum HP by 10.|ğŸŸ‡|||||||||||||
Lombre|Jolly Scarf|Boosts Evasion by 2 during the Rainy weather condition.|ğŸŸ‡|||||||||||||
Ludicolo|Ludicolo Hat|Recovers HP when hit by a Bug move.|ğŸŸ‡|||||||||||||
Seedot|Seedot Hat|Increases maximum HP by 10.|ğŸŸ‡|||||||||||||
Nuzleaf|Nuzleaf Bow|Boosts Evasion by 2 during the Sunny weather condition.|ğŸŸ‡|||||||||||||
Shiftry|Shiftry Belt|Recovers HP when hit by a Bug move.|ğŸŸ‡|||||||||||||
Taillow|Taillow Bow|Earns the PokÃ©mon 5 exp. points each time it is hit.|ğŸŸ‡|||||||||||||
Swellow|Midair Scarf|Recovers HP when hit by a Rock move.|ğŸŸ‡|||||||||||||
Wingull|Wingull Bow|May restore PP of a random move upon taking any kind of damage.|ğŸŸ‡|||||||||||||
Pelipper|Stock Scarf|Recovers HP when hit by an Electric move.|ğŸŸ‡|||||||||||||
Ralts|Sensing Hat|Adds 2 to base PP of all moves.|ğŸŸ‡|||||||||||||
Kirlia|Magical Bow|Enables Psychic moves to inflict increased damage on Dark PokÃ©mon.|ğŸŸ‡|||||||||||||
Gardevoir|Caring Scarf|Recovers HP when hit by a Dark move.|ğŸŸ‡|||||||||||||
Surskit|Bliss Scarf|Boosts Movement Speed by 1 during the Rainy weather condition.|ğŸŸ‡|||||||||||||
Masquerain|Blocking Bow|Recovers HP when hit by a Rock move.|ğŸŸ‡|||||||||||||
Shroomish|Mobile Bow|PokÃ©mon cannot be inflicted with the Paralysis status condition.|ğŸŸ‡|||||||||||||
Breloom|Thwart Bow|Recovers HP when hit by a Flying move.|ğŸŸ‡|||||||||||||
Slakoth|Slak-Scarf|May afflict attacking enemies with a Sleep status condition.|ğŸŸ‡|||||||||||||
Vigoroth|Vigor Sash|Reflect and Light Screen do not affect this PokÃ©mon's moves.|ğŸŸ‡|||||||||||||
Slaking|Lazy Ruff|Recovers HP when hit by a Fighting move.|ğŸŸ‡|||||||||||||
Nincada|Novice Scarf|Increases recovery rate of HP when walking in a dungeon.|ğŸŸ‡|||||||||||||
Ninjask|Ninja Ruff|Recovers HP when hit by a Rock move.|ğŸŸ‡|||||||||||||
Shedinja|Awe Mantle|Recovers HP when hit by a Ghost move.|ğŸŸ‡|||||||||||||
Whismur|Good Earring|Adds 2 to base PP of all moves.|ğŸŸ‡|||||||||||||
Loudred|Nice Bangle|PokÃ©mon cannot be inflicted with the Sleep status condition.|ğŸŸ‡|||||||||||||
Exploud|Great Torc|Recovers HP when hit by a Fighting move.|ğŸŸ‡|||||||||||||
Makuhita|Makuhit-Belt|Counters physical damage with full power.|ğŸŸ‡|||||||||||||
Hariyama|Thrust Belt|Recovers HP when hit by a Psychic move.|ğŸŸ‡|||||||||||||
Azurill|Azuri-Dew|Raises Sp. Attack by 5|ğŸŸƒ|Azuri-Card|Raises Sp. Defense by 3|ğŸŸƒ|Fount Charm|Raises Sp. Attack by 5 and Sp. Defense by 3|ğŸŸ‡|Water Float|Adds 2 to base PP of all moves.|âœ¯|Blue Jewel|Increases maximum HP by 10.|âœ¯|
Nosepass|Nose-Torc|PokÃ©mon cannot be inflicted with the Confusion status condition.|ğŸŸ‡|||||||||||||
Skitty|Skitty Fang|Raises Sp. Attack by 5|ğŸŸƒ|Skitty Card|Raises Sp. Defense by 3|ğŸŸƒ|Smile Pebble|Raises Sp. Attack by 5 and Sp. Defense by 3|ğŸŸ‡|Heal Pendant|Increases recovery rate of HP when walking in a dungeon.|âœ¯||||
Delcatty|Delcat-Hair|Raises Sp. Defense by 3|ğŸŸƒ|Delcat-Fang|Raises Sp. Attack by 5|ğŸŸƒ|Prim Pebble|Raises Sp. Attack by 5 and Sp. Defense by 3|ğŸŸ‡|Guard Collar|Recovers HP when hit by a Fighting move.|âœ¯||||
Sableye|Sable-Scope|May afflict attacking enemies with a Blinker status condition.|ğŸŸ‡|||||||||||||
Mawile|Deceit Mask|Random chance of sealing an opponent's move.|ğŸŸ‡|||||||||||||
Aron|Iron Torc|Foes cannot get a critical hit on this PokÃ©mon.|ğŸŸ‡|||||||||||||
Lairon|Metal Bangle|Eliminates any damage taken from Selfdestruct or Explosion|ğŸŸ‡|||||||||||||
Aggron|Iron Helmet|Recovers HP when hit by a Fighting move.|ğŸŸ‡|||||||||||||
Meditite|Intuit Bow|Boosts Evasion by 2 during the Clear weather condition.|ğŸŸ‡|||||||||||||
Medicham|Ponder Sash|Recovers HP when hit by a Ghost move.|ğŸŸ‡|||||||||||||
Electrike|Punish Torc|Counters 1/4 of the damage a foe does back at the foe.|ğŸŸ‡|||||||||||||
Manectric|Protect Mask|Recovers HP when hit by a Ground move.|ğŸŸ‡|||||||||||||
Plusle|Plusle Tail|Raises Defense by 3|ğŸŸƒ|Plusle Card|Raises Sp. Defense by 3|ğŸŸƒ|Cheer Rock|Earns the Pokemon bonus Exp. Points.|ğŸŸ‡|Pulse Bow|May restore PP of a random move upon taking any kind of damage.|âœ¯||||
Minun|Minun Tail|Raises Defense by 3|ğŸŸƒ|Minun Card|Raises Sp. Defense by 3|ğŸŸƒ|Volt Heart|Earns the Pokemon bonus Exp. Points.|ğŸŸ‡|Spark Tie|May restore PP of a random move upon taking any kind of damage.|âœ¯||||
Volbeat|Neon Scarf|Raises the chance of enemies dropping money.|ğŸŸ‡|||||||||||||
Illumise|Evening Bow|Raises the chance of enemies dropping boxes.|ğŸŸ‡|||||||||||||
Roselia|Thorned Torc|Counters 1/4 of the physical damage a foe does back at the foe.|ğŸŸ‡|||||||||||||
Gulpin|Gulpin Bow|Any Berry or Apple eaten will recover an extra 10 HP.|ğŸŸ‡|||||||||||||
Swalot|Swalot Belt|Recovers HP when hit by a Psychic move.|ğŸŸ‡|||||||||||||
Carvanha|Carva-Sash|Boosts Movement Speed by 1 during the Rain weather condition.|ğŸŸ‡|||||||||||||
Sharpedo|Vicious Bow|Recovers HP when hit by a Bug move.|ğŸŸ‡|||||||||||||
Wailmer|Spout Scarf|May restore PP of a random move upon taking any kind of damage.|ğŸŸ‡|||||||||||||
Wailord|Huge Bow|Recovers HP when hit by an Electric move.|ğŸŸ‡|||||||||||||
Numel|Numel Bow|Increases maximum HP by 10.|ğŸŸ‡|||||||||||||
Camerupt|Erupt Scarf|Recovers HP when hit by a Water move.|ğŸŸ‡|||||||||||||
Torkoal|Sooty Sash|May afflict attacking enemies with a Burn status condition.|ğŸŸ‡|||||||||||||
Spoink|Spring Bow|Raises the chance of enemies dropping money.|ğŸŸ‡|||||||||||||
Grumpig|Scheme Scarf|Recovers HP when hit by a Dark move.|ğŸŸ‡|||||||||||||
Spinda|Hula Bow|Raises the chance of enemies dropping boxes.|ğŸŸ‡|||||||||||||
Trapinch|Desert Bow|Boosts Evasion by 2 during the Sandstorm weather condition.|ğŸŸ‡|||||||||||||
Vibrava|Vibra Scarf|PokÃ©mon cannot be inflicted with the Sleep status condition.|ğŸŸ‡|||||||||||||
Flygon|Red Glasses|Recovers HP when hit by an Ice move.|ğŸŸ‡|||||||||||||
Cacnea|Desert Sash|Boosts Movement Speed by 1 during the Sandstorm weather condition.|ğŸŸ‡|||||||||||||
Cacturne|Cacturne Hat|Recovers HP when hit by a Bug move.|ğŸŸ‡|||||||||||||
Swablu|Tuft Bow|Prevents the PokÃ©mon's stats from being lowered by enemies or traps.|ğŸŸ‡|||||||||||||
Altaria|Cloud Ruff|Recovers HP when hit by an Ice move.|ğŸŸ‡|||||||||||||
Zangoose|Strong Sash|Counters physical damage with full power.|ğŸŸ‡|||||||||||||
Seviper|Seviper Bow|May afflict attacking enemies with a Cringe status condition.|ğŸŸ‡|||||||||||||
Lunatone|Lunaton-Torc|May restore PP of a random move upon taking any kind of damage.|ğŸŸ‡|||||||||||||
Solrock|Solrock Bow|Randomly consumes no PP when using a move.|ğŸŸ‡|||||||||||||
Barboach|Soak Scarf|Boosts Evasion by 2 during the Rainy weather condition.|ğŸŸ‡|||||||||||||
Whiscash|Whiscash Bow|Recovers HP when hit by a Grass move.|ğŸŸ‡|||||||||||||
Corphish|Bossy Scarf|May afflict attacking enemies with a Cringe status condition.|ğŸŸ‡|||||||||||||
Crawdaunt|Cower Sash|Recovers HP when hit by a Bug move.|ğŸŸ‡|||||||||||||
Baltoy|Bal-Brooch|Random chance of sealing an opponent's move.|ğŸŸ‡|||||||||||||
Claydol|Claydol Torc|Recovers HP when hit by a Dark move.|ğŸŸ‡|||||||||||||
Lileep|Bind Scarf|May afflict attacking enemies with a Shadow Hold status condition.|ğŸŸ‡|||||||||||||
Cradily|Cradily Bow|Recovers HP when hit by a Steel move.|ğŸŸ‡|||||||||||||
Anorith|Guard Claw|Increases maximum HP by 10.|ğŸŸ‡|||||||||||||
Armaldo|Rigid Cape|Recovers HP when hit by a Water move.|ğŸŸ‡|||||||||||||
Feebas|Admire Scarf|Raises the chance of enemies dropping money.|ğŸŸ‡|||||||||||||
Milotic|Grace Scarf|Recovers HP when hit by an Electric move.|ğŸŸ‡|||||||||||||
Castform|Cast-Dew|Raises Defense by 3|ğŸŸƒ|Cast-Card|Raises Sp. Defense by 3|ğŸŸƒ|Cloud Rock|Eliminates any damage taken from Selfdestruct or Explosion|ğŸŸ‡|Weather Cape|Prevents all status conditions during the Clear weather condition.|âœ¯||||
Kecleon|Kecleon Torc|Kecleon Shops appear more often.|ğŸŸ‡|||||||||||||
Shuppet|Shuppet Cape|Boosts Evasion by 2 during the Cloudy weather condition.|ğŸŸ‡|||||||||||||
Banette|Ominous Torc|Recovers HP when hit by a Ghost move.|ğŸŸ‡|||||||||||||
Duskull|Duskull Ruff|Protects from the Sleep status condition.|ğŸŸ‡|||||||||||||
Dusclops|Illusion Bow|May afflict attacking enemies with a Sleep status condition.|ğŸŸ‡|||||||||||||
Tropius|Tropius Bow|May afflict attacking enemies with a Poison, Paralysis, or Sleep status condition.|ğŸŸ‡|||||||||||||
Chimecho|Chime-Scarf|Recovers HP when hit by a Dark move.|ğŸŸ‡|||||||||||||
Absol|Perish Torc|May afflict attacking enemies with a Perish Song status condition.|ğŸŸ‡|||||||||||||
Wynaut|Wynaut Tail|Raises Defense by 3|ğŸŸƒ|Wynaut Card|Raises Sp. Defense by 3|ğŸŸƒ|Grin Charm|Raises Defense and Sp. Defense by 3 each|ğŸŸ‡|Cheery Scarf|Increases maximum HP by 10.|âœ¯|Laugh Dust|Raises the chance of enemies dropping boxes.|âœ¯|
Snorunt|Chilly Hat|May afflict attacking enemies with a Frozen status condition.|ğŸŸ‡|||||||||||||
Glalie|Hail Scarf|Recovers HP when hit by a Fire move.|ğŸŸ‡|||||||||||||
Spheal|Sleet Bow|May afflict attacking enemies with a Frozen status condition.|ğŸŸ‡|||||||||||||
Sealeo|Safe Scarf|Boosts Movement Speed by 1 during the Hail weather condition.|ğŸŸ‡|||||||||||||
Walrein|Walrein Torc|Recovers HP when hit by an Electric move.|ğŸŸ‡|||||||||||||
Clamperl|Clam-Brooch|Halves damage taken from Selfdestruct or Explosion|ğŸŸ‡|||||||||||||
Huntail|Deep Torc|Recovers HP when hit by a Grass move.|ğŸŸ‡|||||||||||||
Gorebyss|Gore-Scarf|Recovers HP when hit by an Electric move.|ğŸŸ‡|||||||||||||
Relicanth|Reli-Torc|Prevents the PokÃ©mon's moves from being sealed.|ğŸŸ‡|||||||||||||
Luvdisc|Luvdisc Torc|May afflict attacking enemies with an Infatuation status condition.|ğŸŸ‡|||||||||||||
Bagon|Crag Helmet|Foes cannot get a critical hit on this PokÃ©mon.|ğŸŸ‡|||||||||||||
Shelgon|Outlast Bow|Eliminates any damage taken from Selfdestruct or Explosion|ğŸŸ‡|||||||||||||
Salamence|Sala-Cape|Recovers HP when hit by an Ice move.|ğŸŸ‡|||||||||||||
Beldum|Beldum Torc|Eliminates any damage taken from Selfdestruct or Explosion|ğŸŸ‡|||||||||||||
Metang|Metang Scarf|Enables Psychic moves to inflict increased damage on Dark PokÃ©mon.|ğŸŸ‡|||||||||||||
Metagross|Meta-Torc|Recovers HP when hit by a Ground move.|ğŸŸ‡|||||||||||||
Regirock|Rock Sash|Physical moves are weakened to half their strength on Regirock.|âœ¯|||||||||||||
Regice|Ice Sash|Physical moves are weakened to half their strength on Regice.|âœ¯|||||||||||||
Registeel|Steel Sash|Physical moves are weakened to half their strength on Registeel.|âœ¯|||||||||||||
Latias|Heart Brooch|May inflict Latias with an Invisible status condition when attacked.|âœ¯|||||||||||||
Latios|Eon Veil|May increase Latios' Movement Speed by 1 when attacked.|âœ¯|||||||||||||
Kyogre|Seabed Veil|Kyogre can attack twice in one turn during the Rain weather condition.|âœ¯|||||||||||||
Groudon|Terra Ring|Groudon can attack twice in one turn during the Sunny weather condition.|âœ¯|||||||||||||
Rayquaza|SkyHigh Veil|Rayquaza can attack twice in one turn during the Clear weather condition.|âœ¯|||||||||||||
Jirachi|Wish Mantle|Completely restores Jirachi's HP when entering a new floor.|âœ¯|||||||||||||
Deoxys|Revive Robe|Increases amount of PP foes use, in addition to Deoxys' Pressure Ability.|âœ¯|||||||||||||
Turtwig|Lucky Leaf|Raises Defense by 3|ğŸŸƒ|Turtwig Card|Raises Sp. Defense by 3|ğŸŸƒ|Sprout Rock|Raises Defense and Sp. Defense by 3 each|ğŸŸ‡|Leafy Hat|Increases maximum HP by 10.|âœ¯||||
Grotle|Grotle Twig|Raises Defense by 3|ğŸŸƒ|Grotle Claw|Raises Attack by 5|ğŸŸƒ|Grotle Crest|Raises Attack by 5 and Defense by 3|ğŸŸ‡|Woody Scarf|Increases the amount of HP recovered through HP-draining moves.|âœ¯||||
Torterra|Tort-Claw|Raises Sp. Attack by 5|ğŸŸƒ|Tort-Horn|Raises Attack by 5|ğŸŸƒ|Tort-Seal|Raises Attack and Sp. Attack by 5 each|ğŸŸ‡|Forest Torc|Recovers HP when hit by a Grass move.|âœ¯||||
Chimchar|Chim-Hair|Raises Sp. Defense by 3|ğŸŸƒ|Chim-Fang|Raises Sp. Attack by 5|ğŸŸƒ|Nimble Charm|Raises Sp. Attack by 5 and Sp. Defense by 3|ğŸŸ‡|Ember Cap|May afflict attacking enemies with a Burn status condition.|âœ¯||||
Monferno|Monfer-Hair|Raises Sp. Defense by 3|ğŸŸƒ|Monfer-Fang|Raises Sp. Attack by 5|ğŸŸƒ|Monfer-Crest|Raises Sp. Attack by 5 and Sp. Defense by 3|ğŸŸ‡|Burst Sash|Boosts Movement Speed by 1 during the Sunny weather condition.|âœ¯||||
Infernape|Infern-Hair|Raises Sp. Defense by 3|ğŸŸƒ|Infern-Fang|Raises Sp. Attack by 5|ğŸŸƒ|Infern-Seal|Raises Sp. Attack by 5 and Sp. Defense by 3|ğŸŸ‡|Blazing Ruff|Recovers HP when hit by a Water move.|âœ¯||||
Piplup|Piplup Foam|Raises Defense by 3|ğŸŸƒ|Piplup Card|Raises Sp. Defense by 3|ğŸŸƒ|Sea Ore|Raises Defense and Sp. Defense by 3 each|ğŸŸ‡|Water Cape|Increases maximum HP by 10.|âœ¯||||
Prinplup|Prin-Foam|Raises Defense by 3|ğŸŸƒ|Prin-Card|Raises Sp. Defense by 3|ğŸŸƒ|Prin-Crest|Raises Defense and Sp. Defense by 3 each|ğŸŸ‡|Aqua Blade|Counters 1/4 of the damage a foe does back at the foe.|âœ¯||||
Empoleon|Empol-Claw|Raises Sp. Attack by 5|ğŸŸƒ|Empol-Horn|Raises Attack by 5|ğŸŸƒ|Empol-Seal|Raises Attack and Sp. Attack by 5 each|ğŸŸ‡|Marine Crown|Recovers HP when hit by a Ground move.|âœ¯||||
Starly|Starly Bow|May afflict attacking enemies with a Confused status condition.|ğŸŸ‡|||||||||||||
Staravia|Regret Torc|Foes cannot get a critical hit on this PokÃ©mon.|ğŸŸ‡|||||||||||||
Staraptor|Guts Sash|Recovers HP when hit by a Rock move.|ğŸŸ‡|||||||||||||
Bidoof|Bidoof Tooth|Raises Attack by 5|ğŸŸƒ|Bidoof Card|Raises Sp. Defense by 3|ğŸŸƒ|Fall Charm|Raises Attack by 5 and Sp. Defense by 3|ğŸŸ‡|Stolid Scarf|Protects from the Infatuated status condition.|âœ¯||||
Bibarel|Biba-Tooth|Raises Attack by 5|ğŸŸƒ|Biba-Card|Raises Sp. Defense by 3|ğŸŸƒ|River Charm|Raises Attack by 5 and Sp. Defense by 3|ğŸŸ‡|Dam Scarf|Recovers HP when hit by an Electric move.|âœ¯||||
Kricketot|Still Bow|Increases maximum HP by 10.|ğŸŸ‡|||||||||||||
Kricketune|Kricke-Torc|Recovers HP when hit by a Flying move.|ğŸŸ‡|||||||||||||
Shinx|Shinx Claw|Raises Attack by 5|ğŸŸƒ|Shinx Fang|Raises Sp. Attack by 5|ğŸŸƒ|Flash Tag|Raises Attack and Sp. Attack by 5 each|ğŸŸ‡|Energy Scarf|Adds 2 to base PP of all moves.|âœ¯||||
Luxio|Luxio Claw|Raises Attack by 5|ğŸŸƒ|Luxio Fang|Raises Sp. Attack by 5|ğŸŸƒ|Spark Tag|Raises Attack and Sp. Attack by 5 each|ğŸŸ‡|Spark Scarf|May afflict attacking enemies with a Paralysis status condition.|âœ¯||||
Luxray|Luxray Claw|Raises Attack by 5|ğŸŸƒ|Luxray Fang|Raises Sp. Attack by 5|ğŸŸƒ|Glare Tag|Raises Attack and Sp. Attack by 5 each|ğŸŸ‡|Glare Sash|Recovers HP when hit by a Ground move.|âœ¯||||
Budew|Budew Scarf|May restore PP of a random move upon taking any kind of damage.|ğŸŸ‡|||||||||||||
Roserade|Bouquet Cape|Recovers HP when hit by a Fire move.|ğŸŸ‡|||||||||||||
Cranidos|Hard Helmet|Ignores Reflect and Light Screen.|ğŸŸ‡|||||||||||||
Rampardos|Skull Helmet|Recovers HP when hit by a Steel move.|ğŸŸ‡|||||||||||||
Shieldon|Rebound Bow|Makes thrown or hurled items bounce off the PokÃ©mon.|ğŸŸ‡|||||||||||||
Bastiodon|Block Brooch|Recovers HP when hit by a Fighting move.|ğŸŸ‡|||||||||||||
Burmy|Straw Cape|Increases maximum HP by 10.|ğŸŸ‡|||||||||||||
Wormadam|Worma-Bow|May afflict attacking enemies with a Poisoned, a Paralysis, or a Sleep status condition. |ğŸŸ‡|||||||||||||
Mothim|Mothim Bow|Recovers HP when hit by a Rock move.|ğŸŸ‡|||||||||||||
Combee|Nectar Bow|Foes are more likely to drop boxes.|ğŸŸ‡|||||||||||||
Vespiquen|Vespi-Torc|Recovers HP when hit by a Rock move.|ğŸŸ‡|||||||||âœ¯||||
Pachirisu|Pachi-Tooth|Raises Attack by 5|ğŸŸƒ|Pachi-Card|Raises Sp. Defense by 3|ğŸŸƒ|Rouse Charm|Raises Attack by 5 and Sp. Defense by 3|ğŸŸ‡|Miracle Bow|Recovers HP when hit by a Ground move.|âœ¯||||
Buizel|Buizel Fang|Raises Sp. Attack by 5|ğŸŸƒ|Buizel Card|Raises Sp. Defense by 3|ğŸŸƒ|Swimmer Rock|Raises Sp. Attack by 5 and Sp. Defense by 3|ğŸŸ‡|Screw Torc|Boosts Movement Speed by 1 during the Rain weather condition.|âœ¯||||
Floatzel|Float-Fang|Raises Sp. Attack by 5|ğŸŸƒ|Float-Card|Raises Sp. Defense by 3|ğŸŸƒ|Rescue Rock|Raises Sp. Attack by 5 and Sp. Defense by 3|ğŸŸ‡|Float Aid|Recovers HP when hit by an Electric move.|âœ¯||||
Cherubi|Cherubi Seed|Raises Defense by 3|ğŸŸƒ|Cherubi Card|Raises Sp. Defense by 3|ğŸŸƒ|Cute Ore|Raises Defense and Sp. Defense by 3 each|ğŸŸ‡|Charm Bow|Increases maximum HP by 10.|âœ¯||||
Cherrim|Cherrim Dew|Raises Defense by 3|ğŸŸƒ|Cherrim Card|Raises Sp. Defense by 3|ğŸŸƒ|Sweet Aroma|Raises Defense and Sp. Defense by 3 each|ğŸŸ‡|Petal Dress|Recovers HP when hit by a Fire move.|âœ¯||||
Shellos|Awake Bow|Boosts Movement Speed by 1 during the Rainy weather condition.|ğŸŸ‡|||||||||||||
Gastrodon|Gastro-Torc|Recovers HP when hit by a Grass move. |ğŸŸ‡|||||||||||||
Ambipom|Ambipom Bow|Recovers HP when hit by a Fighting move.|ğŸŸ‡|||||||||||||
Drifloon|Drifloo-Gasp|Raises Sp. Attack by 5|ğŸŸƒ|Drifloo-Card|Raises Sp. Defense by 3|ğŸŸƒ|Wind Heart|Raises Sp. Attack by 5 and Sp. Defense by 3|ğŸŸ‡|Draft Ring|Protects against thrown items.|âœ¯||||
Drifblim|Drifbli-Gasp|Raises Sp. Attack by 5|ğŸŸƒ|Drifbli-Card|Raises Sp. Defense by 3|ğŸŸƒ|Easy Charm|Raises Sp. Attack by 5 and Sp. Defense by 3|ğŸŸ‡|Breeze Scarf|Recovers HP when hit by a Ghost move.|âœ¯||||
Buneary|Defrost Ruff|Protects the Pokemon from a Frozen status.|ğŸŸ‡|||||||||||||
Lopunny|Allure Coat|Recovers HP when hit by a Fighting move.|ğŸŸ‡|||||||||||||
Mismagius|Magic Hat|Recovers HP when hit by a Ghost move.|ğŸŸ‡|||||||||||||
Honchkrow|Honch-Cape|Recovers HP when hit by an Electric move.|ğŸŸ‡|||||||||||||
Glameow|Glameow Bow|Attacker may become infatuated.|ğŸŸ‡|||||||||||||
Purugly|Scary Belt|Recovers HP when hit by a Fighting move.|ğŸŸ‡|||||||||||||
Chingling|Ching-Torc|Kecleon Shops appear more often.|ğŸŸ‡|||||||||||||
Stunky|Stinky Scarf|May afflict attacking enemies with a Cringe status condition.|ğŸŸ‡|||||||||||||
Skuntank|Stench Sash|Recovers HP when hit by a Ground move.|ğŸŸ‡|||||||||||||
Bronzor|Image Brooch|May afflict attacking enemies with a Blinker status condition.|ğŸŸ‡|||||||||||||
Bronzong|Mirror Torc| Recovers HP when hit by a Ghost move.|ğŸŸ‡|||||||||||||
Bonsly|Bonsly Dew|Raises Sp. Attack by 5|ğŸŸƒ|Bonsly Card|Raises Sp. Defense by 3|ğŸŸƒ|Arid Tag|Raises Sp. Attack by 5 and Sp. Defense by 3|ğŸŸ‡|Teary Cape|Foes cannot get a critical hit on this PokÃ©mon.|âœ¯|Guard Sand|Increases maximum HP by 10.|âœ¯|
Mime Jr.|Junior Beam|Raises Sp. Attack by 5|ğŸŸƒ|Junior Card|Raises Sp. Defense by 3|ğŸŸƒ|Mimic Pebble|Raises Sp. Attack by 5 and Sp. Defense by 3|ğŸŸ‡|Copy Mask|Earns the PokÃ©mon 5 exp. points each time it is hit.|âœ¯|Purple Jewel|Enables Psychic moves to inflict increased damage on Dark PokÃ©mon.|âœ¯|
Happiny|Happiny Dew|Raises Sp. Attack by 5|ğŸŸƒ|Happiny Card|Raises Sp. Defense by 3|ğŸŸƒ|Play Tag|Raises Sp. Attack by 5 and Sp. Defense by 3|ğŸŸ‡|Nurture Cape|Earns the PokÃ©mon 5 exp. points each time it is hit.|âœ¯|White Jewel|Raises the chance of enemies dropping boxes.|âœ¯|
Chatot|Chatot Scarf|May make the PokÃ©mon bounce received moves back at the attacker.|ğŸŸ‡|||||||||||||
Spiritomb|Shadow Veil|Prevents Spiritomb's moves from being sealed.|âœ¯|||||||||||||
Gible|Gible Fang|Raises Sp. Attack by 5|ğŸŸƒ|Gible Card|Raises Sp. Defense by 3|ğŸŸƒ|Dragon Jewel|Raises Sp. Attack by 5 and Sp. Defense by 3|ğŸŸ‡|Dragon Tie|Increases maximum HP by 10.|âœ¯||||
Gabite|Gabite Claw|Raises Attack by 5|ğŸŸƒ|Gabite Fang|Raises Sp. Attack by 5|ğŸŸƒ|Star Rock|Raises Attack and Sp. Attack by 5 each|ğŸŸ‡|Meteor Torc|Reflect and Light Screen do not affect this PokÃ©mon's moves.|âœ¯||||
Garchomp|Gar-Claw|Raises Attack by 5|ğŸŸƒ|Gar-Fang|Raises Sp. Attack by 5|ğŸŸƒ|Speed Tag|Raises Attack and Sp. Attack by 5 each|ğŸŸ‡|Mach Scarf|Recovers HP when hit by a Dragon move.|âœ¯||||
Munchlax|Munch-Drool|Raises Sp. Attack by 5|ğŸŸƒ|Munch-Claw|Raises Attack by 5|ğŸŸƒ|Tummy Charm|Raises Attack and Sp. Attack by 5 each|ğŸŸ‡|Glutton Cape|Increases maximum HP by 10.|âœ¯||||
Riolu|Riolu Tail|Raises Defense by 3|ğŸŸƒ|Riolu Card|Raises Sp. Defense by 3|ğŸŸƒ|Valiant Rock|Raises Defense and Sp. Defense by 3 each|ğŸŸ‡|Emit Ring|Enables Fighting moves and Normal moves to inflict increased damage on Ghost PokÃ©mon.|âœ¯|Brave Dust|Raises the chance of enemies dropping boxes.|âœ¯|
Lucario|Lucario Fang|Raises Sp. Attack by 5|ğŸŸƒ|Lucario Card|Raises Sp. Defense by 3|ğŸŸƒ|Pledge Rock|Raises Sp. Attack by 5 and Sp. Defense by 3|ğŸŸ‡|Ravage Ring|Recovers HP when hit by a Psychic move.|âœ¯||||
Hippopotas|Thick Scarf|Boosts Evasion by 2 during the Sandstorm weather condition.|ğŸŸ‡|||||||||||||
Hippowdon|Grit Veil|Recovers HP when hit by a Grass move.|ğŸŸ‡|||||||||||||
Skorupi|Skorupi Bow|May afflict attacking enemies with a Shadow Hold status condition.|ğŸŸ‡|||||||||||||
Drapion|Dust Scarf|Recovers HP when hit by a Ground move.|ğŸŸ‡|||||||||||||
Croagunk|Croa-Torc|Foes are more likely to drop boxes.|ğŸŸ‡|||||||||||||
Toxicroak|Toxi-Belt|Recovers HP when hit by a Psychic move.|ğŸŸ‡|||||||||||||
Carnivine|Carni-Bow|Any Berry or Apple eaten will recover an extra 10 HP.|ğŸŸ‡|||||||||||||
Finneon|Swim Bow|Boosts Movement Speed by 1 during the Rainy weather condition.|ğŸŸ‡|||||||||||||
Lumineon|Lumi-Torc|Recovers HP when hit by an Electric move.|ğŸŸ‡|||||||||||||
Mantyke|Mantyke Beam|Raises Sp. Attack by 5|ğŸŸƒ|Mantyke Card|Raises Sp. Defense by 3|ğŸŸƒ|Waft Rock|Raises Sp. Attack by 5 and Sp. Defense by 3|ğŸŸ‡|Ocean Bow|Increases maximum HP by 10.|âœ¯|Heal Dew|Increases recovery rate of HP when walking in a dungeon|âœ¯|
Snover|Snowy Torc|Attacks twice in one turn during the Hail weather condition.|ğŸŸ‡|||||||||||||
Abomasnow|Frozen Cape|Recovers HP when hit by a Fire move.|ğŸŸ‡|||||||||||||
Weavile|Weavile Claw|Raises Attack by 5|ğŸŸƒ|Weavile Fang|Raises Sp. Attack by 5|ğŸŸƒ|Vile Tag|Raises Attack and Sp. Attack by 5 each|ğŸŸ‡|Ruin Armlet|Recovers HP when hit by a Fighting move.|âœ¯||||
Magnezone|Builder Sash|Recovers HP when hit by a Ground move.|ğŸŸ‡|||||||||||||
Lickilicky|Flabby Belt|Recovers HP when hit by a Fighting move.|ğŸŸ‡|||||||||||||
Rhyperior|Rhyperi-Torc|Recovers HP when hit by a Grass move.|ğŸŸ‡|||||||||||||
Tangrowth|Clinging Bow|Recovers HP when hit by a Fire move.|ğŸŸ‡|||||||||||||
Electivire|Electi-Claw|Raises Attack by 5|ğŸŸƒ|Electi-Card|Raises Sp. Defense by 3|ğŸŸƒ|Voltaic Rock|Raises Attack by 5 and Sp. Defense by 3|ğŸŸ‡|Voltaic Band|Recovers HP when hit by a Ground move.|âœ¯||||
Magmortar|Magmor-Claw|Raises Attack by 5|ğŸŸƒ|Magmor-Card|Raises Sp. Defense by 3|ğŸŸƒ|Vulcan Rock|Raises Attack by 5 and Sp. Defense by 3|ğŸŸ‡|Burning Torc|Recovers HP when hit by a Water move.|âœ¯||||
Togekiss|Togek-Wing|Raises Attack by 5|ğŸŸƒ|Togek-Card|Raises Sp. Defense by 3|ğŸŸƒ|Ovation Rock|Raises Attack by 5 and Sp. Defense by 3|ğŸŸ‡|Glitter Robe|Recovers HP when hit by an Electric move.|âœ¯||||
Yanmega|Yanmega Bow|Recovers HP when hit by a Rock move.|ğŸŸ‡|||||||||||||
Leafeon|Virid Collar|May afflict attacking enemies with a Poisoned, a Paralysis, or a Sleep status condition.|âœ¯|||||||||||||
Glaceon|Icy Collar|May afflict attacking enemies with a Frozen status condition.|âœ¯|||||||||||||
Gliscor|Gliscor Cape|Recovers HP when hit by an Ice move.|ğŸŸ‡|||||||||||||
Mamoswine|Glacier Cape|Recovers HP when hit by a Steel move.|ğŸŸ‡|||||||||||||
Porygon-Z|Best Scarf|Recovers HP when hit by a Fighting move.|ğŸŸ‡|||||||||||||
Gallade|Gallant Torc|Recovers HP when hit by a Ghost move.|ğŸŸ‡|||||||||||||
Probopass|Probo-Hat|Recovers HP when hit by a Fighting move.|ğŸŸ‡|||||||||||||
Dusknoir|Unlucky Sash|Recovers HP when hit by a Ghost move.|ğŸŸ‡|||||||||||||
Froslass|Froslass Bow|Recovers HP when hit by a Dark move.|ğŸŸ‡|||||||||||||
Rotom|Plasma Veil|May afflict attacking enemies with a Paralysis status condition.|âœ¯|||||||||||||
Uxie|Edify Robe|If Uxie is attacked when it has little health, it may warp to a different area on the same floor.|âœ¯|||||||||||||
Mesprit|Charity Robe|If Mesprit is attacked when it has little health, it may warp to a different area on the same floor.|âœ¯|||||||||||||
Azelf|Hope Robe|If Azelf is attacked when it has little health, it may warp to a different area on the same floor.|âœ¯|||||||||||||
Dialga|Time Shield|Physical moves are weakened to half their strength on Dialga.|âœ¯|||||||||||||
Palkia|Air Blade|Boosts damage Palkia inflicts by 1.5 times.|âœ¯|||||||||||||
Heatran|Searing Ring|Completely restores Heatran's HP when entering a new floor.|âœ¯|||||||||||||
Regigigas|Ancient Ring|Protects Regigigas from status conditions.|âœ¯|||||||||||||
Giratina|Nether Veil|May afflict attacking foes with a Constricted status condition.|âœ¯|||||||||||||
Cresselia|Lunar Veil|When moves that increase stats are used on Cresselia, the rest of the party also gets the effects.|âœ¯|||||||||||||
Phione|Phione Song|Raises Defense by 3|ğŸŸƒ|Phione Card|Raises Sp. Defense by 3|ğŸŸƒ|Wave Jewel|Raises Defense and Sp. Defense by 3 each|ğŸŸ‡|Ripple Cape|Recovers HP when Phione enters a water terrain.|âœ¯|Marine Cache|Heals status conditions when Phione enters a water terrain.|âœ¯|
Manaphy|Tidal Cape|Recovers HP when Manaphy enters a water terrain.|âœ¯|||||||||||||
Darkrai|Eclipse Robe|May afflict attacking enemies with a Nightmare status condition.|âœ¯|||||||||||||
Shaymin|Purify Veil|Cures allies' poisoned or badly poisoned conditions and restores 10HP to Shaymin (Explorers of Sky only).|ğŸŸ‡|||||||||||||
