ID,Name,Type 1,Type 2,HP,Attack,Defense,Special Attack,Special Defense,Speed,Total,Rarity
1,Bulbasaur,Grass,Poison,45,49,49,65,65,45,318,Uncommon
2,Ivysaur,Grass,Poison,60,62,63,80,80,60,405,Uncommon
3,Venusaur,Grass,Poison,80,82,83,100,100,80,525,Uncommon
3,VenusaurMega Venusaur,Grass,Poison,80,100,123,122,120,80,625,Uncommon
4,Charmander,Fire,,39,52,43,60,50,65,309,Uncommon
5,Charmeleon,Fire,,58,64,58,80,65,80,405,Uncommon
6,Charizard,Fire,Flying,78,84,78,109,85,100,534,Uncommon
6,CharizardMega Charizard X,Fire,Dragon,78,130,111,130,85,100,634,Uncommon
6,CharizardMega Charizard Y,Fire,Flying,78,104,78,159,115,100,634,Uncommon
7,Squirtle,Water,,44,48,65,50,64,43,314,Uncommon
8,Wartortle,Water,,59,63,80,65,80,58,405,Uncommon
9,Blastoise,Water,,79,83,100,85,105,78,530,Uncommon
9,BlastoiseMega Blastoise,Water,,79,103,120,135,115,78,630,Uncommon
10,Caterpie,Bug,,45,30,35,20,20,45,195,Common
11,Metapod,Bug,,50,20,55,25,25,30,205,Common
12,Butterfree,Bug,Flying,60,45,50,90,80,70,395,Common
13,Weedle,Bug,Poison,40,35,30,20,20,50,195,Common
14,Kakuna,Bug,Poison,45,25,50,25,25,35,205,Common
15,Beedrill,Bug,Poison,65,90,40,45,80,75,395,Common
15,BeedrillMega Beedrill,Bug,Poison,65,150,40,15,80,145,495,Common
16,Pidgey,Normal,Flying,40,45,40,35,35,56,251,Common
17,Pidgeotto,Normal,Flying,63,60,55,50,50,71,349,Common
18,Pidgeot,Normal,Flying,83,80,75,70,70,101,479,Common
18,PidgeotMega Pidgeot,Normal,Flying,83,80,80,135,80,121,579,Common
19,Rattata,Normal,,30,56,35,25,35,72,253,Common
20,Raticate,Normal,,55,81,60,50,70,97,413,Common
21,Spearow,Normal,Flying,40,60,30,31,31,70,262,Common
22,Fearow,Normal,Flying,65,90,65,61,61,100,442,Common
23,Ekans,Poison,,35,60,44,40,54,55,288,Common
24,Arbok,Poison,,60,85,69,65,79,80,438,Common
25,Pikachu,Electric,,35,55,40,50,50,90,320,Uncommon
26,Raichu,Electric,,60,90,55,90,80,110,485,Uncommon
27,Sandshrew,Ground,,50,75,85,20,30,40,300,Common
28,Sandslash,Ground,,75,100,110,45,55,65,450,Common
29,Nidoran♀,Poison,,55,47,52,40,40,41,275,Common
30,Nidorina,Poison,,70,62,67,55,55,56,365,Common
31,Nidoqueen,Poison,Ground,90,92,87,75,85,76,505,Common
32,Nidoran♂,Poison,,46,57,40,40,40,50,273,Common
33,Nidorino,Poison,,61,72,57,55,55,65,365,Common
34,Nidoking,Poison,Ground,81,102,77,85,75,85,505,Common
35,Clefairy,Fairy,,70,45,48,60,65,35,323,Common
36,Clefable,Fairy,,95,70,73,95,90,60,483,Common
37,Vulpix,Fire,,38,41,40,50,65,65,299,Uncommon
38,Ninetales,Fire,,73,76,75,81,100,100,505,Uncommon
39,Jigglypuff,Normal,Fairy,115,45,20,45,25,20,270,Uncommon
40,Wigglytuff,Normal,Fairy,140,70,45,85,50,45,435,Uncommon
41,Zubat,Poison,Flying,40,45,35,30,40,55,245,Common
42,Golbat,Poison,Flying,75,80,70,65,75,90,455,Common
43,Oddish,Grass,Poison,45,50,55,75,65,30,320,Common
44,Gloom,Grass,Poison,60,65,70,85,75,40,395,Common
45,Vileplume,Grass,Poison,75,80,85,110,90,50,490,Common
46,Paras,Bug,Grass,35,70,55,45,55,25,285,Common
47,Parasect,Bug,Grass,60,95,80,60,80,30,405,Common
48,Venonat,Bug,Poison,60,55,50,40,55,45,305,Common
49,Venomoth,Bug,Poison,70,65,60,90,75,90,450,Common
50,Diglett,Ground,,10,55,25,35,45,95,265,Common
51,Dugtrio,Ground,,35,80,50,50,70,120,405,Common
52,Meowth,Normal,,40,45,35,40,40,90,290,Common
53,Persian,Normal,,65,70,60,65,65,115,440,Common
54,Psyduck,Water,,50,52,48,65,50,55,320,Common
55,Golduck,Water,,80,82,78,95,80,85,500,Common
56,Mankey,Fighting,,40,80,35,35,45,70,305,Common
57,Primeape,Fighting,,65,105,60,60,70,95,455,Common
58,Growlithe,Fire,,55,70,45,70,50,60,350,Uncommon
59,Arcanine,Fire,,90,110,80,100,80,95,555,Uncommon
60,Poliwag,Water,,40,50,40,40,40,90,300,Common
61,Poliwhirl,Water,,65,65,65,50,50,90,385,Common
62,Poliwrath,Water,Fighting,90,95,95,70,90,70,510,Common
63,Abra,Psychic,,25,20,15,105,55,90,310,Uncommon
64,Kadabra,Psychic,,40,35,30,120,70,105,400,Uncommon
65,Alakazam,Psychic,,55,50,45,135,95,120,500,Uncommon
65,AlakazamMega Alakazam,Psychic,,55,50,65,175,95,150,590,Uncommon
66,Machop,Fighting,,70,80,50,35,35,35,305,Common
67,Machoke,Fighting,,80,100,70,50,60,45,405,Common
68,Machamp,Fighting,,90,130,80,65,85,55,505,Common
69,Bellsprout,Grass,Poison,50,75,35,70,30,40,300,Common
70,Weepinbell,Grass,Poison,65,90,50,85,45,55,390,Common
71,Victreebel,Grass,Poison,80,105,65,100,70,70,490,Common
72,Tentacool,Water,Poison,40,40,35,50,100,70,335,Common
73,Tentacruel,Water,Poison,80,70,65,80,120,100,515,Common
74,Geodude,Rock,Ground,40,80,100,30,30,20,300,Common
75,Graveler,Rock,Ground,55,95,115,45,45,35,390,Common
76,Golem,Rock,Ground,80,120,130,55,65,45,495,Common
77,Ponyta,Fire,,50,85,55,65,65,90,410,Common
78,Rapidash,Fire,,65,100,70,80,80,105,500,Common
79,Slowpoke,Water,Psychic,90,65,65,40,40,15,315,Common
80,Slowbro,Water,Psychic,95,75,110,100,80,30,490,Common
80,SlowbroMega Slowbro,Water,Psychic,95,75,180,130,80,30,590,Common
81,Magnemite,Electric,Steel,25,35,70,95,55,45,325,Common
82,Magneton,Electric,Steel,50,60,95,120,70,70,465,Common
83,Farfetch'd,Normal,Flying,52,65,55,58,62,60,352,Common
84,Doduo,Normal,Flying,35,85,45,35,35,75,310,Common
85,Dodrio,Normal,Flying,60,110,70,60,60,100,460,Common
86,Seel,Water,,65,45,55,45,70,45,325,Common
87,Dewgong,Water,Ice,90,70,80,70,95,70,475,Common
88,Grimer,Poison,,80,80,50,40,50,25,325,Common
89,Muk,Poison,,105,105,75,65,100,50,500,Common
90,Shellder,Water,,30,65,100,45,25,40,305,Common
91,Cloyster,Water,Ice,50,95,180,85,45,70,525,Common
92,Gastly,Ghost,Poison,30,35,30,100,35,80,310,Uncommon
93,Haunter,Ghost,Poison,45,50,45,115,55,95,405,Uncommon
94,Gengar,Ghost,Poison,60,65,60,130,75,110,500,Uncommon
94,GengarMega Gengar,Ghost,Poison,60,65,80,170,95,130,600,Uncommon
95,Onix,Rock,Ground,35,45,160,30,45,70,385,Common
96,Drowzee,Psychic,,60,48,45,43,90,42,328,Common
97,Hypno,Psychic,,85,73,70,73,115,67,483,Common
98,Krabby,Water,,30,105,90,25,25,50,325,Common
99,Kingler,Water,,55,130,115,50,50,75,475,Common
100,Voltorb,Electric,,40,30,50,55,55,100,330,Common
101,Electrode,Electric,,60,50,70,80,80,140,480,Common
102,Exeggcute,Grass,Psychic,60,40,80,60,45,40,325,Common
103,Exeggutor,Grass,Psychic,95,95,85,125,65,55,520,Common
104,Cubone,Ground,,50,50,95,40,50,35,320,Common
105,Marowak,Ground,,60,80,110,50,80,45,425,Common
106,Hitmonlee,Fighting,,50,120,53,35,110,87,455,Common
107,Hitmonchan,Fighting,,50,105,79,35,110,76,455,Common
108,Lickitung,Normal,,90,55,75,60,75,30,385,Common
109,Koffing,Poison,,40,65,95,60,45,35,340,Common
110,Weezing,Poison,,65,90,120,85,70,60,490,Common
111,Rhyhorn,Ground,Rock,80,85,95,30,30,25,345,Common
112,Rhydon,Ground,Rock,105,130,120,45,45,40,485,Common
113,Chansey,Normal,,250,5,5,35,105,50,450,Common
114,Tangela,Grass,,65,55,115,100,40,60,435,Common
115,Kangaskhan,Normal,,105,95,80,40,80,90,490,Uncommon
115,KangaskhanMega Kangaskhan,Normal,,105,125,100,60,100,100,590,Uncommon
116,Horsea,Water,,30,40,70,70,25,60,295,Common
117,Seadra,Water,,55,65,95,95,45,85,440,Common
118,Goldeen,Water,,45,67,60,35,50,63,320,Common
119,Seaking,Water,,80,92,65,65,80,68,450,Common
120,Staryu,Water,,30,45,55,70,55,85,340,Common
121,Starmie,Water,Psychic,60,75,85,100,85,115,520,Common
122,Mr. Mime,Psychic,Fairy,40,45,65,100,120,90,460,Common
123,Scyther,Bug,Flying,70,110,80,55,80,105,500,Common
124,Jynx,Ice,Psychic,65,50,35,115,95,95,455,Common
125,Electabuzz,Electric,,65,83,57,95,85,105,490,Common
126,Magmar,Fire,,65,95,57,100,85,93,495,Common
127,Pinsir,Bug,,65,125,100,55,70,85,500,Common
127,PinsirMega Pinsir,Bug,Flying,65,155,120,65,90,105,600,Common
128,Tauros,Normal,,75,100,95,40,70,110,490,Common
129,Magikarp,Water,,20,10,55,15,20,80,200,Common
130,Gyarados,Water,Flying,95,125,79,60,100,81,540,Common
130,GyaradosMega Gyarados,Water,Dark,95,155,109,70,130,81,640,Common
131,Lapras,Water,Ice,130,85,80,85,95,60,535,Rare
132,Ditto,Normal,,48,48,48,48,48,48,288,Rare
133,Eevee,Normal,,55,55,50,45,65,55,325,Rare
134,Vaporeon,Water,,130,65,60,110,95,65,525,Rare
135,Jolteon,Electric,,65,65,60,110,95,130,525,Rare
136,Flareon,Fire,,65,130,60,95,110,65,525,Rare
137,Porygon,Normal,,65,60,70,85,75,40,395,Uncommon
138,Omanyte,Rock,Water,35,40,100,90,55,35,355,Common
139,Omastar,Rock,Water,70,60,125,115,70,55,495,Common
140,Kabuto,Rock,Water,30,80,90,55,45,55,355,Common
141,Kabutops,Rock,Water,60,115,105,65,70,80,495,Common
142,Aerodactyl,Rock,Flying,80,105,65,60,75,130,515,Common
142,AerodactylMega Aerodactyl,Rock,Flying,80,135,85,70,95,150,615,Common
143,Snorlax,Normal,,160,110,65,65,110,30,540,Common
144,Articuno,Ice,Flying,90,85,100,95,125,85,580,Legendary
145,Zapdos,Electric,Flying,90,90,85,125,90,100,580,Legendary
146,Moltres,Fire,Flying,90,100,90,125,85,90,580,Legendary
147,Dratini,Dragon,,41,64,45,50,50,50,300,Rare
148,Dragonair,Dragon,,61,84,65,70,70,70,420,Rare
149,Dragonite,Dragon,Flying,91,134,95,100,100,80,600,Rare
150,Mewtwo,Psychic,,106,110,90,154,90,130,680,Legendary
150,MewtwoMega Mewtwo X,Psychic,Fighting,106,190,100,154,100,130,780,Legendary
150,MewtwoMega Mewtwo Y,Psychic,,106,150,70,194,120,140,780,Legendary
151,Mew,Psychic,,100,100,100,100,100,100,600,Mythical
152,Chikorita,Grass,,45,49,65,49,65,45,318,Uncommon
153,Bayleef,Grass,,60,62,80,63,80,60,405,Uncommon
154,Meganium,Grass,,80,82,100,83,100,80,525,Uncommon
155,Cyndaquil,Fire,,39,52,43,60,50,65,309,Uncommon
156,Quilava,Fire,,58,64,58,80,65,80,405,Uncommon
157,Typhlosion,Fire,,78,84,78,109,85,100,534,Uncommon
158,Totodile,Water,,50,65,64,44,48,43,314,Uncommon
159,Croconaw,Water,,65,80,80,59,63,58,405,Uncommon
160,Feraligatr,Water,,85,105,100,79,83,78,530,Uncommon
161,Sentret,Normal,,35,46,34,35,45,20,215,Common
162,Furret,Normal,,85,76,64,45,55,90,415,Common
163,Hoothoot,Normal,Flying,60,30,30,36,56,50,262,Common
164,Noctowl,Normal,Flying,100,50,50,76,96,70,442,Common
165,Ledyba,Bug,Flying,40,20,30,40,80,55,265,Common
166,Ledian,Bug,Flying,55,35,50,55,110,85,390,Common
167,Spinarak,Bug,Poison,40,60,40,40,40,30,250,Common
168,Ariados,Bug,Poison,70,90,70,60,60,40,390,Common
169,Crobat,Poison,Flying,85,90,80,70,80,130,535,Common
170,Chinchou,Water,Electric,75,38,38,56,56,67,330,Common
171,Lanturn,Water,Electric,125,58,58,76,76,67,460,Common
172,Pichu,Electric,,20,40,15,35,35,60,205,Uncommon
173,Cleffa,Fairy,,50,25,28,45,55,15,218,Common
174,Igglybuff,Normal,Fairy,90,30,15,40,20,15,210,Uncommon
175,Togepi,Fairy,,35,20,65,40,65,20,245,Common
176,Togetic,Fairy,Flying,55,40,85,80,105,40,405,Common
177,Natu,Psychic,Flying,40,50,45,70,45,70,320,Common
178,Xatu,Psychic,Flying,65,75,70,95,70,95,470,Common
179,Mareep,Electric,,55,40,40,65,45,35,280,Uncommon
180,Flaaffy,Electric,,70,55,55,80,60,45,365,Uncommon
181,Ampharos,Electric,,90,75,85,115,90,55,510,Uncommon
181,AmpharosMega Ampharos,Electric,Dragon,90,95,105,165,110,45,610,Uncommon
182,Bellossom,Grass,,75,80,95,90,100,50,490,Common
183,Marill,Water,Fairy,70,20,50,20,50,40,250,Common
184,Azumarill,Water,Fairy,100,50,80,60,80,50,420,Common
185,Sudowoodo,Rock,,70,100,115,30,65,30,410,Common
186,Politoed,Water,,90,75,75,90,100,70,500,Common
187,Hoppip,Grass,Flying,35,35,40,35,55,50,250,Common
188,Skiploom,Grass,Flying,55,45,50,45,65,80,340,Common
189,Jumpluff,Grass,Flying,75,55,70,55,95,110,460,Common
190,Aipom,Normal,,55,70,55,40,55,85,360,Common
191,Sunkern,Grass,,30,30,30,30,30,30,180,Common
192,Sunflora,Grass,,75,75,55,105,85,30,425,Common
193,Yanma,Bug,Flying,65,65,45,75,45,95,390,Common
194,Wooper,Water,Ground,55,45,45,25,25,15,210,Common
195,Quagsire,Water,Ground,95,85,85,65,65,35,430,Common
196,Espeon,Psychic,,65,65,60,130,95,110,525,Rare
197,Umbreon,Dark,,95,65,110,60,130,65,525,Rare
198,Murkrow,Dark,Flying,60,85,42,85,42,91,405,Common
199,Slowking,Water,Psychic,95,75,80,100,110,30,490,Common
200,Misdreavus,Ghost,,60,60,60,85,85,85,435,Common
201,Unown,Psychic,,48,72,48,72,48,48,336,Rare
202,Wobbuffet,Psychic,,190,33,58,33,58,33,405,Common
203,Girafarig,Normal,Psychic,70,80,65,90,65,85,455,Common
204,Pineco,Bug,,50,65,90,35,35,15,290,Common
205,Forretress,Bug,Steel,75,90,140,60,60,40,465,Common
206,Dunsparce,Normal,,100,70,70,65,65,45,415,Common
207,Gligar,Ground,Flying,65,75,105,35,65,85,430,Common
208,Steelix,Steel,Ground,75,85,200,55,65,30,510,Common
208,SteelixMega Steelix,Steel,Ground,75,125,230,55,95,30,610,Common
209,Snubbull,Fairy,,60,80,50,40,40,30,300,Common
210,Granbull,Fairy,,90,120,75,60,60,45,450,Common
211,Qwilfish,Water,Poison,65,95,75,55,55,85,430,Common
212,Scizor,Bug,Steel,70,130,100,55,80,65,500,Common
212,ScizorMega Scizor,Bug,Steel,70,150,140,65,100,75,600,Common
213,Shuckle,Bug,Rock,20,10,230,10,230,5,505,Common
214,Heracross,Bug,Fighting,80,125,75,40,95,85,500,Common
214,HeracrossMega Heracross,Bug,Fighting,80,185,115,40,105,75,600,Common
215,Sneasel,Dark,Ice,55,95,55,35,75,115,430,Common
216,Teddiursa,Normal,,60,80,50,50,50,40,330,Common
217,Ursaring,Normal,,90,130,75,75,75,55,500,Common
218,Slugma,Fire,,40,40,40,70,40,20,250,Common
219,Magcargo,Fire,Rock,50,50,120,80,80,30,410,Common
220,Swinub,Ice,Ground,50,50,40,30,30,50,250,Common
221,Piloswine,Ice,Ground,100,100,80,60,60,50,450,Common
222,Corsola,Water,Rock,55,55,85,65,85,35,380,Common
223,Remoraid,Water,,35,65,35,65,35,65,300,Common
224,Octillery,Water,,75,105,75,105,75,45,480,Common
225,Delibird,Ice,Flying,45,55,45,65,45,75,330,Common
226,Mantine,Water,Flying,65,40,70,80,140,70,465,Common
227,Skarmory,Steel,Flying,65,80,140,40,70,70,465,Common
228,Houndour,Dark,Fire,45,60,30,80,50,65,330,Uncommon
229,Houndoom,Dark,Fire,75,90,50,110,80,95,500,Uncommon
229,HoundoomMega Houndoom,Dark,Fire,75,90,90,140,90,115,600,Uncommon
230,Kingdra,Water,Dragon,75,95,95,95,95,85,540,Common
231,Phanpy,Ground,,90,60,60,40,40,40,330,Common
232,Donphan,Ground,,90,120,120,60,60,50,500,Common
233,Porygon2,Normal,,85,80,90,105,95,60,515,Uncommon
234,Stantler,Normal,,73,95,62,85,65,85,465,Common
235,Smeargle,Normal,,55,20,35,20,45,75,250,Common
236,Tyrogue,Fighting,,35,35,35,35,35,35,210,Common
237,Hitmontop,Fighting,,50,95,95,35,110,70,455,Common
238,Smoochum,Ice,Psychic,45,30,15,85,65,65,305,Common
239,Elekid,Electric,,45,63,37,65,55,95,360,Common
240,Magby,Fire,,45,75,37,70,55,83,365,Common
241,Miltank,Normal,,95,80,105,40,70,100,490,Common
242,Blissey,Normal,,255,10,10,75,135,55,540,Common
243,Raikou,Electric,,90,85,75,115,100,115,580,Legendary
244,Entei,Fire,,115,115,85,90,75,100,580,Legendary
245,Suicune,Water,,100,75,115,90,115,85,580,Legendary
246,Larvitar,Rock,Ground,50,64,50,45,50,41,300,Rare
247,Pupitar,Rock,Ground,70,84,70,65,70,51,410,Rare
248,Tyranitar,Rock,Dark,100,134,110,95,100,61,600,Rare
248,TyranitarMega Tyranitar,Rock,Dark,100,164,150,95,120,71,700,Rare
249,Lugia,Psychic,Flying,106,90,130,90,154,110,680,Legendary
250,Ho-oh,Fire,Flying,106,130,90,110,154,90,680,Legendary
251,Celebi,Psychic,Grass,100,100,100,100,100,100,600,Mythical
252,Treecko,Grass,,40,45,35,65,55,70,310,Uncommon
253,Grovyle,Grass,,50,65,45,85,65,95,405,Uncommon
254,Sceptile,Grass,,70,85,65,105,85,120,530,Uncommon
254,SceptileMega Sceptile,Grass,Dragon,70,110,75,145,85,145,630,Uncommon
255,Torchic,Fire,,45,60,40,70,50,45,310,Uncommon
256,Combusken,Fire,Fighting,60,85,60,85,60,55,405,Uncommon
257,Blaziken,Fire,Fighting,80,120,70,110,70,80,530,Uncommon
257,BlazikenMega Blaziken,Fire,Fighting,80,160,80,130,80,100,630,Uncommon
258,Mudkip,Water,,50,70,50,50,50,40,310,Uncommon
259,Marshtomp,Water,Ground,70,85,70,60,70,50,405,Uncommon
260,Swampert,Water,Ground,100,110,90,85,90,60,535,Uncommon
260,SwampertMega Swampert,Water,Ground,100,150,110,95,110,70,635,Uncommon
261,Poochyena,Dark,,35,55,35,30,30,35,220,Uncommon
262,Mightyena,Dark,,70,90,70,60,60,70,420,Uncommon
263,Zigzagoon,Normal,,38,30,41,30,41,60,240,Common
264,Linoone,Normal,,78,70,61,50,61,100,420,Common
265,Wurmple,Bug,,45,45,35,20,30,20,195,Common
266,Silcoon,Bug,,50,35,55,25,25,15,205,Common
267,Beautifly,Bug,Flying,60,70,50,100,50,65,395,Common
268,Cascoon,Bug,,50,35,55,25,25,15,205,Common
269,Dustox,Bug,Poison,60,50,70,50,90,65,385,Common
270,Lotad,Water,Grass,40,30,30,40,50,30,220,Common
271,Lombre,Water,Grass,60,50,50,60,70,50,340,Common
272,Ludicolo,Water,Grass,80,70,70,90,100,70,480,Common
273,Seedot,Grass,,40,40,50,30,30,30,220,Common
274,Nuzleaf,Grass,Dark,70,70,40,60,40,60,340,Common
275,Shiftry,Grass,Dark,90,100,60,90,60,80,480,Common
276,Taillow,Normal,Flying,40,55,30,30,30,85,270,Common
277,Swellow,Normal,Flying,60,85,60,50,50,125,430,Common
278,Wingull,Water,Flying,40,30,30,55,30,85,270,Common
279,Pelipper,Water,Flying,60,50,100,85,70,65,430,Common
280,Ralts,Psychic,Fairy,28,25,25,45,35,40,198,Uncommon
281,Kirlia,Psychic,Fairy,38,35,35,65,55,50,278,Uncommon
282,Gardevoir,Psychic,Fairy,68,65,65,125,115,80,518,Uncommon
282,GardevoirMega Gardevoir,Psychic,Fairy,68,85,65,165,135,100,618,Uncommon
283,Surskit,Bug,Water,40,30,32,50,52,65,269,Common
284,Masquerain,Bug,Flying,70,60,62,80,82,60,414,Common
285,Shroomish,Grass,,60,40,60,40,60,35,295,Common
286,Breloom,Grass,Fighting,60,130,80,60,60,70,460,Common
287,Slakoth,Normal,,60,60,60,35,35,30,280,Common
288,Vigoroth,Normal,,80,80,80,55,55,90,440,Common
289,Slaking,Normal,,150,160,100,95,65,100,670,Common
290,Nincada,Bug,Ground,31,45,90,30,30,40,266,Common
291,Ninjask,Bug,Flying,61,90,45,50,50,160,456,Common
292,Shedinja,Bug,Ghost,1,90,45,30,30,40,236,Common
293,Whismur,Normal,,64,51,23,51,23,28,240,Common
294,Loudred,Normal,,84,71,43,71,43,48,360,Common
295,Exploud,Normal,,104,91,63,91,73,68,490,Common
296,Makuhita,Fighting,,72,60,30,20,30,25,237,Common
297,Hariyama,Fighting,,144,120,60,40,60,50,474,Common
298,Azurill,Normal,Fairy,50,20,40,20,40,20,190,Common
299,Nosepass,Rock,,30,45,135,45,90,30,375,Common
300,Skitty,Normal,,50,45,45,35,35,50,260,Uncommon
301,Delcatty,Normal,,70,65,65,55,55,70,380,Uncommon
302,Sableye,Dark,Ghost,50,75,75,65,65,50,380,Uncommon
302,SableyeMega Sableye,Dark,Ghost,50,85,125,85,115,20,480,Uncommon
303,Mawile,Steel,Fairy,50,85,85,55,55,50,380,Uncommon
303,MawileMega Mawile,Steel,Fairy,50,105,125,55,95,50,480,Uncommon
304,Aron,Steel,Rock,50,70,100,40,40,30,330,Common
305,Lairon,Steel,Rock,60,90,140,50,50,40,430,Common
306,Aggron,Steel,Rock,70,110,180,60,60,50,530,Common
306,AggronMega Aggron,Steel,,70,140,230,60,80,50,630,Common
307,Meditite,Fighting,Psychic,30,40,55,40,55,60,280,Common
308,Medicham,Fighting,Psychic,60,60,75,60,75,80,410,Common
308,MedichamMega Medicham,Fighting,Psychic,60,100,85,80,85,100,510,Common
309,Electrike,Electric,,40,45,40,65,40,65,295,Common
310,Manectric,Electric,,70,75,60,105,60,105,475,Common
310,ManectricMega Manectric,Electric,,70,75,80,135,80,135,575,Common
311,Plusle,Electric,,60,50,40,85,75,95,405,Uncommon
312,Minun,Electric,,60,40,50,75,85,95,405,Uncommon
313,Volbeat,Bug,,65,73,55,47,75,85,400,Common
314,Illumise,Bug,,65,47,55,73,75,85,400,Common
315,Roselia,Grass,Poison,50,60,45,100,80,65,400,Common
316,Gulpin,Poison,,70,43,53,43,53,40,302,Common
317,Swalot,Poison,,100,73,83,73,83,55,467,Common
318,Carvanha,Water,Dark,45,90,20,65,20,65,305,Common
319,Sharpedo,Water,Dark,70,120,40,95,40,95,460,Common
319,SharpedoMega Sharpedo,Water,Dark,70,140,70,110,65,105,560,Common
320,Wailmer,Water,,130,70,35,70,35,60,400,Common
321,Wailord,Water,,170,90,45,90,45,60,500,Common
322,Numel,Fire,Ground,60,60,40,65,45,35,305,Common
323,Camerupt,Fire,Ground,70,100,70,105,75,40,460,Common
323,CameruptMega Camerupt,Fire,Ground,70,120,100,145,105,20,560,Common
324,Torkoal,Fire,,70,85,140,85,70,20,470,Common
325,Spoink,Psychic,,60,25,35,70,80,60,330,Common
326,Grumpig,Psychic,,80,45,65,90,110,80,470,Common
327,Spinda,Normal,,60,60,60,60,60,60,360,Uncommon
328,Trapinch,Ground,,45,100,45,45,45,10,290,Uncommon
329,Vibrava,Ground,Dragon,50,70,50,50,50,70,340,Uncommon
330,Flygon,Ground,Dragon,80,100,80,80,80,100,520,Uncommon
331,Cacnea,Grass,,50,85,40,85,40,35,335,Common
332,Cacturne,Grass,Dark,70,115,60,115,60,55,475,Common
333,Swablu,Normal,Flying,45,40,60,40,75,50,310,Common
334,Altaria,Dragon,Flying,75,70,90,70,105,80,490,Common
334,AltariaMega Altaria,Dragon,Fairy,75,110,110,110,105,80,590,Common
335,Zangoose,Normal,,73,115,60,60,60,90,458,Common
336,Seviper,Poison,,73,100,60,100,60,65,458,Common
337,Lunatone,Rock,Psychic,70,55,65,95,85,70,440,Common
338,Solrock,Rock,Psychic,70,95,85,55,65,70,440,Common
339,Barboach,Water,Ground,50,48,43,46,41,60,288,Common
340,Whiscash,Water,Ground,110,78,73,76,71,60,468,Common
341,Corphish,Water,,43,80,65,50,35,35,308,Common
342,Crawdaunt,Water,Dark,63,120,85,90,55,55,468,Common
343,Baltoy,Ground,Psychic,40,40,55,40,70,55,300,Common
344,Claydol,Ground,Psychic,60,70,105,70,120,75,500,Common
345,Lileep,Rock,Grass,66,41,77,61,87,23,355,Common
346,Cradily,Rock,Grass,86,81,97,81,107,43,495,Common
347,Anorith,Rock,Bug,45,95,50,40,50,75,355,Common
348,Armaldo,Rock,Bug,75,125,100,70,80,45,495,Common
349,Feebas,Water,,20,15,20,10,55,80,200,Uncommon
350,Milotic,Water,,95,60,79,100,125,81,540,Uncommon
351,Castform,Normal,,70,70,70,70,70,70,420,Common
352,Kecleon,Normal,,60,90,70,60,120,40,440,Uncommon
353,Shuppet,Ghost,,44,75,35,63,33,45,295,Common
354,Banette,Ghost,,64,115,65,83,63,65,455,Common
354,BanetteMega Banette,Ghost,,64,165,75,93,83,75,555,Common
355,Duskull,Ghost,,20,40,90,30,90,25,295,Common
356,Dusclops,Ghost,,40,70,130,60,130,25,455,Common
357,Tropius,Grass,Flying,99,68,83,72,87,51,460,Common
358,Chimecho,Psychic,,65,50,70,95,80,65,425,Common
359,Absol,Dark,,65,130,60,75,60,75,465,Rare
359,AbsolMega Absol,Dark,,65,150,60,115,60,115,565,Rare
360,Wynaut,Psychic,,95,23,48,23,48,23,260,Common
361,Snorunt,Ice,,50,50,50,50,50,50,300,Common
362,Glalie,Ice,,80,80,80,80,80,80,480,Common
362,GlalieMega Glalie,Ice,,80,120,80,120,80,100,580,Common
363,Spheal,Ice,Water,70,40,50,55,50,25,290,Common
364,Sealeo,Ice,Water,90,60,70,75,70,45,410,Common
365,Walrein,Ice,Water,110,80,90,95,90,65,530,Common
366,Clamperl,Water,,35,64,85,74,55,32,345,Common
367,Huntail,Water,,55,104,105,94,75,52,485,Common
368,Gorebyss,Water,,55,84,105,114,75,52,485,Common
369,Relicanth,Water,Rock,100,90,130,45,65,55,485,Common
370,Luvdisc,Water,,43,30,55,40,65,97,330,Common
371,Bagon,Dragon,,45,75,60,40,30,50,300,Rare
372,Shelgon,Dragon,,65,95,100,60,50,50,420,Rare
373,Salamence,Dragon,Flying,95,135,80,110,80,100,600,Rare
373,SalamenceMega Salamence,Dragon,Flying,95,145,130,120,90,120,700,Rare
374,Beldum,Steel,Psychic,40,55,80,35,60,30,300,Common
375,Metang,Steel,Psychic,60,75,100,55,80,50,420,Common
376,Metagross,Steel,Psychic,80,135,130,95,90,70,600,Common
376,MetagrossMega Metagross,Steel,Psychic,80,145,150,105,110,110,700,Common
377,Regirock,Rock,,80,100,200,50,100,50,580,Legendary
378,Regice,Ice,,80,50,100,100,200,50,580,Legendary
379,Registeel,Steel,,80,75,150,75,150,50,580,Legendary
380,Latias,Dragon,Psychic,80,80,90,110,130,110,600,Legendary
380,LatiasMega Latias,Dragon,Psychic,80,100,120,140,150,110,700,Legendary
381,Latios,Dragon,Psychic,80,90,80,130,110,110,600,Legendary
381,LatiosMega Latios,Dragon,Psychic,80,130,100,160,120,110,700,Legendary
382,Kyogre,Water,,100,100,90,150,140,90,670,Legendary
382,KyogrePrimal Kyogre,Water,,100,150,90,180,160,90,770,Legendary
383,Groudon,Ground,,100,150,140,100,90,90,670,Legendary
383,GroudonPrimal Groudon,Ground,Fire,100,180,160,150,90,90,770,Legendary
384,Rayquaza,Dragon,Flying,105,150,90,150,90,95,680,Legendary
384,RayquazaMega Rayquaza,Dragon,Flying,105,180,100,180,100,115,780,Legendary
385,Jirachi,Steel,Psychic,100,100,100,100,100,100,600,Mythical
386,DeoxysAttack Forme,Psychic,,50,180,20,180,20,150,600,Mythical
386,DeoxysDefense Forme,Psychic,,50,70,160,70,160,90,600,Mythical
386,DeoxysNormal Forme,Psychic,,50,150,50,150,50,150,600,Mythical
386,DeoxysSpeed Forme,Psychic,,50,95,90,95,90,180,600,Mythical
387,Turtwig,Grass,,55,68,64,45,55,31,318,Uncommon
388,Grotle,Grass,,75,89,85,55,65,36,405,Uncommon
389,Torterra,Grass,Ground,95,109,105,75,85,56,525,Uncommon
390,Chimchar,Fire,,44,58,44,58,44,61,309,Uncommon
391,Monferno,Fire,Fighting,64,78,52,78,52,81,405,Uncommon
392,Infernape,Fire,Fighting,76,104,71,104,71,108,534,Uncommon
393,Piplup,Water,,53,51,53,61,56,40,314,Uncommon
394,Prinplup,Water,,64,66,68,81,76,50,405,Uncommon
395,Empoleon,Water,Steel,84,86,88,111,101,60,530,Uncommon
396,Starly,Normal,Flying,40,55,30,30,30,60,245,Common
397,Staravia,Normal,Flying,55,75,50,40,40,80,340,Common
398,Staraptor,Normal,Flying,85,120,70,50,60,100,485,Common
399,Bidoof,Normal,,59,45,40,35,40,31,250,Common
400,Bibarel,Normal,Water,79,85,60,55,60,71,410,Common
401,Kricketot,Bug,,37,25,41,25,41,25,194,Common
402,Kricketune,Bug,,77,85,51,55,51,65,384,Common
403,Shinx,Electric,,45,65,34,40,34,45,263,Uncommon
404,Luxio,Electric,,60,85,49,60,49,60,363,Uncommon
405,Luxray,Electric,,80,120,79,95,79,70,523,Uncommon
406,Budew,Grass,Poison,40,30,35,50,70,55,280,Common
407,Roserade,Grass,Poison,60,70,65,125,105,90,515,Common
408,Cranidos,Rock,,67,125,40,30,30,58,350,Common
409,Rampardos,Rock,,97,165,60,65,50,58,495,Common
410,Shieldon,Rock,Steel,30,42,118,42,88,30,350,Common
411,Bastiodon,Rock,Steel,60,52,168,47,138,30,495,Common
412,Burmy,Bug,,40,29,45,29,45,36,224,Common
413,WormadamPlant Cloak,Bug,Grass,60,59,85,79,105,36,424,Common
413,WormadamSandy Cloak,Bug,Ground,60,79,105,59,85,36,424,Common
413,WormadamTrash Cloak,Bug,Steel,60,69,95,69,95,36,424,Common
414,Mothim,Bug,Flying,70,94,50,94,50,66,424,Common
415,Combee,Bug,Flying,30,30,42,30,42,70,244,Common
416,Vespiquen,Bug,Flying,70,80,102,80,102,40,474,Common
417,Pachirisu,Electric,,60,45,70,45,90,95,405,Uncommon
418,Buizel,Water,,55,65,35,60,30,85,330,Uncommon
419,Floatzel,Water,,85,105,55,85,50,115,495,Uncommon
420,Cherubi,Grass,,45,35,45,62,53,35,275,Common
421,Cherrim,Grass,,70,60,70,87,78,85,450,Common
422,Shellos,Water,,76,48,48,57,62,34,325,Common
423,Gastrodon,Water,Ground,111,83,68,92,82,39,475,Common
424,Ambipom,Normal,,75,100,66,60,66,115,482,Common
425,Drifloon,Ghost,Flying,90,50,34,60,44,70,348,Common
426,Drifblim,Ghost,Flying,150,80,44,90,54,80,498,Common
427,Buneary,Normal,,55,66,44,44,56,85,350,Uncommon
428,Lopunny,Normal,,65,76,84,54,96,105,480,Uncommon
428,LopunnyMega Lopunny,Normal,Fighting,65,136,94,54,96,135,580,Uncommon
429,Mismagius,Ghost,,60,60,60,105,105,105,495,Common
430,Honchkrow,Dark,Flying,100,125,52,105,52,71,505,Common
431,Glameow,Normal,,49,55,42,42,37,85,310,Common
432,Purugly,Normal,,71,82,64,64,59,112,452,Common
433,Chingling,Psychic,,45,30,50,65,50,45,285,Common
434,Stunky,Poison,Dark,63,63,47,41,41,74,329,Common
435,Skuntank,Poison,Dark,103,93,67,71,61,84,479,Common
436,Bronzor,Steel,Psychic,57,24,86,24,86,23,300,Common
437,Bronzong,Steel,Psychic,67,89,116,79,116,33,500,Common
438,Bonsly,Rock,,50,80,95,10,45,10,290,Common
439,Mime Jr.,Psychic,Fairy,20,25,45,70,90,60,310,Common
440,Happiny,Normal,,100,5,5,15,65,30,220,Common
441,Chatot,Normal,Flying,76,65,45,92,42,91,411,Common
442,Spiritomb,Ghost,Dark,50,92,108,92,108,35,485,Uncommon
443,Gible,Dragon,Ground,58,70,45,40,45,42,300,Rare
444,Gabite,Dragon,Ground,68,90,65,50,55,82,410,Rare
445,Garchomp,Dragon,Ground,108,130,95,80,85,102,600,Rare
445,GarchompMega Garchomp,Dragon,Ground,108,170,115,120,95,92,700,Rare
446,Munchlax,Normal,,135,85,40,40,85,5,390,Common
447,Riolu,Fighting,,40,70,40,35,40,60,285,Rare
448,Lucario,Fighting,Steel,70,110,70,115,70,90,525,Rare
448,LucarioMega Lucario,Fighting,Steel,70,145,88,140,70,112,625,Rare
449,Hippopotas,Ground,,68,72,78,38,42,32,330,Common
450,Hippowdon,Ground,,108,112,118,68,72,47,525,Common
451,Skorupi,Poison,Bug,40,50,90,30,55,65,330,Common
452,Drapion,Poison,Dark,70,90,110,60,75,95,500,Common
453,Croagunk,Poison,Fighting,48,61,40,61,40,50,300,Common
454,Toxicroak,Poison,Fighting,83,106,65,86,65,85,490,Common
455,Carnivine,Grass,,74,100,72,90,72,46,454,Common
456,Finneon,Water,,49,49,56,49,61,66,330,Common
457,Lumineon,Water,,69,69,76,69,86,91,460,Common
458,Mantyke,Water,Flying,45,20,50,60,120,50,345,Common
459,Snover,Grass,Ice,60,62,50,62,60,40,334,Common
460,Abomasnow,Grass,Ice,90,92,75,92,85,60,494,Common
460,AbomasnowMega Abomasnow,Grass,Ice,90,132,105,132,105,30,594,Common
461,Weavile,Dark,Ice,70,120,65,45,85,125,510,Common
462,Magnezone,Electric,Steel,70,70,115,130,90,60,535,Common
463,Lickilicky,Normal,,110,85,95,80,95,50,515,Common
464,Rhyperior,Ground,Rock,115,140,130,55,55,40,535,Common
465,Tangrowth,Grass,,100,100,125,110,50,50,535,Common
466,Electivire,Electric,,75,123,67,95,85,95,540,Common
467,Magmortar,Fire,,75,95,67,125,95,83,540,Common
468,Togekiss,Fairy,Flying,85,50,95,120,115,80,545,Common
469,Yanmega,Bug,Flying,86,76,86,116,56,95,515,Common
470,Leafeon,Grass,,65,110,130,60,65,95,525,Rare
471,Glaceon,Ice,,65,60,110,130,95,65,525,Rare
472,Gliscor,Ground,Flying,75,95,125,45,75,95,510,Common
473,Mamoswine,Ice,Ground,110,130,80,70,60,80,530,Common
474,Porygon-Z,Normal,,85,80,70,135,75,90,535,Uncommon
475,Gallade,Psychic,Fighting,68,125,65,65,115,80,518,Uncommon
475,GalladeMega Gallade,Psychic,Fighting,68,165,95,65,115,110,618,Uncommon
476,Probopass,Rock,Steel,60,55,145,75,150,40,525,Common
477,Dusknoir,Ghost,,45,100,135,65,135,45,525,Common
478,Froslass,Ice,Ghost,70,80,70,80,70,110,480,Common
479,Rotom,Electric,Ghost,50,50,77,95,77,91,440,Rare
479,RotomFan Rotom,Electric,Flying,50,65,107,105,107,86,520,Rare
479,RotomFrost Rotom,Electric,Ice,50,65,107,105,107,86,520,Rare
479,RotomHeat Rotom,Electric,Fire,50,65,107,105,107,86,520,Rare
479,RotomMow Rotom,Electric,Grass,50,65,107,105,107,86,520,Rare
479,RotomWash Rotom,Electric,Water,50,65,107,105,107,86,520,Rare
480,Uxie,Psychic,,75,75,130,75,130,95,580,Legendary
481,Mesprit,Psychic,,80,105,105,105,105,80,580,Legendary
482,Azelf,Psychic,,75,125,70,125,70,115,580,Legendary
483,Dialga,Steel,Dragon,100,120,120,150,100,90,680,Legendary
484,Palkia,Water,Dragon,90,120,100,150,120,100,680,Legendary
485,Heatran,Fire,Steel,91,90,106,130,106,77,600,Legendary
486,Regigigas,Normal,,110,160,110,80,110,100,670,Legendary
487,GiratinaAltered Forme,Ghost,Dragon,150,100,120,100,120,90,680,Legendary
487,GiratinaOrigin Forme,Ghost,Dragon,150,120,100,120,100,90,680,Legendary
488,Cresselia,Psychic,,120,70,120,75,130,85,600,Mythical
489,Phione,Water,,80,80,80,80,80,80,480,Mythical
490,Manaphy,Water,,100,100,100,100,100,100,600,Mythical
491,Darkrai,Dark,,70,90,90,135,90,125,600,Mythical
492,ShayminLand Forme,Grass,,100,100,100,100,100,100,600,Mythical
492,ShayminSky Forme,Grass,Flying,100,103,75,120,75,127,600,Mythical
493,Arceus,Normal,,120,120,120,120,120,120,720,Mythical
494,Victini,Psychic,Fire,100,100,100,100,100,100,600,Mythical
495,Snivy,Grass,,45,45,55,45,55,63,308,Uncommon
496,Servine,Grass,,60,60,75,60,75,83,413,Uncommon
497,Serperior,Grass,,75,75,95,75,95,113,528,Uncommon
498,Tepig,Fire,,65,63,45,45,45,45,308,Uncommon
499,Pignite,Fire,Fighting,90,93,55,70,55,55,418,Uncommon
500,Emboar,Fire,Fighting,110,123,65,100,65,65,528,Uncommon
501,Oshawott,Water,,55,55,45,63,45,45,308,Uncommon
502,Dewott,Water,,75,75,60,83,60,60,413,Uncommon
503,Samurott,Water,,95,100,85,108,70,70,528,Uncommon
504,Patrat,Normal,,45,55,39,35,39,42,255,Common
505,Watchog,Normal,,60,85,69,60,69,77,420,Common
506,Lillipup,Normal,,45,60,45,25,45,55,275,Common
507,Herdier,Normal,,65,80,65,35,65,60,370,Common
508,Stoutland,Normal,,85,110,90,45,90,80,500,Common
509,Purrloin,Dark,,41,50,37,50,37,66,281,Common
510,Liepard,Dark,,64,88,50,88,50,106,446,Common
511,Pansage,Grass,,50,53,48,53,48,64,316,Common
512,Simisage,Grass,,75,98,63,98,63,101,498,Common
513,Pansear,Fire,,50,53,48,53,48,64,316,Common
514,Simisear,Fire,,75,98,63,98,63,101,498,Common
515,Panpour,Water,,50,53,48,53,48,64,316,Common
516,Simipour,Water,,75,98,63,98,63,101,498,Common
517,Munna,Psychic,,76,25,45,67,55,24,292,Rare
518,Musharna,Psychic,,116,55,85,107,95,29,487,Rare
519,Pidove,Normal,Flying,50,55,50,36,30,43,264,Common
520,Tranquill,Normal,Flying,62,77,62,50,42,65,358,Common
521,Unfezant,Normal,Flying,80,115,80,65,55,93,488,Common
522,Blitzle,Electric,,45,60,32,50,32,76,295,Uncommon
523,Zebstrika,Electric,,75,100,63,80,63,116,497,Uncommon
524,Roggenrola,Rock,,55,75,85,25,25,15,280,Common
525,Boldore,Rock,,70,105,105,50,40,20,390,Common
526,Gigalith,Rock,,85,135,130,60,80,25,515,Common
527,Woobat,Psychic,Flying,55,45,43,55,43,72,313,Common
528,Swoobat,Psychic,Flying,67,57,55,77,55,114,425,Common
529,Drilbur,Ground,,60,85,40,30,45,68,328,Common
530,Excadrill,Ground,Steel,110,135,60,50,65,88,508,Common
531,Audino,Normal,,103,60,86,60,86,50,445,Rare
531,AudinoMega Audino,Normal,Fairy,103,60,126,80,126,50,545,Rare
532,Timburr,Fighting,,75,80,55,25,35,35,305,Common
533,Gurdurr,Fighting,,85,105,85,40,50,40,405,Common
534,Conkeldurr,Fighting,,105,140,95,55,65,45,505,Common
535,Tympole,Water,,50,50,40,50,40,64,294,Common
536,Palpitoad,Water,Ground,75,65,55,65,55,69,384,Common
537,Seismitoad,Water,Ground,105,95,75,85,75,74,509,Common
538,Throh,Fighting,,120,100,85,30,85,45,465,Common
539,Sawk,Fighting,,75,125,75,30,75,85,465,Common
540,Sewaddle,Bug,Grass,45,53,70,40,60,42,310,Common
541,Swadloon,Bug,Grass,55,63,90,50,80,42,380,Common
542,Leavanny,Bug,Grass,75,103,80,70,80,92,500,Common
543,Venipede,Bug,Poison,30,45,59,30,39,57,260,Uncommon
544,Whirlipede,Bug,Poison,40,55,99,40,79,47,360,Uncommon
545,Scolipede,Bug,Poison,60,100,89,55,69,112,485,Uncommon
546,Cottonee,Grass,Fairy,40,27,60,37,50,66,280,Common
547,Whimsicott,Grass,Fairy,60,67,85,77,75,116,480,Common
548,Petilil,Grass,,45,35,50,70,50,30,280,Common
549,Lilligant,Grass,,70,60,75,110,75,90,480,Common
550,Basculin,Water,,70,92,65,80,55,98,460,Common
551,Sandile,Ground,Dark,50,72,35,35,35,65,292,Common
552,Krokorok,Ground,Dark,60,82,45,45,45,74,351,Common
553,Krookodile,Ground,Dark,95,117,80,65,70,92,519,Common
554,Darumaka,Fire,,70,90,45,15,45,50,315,Common
555,DarmanitanStandard Mode,Fire,,105,140,55,30,55,95,480,Common
555,DarmanitanZen Mode,Fire,Psychic,105,30,105,140,105,55,540,Common
556,Maractus,Grass,,75,86,67,106,67,60,461,Common
557,Dwebble,Bug,Rock,50,65,85,35,35,55,325,Common
558,Crustle,Bug,Rock,70,95,125,65,75,45,475,Common
559,Scraggy,Dark,Fighting,50,75,70,35,70,48,348,Common
560,Scrafty,Dark,Fighting,65,90,115,45,115,58,488,Common
561,Sigilyph,Psychic,Flying,72,58,80,103,80,97,490,Common
562,Yamask,Ghost,,38,30,85,55,65,30,303,Common
563,Cofagrigus,Ghost,,58,50,145,95,105,30,483,Common
564,Tirtouga,Water,Rock,54,78,103,53,45,22,355,Common
565,Carracosta,Water,Rock,74,108,133,83,65,32,495,Common
566,Archen,Rock,Flying,55,112,45,74,45,70,401,Common
567,Archeops,Rock,Flying,75,140,65,112,65,110,567,Common
568,Trubbish,Poison,,50,50,62,40,62,65,329,Common
569,Garbodor,Poison,,80,95,82,60,82,75,474,Common
570,Zorua,Dark,,40,65,40,80,40,65,330,Rare
571,Zoroark,Dark,,60,105,60,120,60,105,510,Rare
572,Minccino,Normal,,55,50,40,40,40,75,300,Uncommon
573,Cinccino,Normal,,75,95,60,65,60,115,470,Uncommon
574,Gothita,Psychic,,45,30,50,55,65,45,290,Common
575,Gothorita,Psychic,,60,45,70,75,85,55,390,Common
576,Gothitelle,Psychic,,70,55,95,95,110,65,490,Common
577,Solosis,Psychic,,45,30,40,105,50,20,290,Common
578,Duosion,Psychic,,65,40,50,125,60,30,370,Common
579,Reuniclus,Psychic,,110,65,75,125,85,30,490,Common
580,Ducklett,Water,Flying,62,44,50,44,50,55,305,Common
581,Swanna,Water,Flying,75,87,63,87,63,98,473,Common
582,Vanillite,Ice,,36,50,50,65,60,44,305,Common
583,Vanillish,Ice,,51,65,65,80,75,59,395,Common
584,Vanilluxe,Ice,,71,95,85,110,95,79,535,Common
585,Deerling,Normal,Grass,60,60,50,40,50,75,335,Common
586,Sawsbuck,Normal,Grass,80,100,70,60,70,95,475,Common
587,Emolga,Electric,Flying,55,75,60,75,60,103,428,Uncommon
588,Karrablast,Bug,,50,75,45,40,45,60,315,Common
589,Escavalier,Bug,Steel,70,135,105,60,105,20,495,Common
590,Foongus,Grass,Poison,69,55,45,55,55,15,294,Common
591,Amoonguss,Grass,Poison,114,85,70,85,80,30,464,Common
592,Frillish,Water,Ghost,55,40,50,65,85,40,335,Common
593,Jellicent,Water,Ghost,100,60,70,85,105,60,480,Common
594,Alomomola,Water,,165,75,80,40,45,65,470,Common
595,Joltik,Bug,Electric,50,47,50,57,50,65,319,Common
596,Galvantula,Bug,Electric,70,77,60,97,60,108,472,Common
597,Ferroseed,Grass,Steel,44,50,91,24,86,10,305,Common
598,Ferrothorn,Grass,Steel,74,94,131,54,116,20,489,Common
599,Klink,Steel,,40,55,70,45,60,30,300,Common
600,Klang,Steel,,60,80,95,70,85,50,440,Common
601,Klinklang,Steel,,60,100,115,70,85,90,520,Common
602,Tynamo,Electric,,35,55,40,45,40,60,275,Common
603,Eelektrik,Electric,,65,85,70,75,70,40,405,Common
604,Eelektross,Electric,,85,115,80,105,80,50,515,Common
605,Elgyem,Psychic,,55,55,55,85,55,30,335,Common
606,Beheeyem,Psychic,,75,75,75,125,95,40,485,Common
607,Litwick,Ghost,Fire,50,30,55,65,55,20,275,Common
608,Lampent,Ghost,Fire,60,40,60,95,60,55,370,Common
609,Chandelure,Ghost,Fire,60,55,90,145,90,80,520,Common
610,Axew,Dragon,,46,87,60,30,40,57,320,Rare
611,Fraxure,Dragon,,66,117,70,40,50,67,410,Rare
612,Haxorus,Dragon,,76,147,90,60,70,97,540,Rare
613,Cubchoo,Ice,,55,70,40,60,40,40,305,Common
614,Beartic,Ice,,95,110,80,70,80,50,485,Common
615,Cryogonal,Ice,,70,50,30,95,135,105,485,Common
616,Shelmet,Bug,,50,40,85,40,65,25,305,Common
617,Accelgor,Bug,,80,70,40,100,60,145,495,Common
618,Stunfisk,Ground,Electric,109,66,84,81,99,32,471,Common
619,Mienfoo,Fighting,,45,85,50,55,50,65,350,Uncommon
620,Mienshao,Fighting,,65,125,60,95,60,105,510,Uncommon
621,Druddigon,Dragon,,77,120,90,60,90,48,485,Common
622,Golett,Ground,Ghost,59,74,50,35,50,35,303,Common
623,Golurk,Ground,Ghost,89,124,80,55,80,55,483,Common
624,Pawniard,Dark,Steel,45,85,70,40,40,60,340,Common
625,Bisharp,Dark,Steel,65,125,100,60,70,70,490,Common
626,Bouffalant,Normal,,95,110,95,40,95,55,490,Common
627,Rufflet,Normal,Flying,70,83,50,37,50,60,350,Common
628,Braviary,Normal,Flying,100,123,75,57,75,80,510,Common
629,Vullaby,Dark,Flying,70,55,75,45,65,60,370,Common
630,Mandibuzz,Dark,Flying,110,65,105,55,95,80,510,Common
631,Heatmor,Fire,,85,97,66,105,66,65,484,Common
632,Durant,Bug,Steel,58,109,112,48,48,109,484,Common
633,Deino,Dark,Dragon,52,65,50,45,50,38,300,Rare
634,Zweilous,Dark,Dragon,72,85,70,65,70,58,420,Rare
635,Hydreigon,Dark,Dragon,92,105,90,125,90,98,600,Rare
636,Larvesta,Bug,Fire,55,85,55,50,55,60,360,Rare
637,Volcarona,Bug,Fire,85,60,65,135,105,100,550,Rare
638,Cobalion,Steel,Fighting,91,90,129,90,72,108,580,Legendary
639,Terrakion,Rock,Fighting,91,129,90,72,90,108,580,Legendary
640,Virizion,Grass,Fighting,91,90,72,90,129,108,580,Legendary
641,TornadusIncarnate Forme,Flying,,79,115,70,125,80,111,580,Legendary
641,TornadusTherian Forme,Flying,,79,100,80,110,90,121,580,Legendary
642,ThundurusIncarnate Forme,Electric,Flying,79,115,70,125,80,111,580,Legendary
642,ThundurusTherian Forme,Electric,Flying,79,105,70,145,80,101,580,Legendary
643,Reshiram,Dragon,Fire,100,120,100,150,120,90,680,Legendary
644,Zekrom,Dragon,Electric,100,150,120,120,100,90,680,Legendary
645,LandorusIncarnate Forme,Ground,Flying,89,125,90,115,80,101,600,Legendary
645,LandorusTherian Forme,Ground,Flying,89,145,90,105,80,91,600,Legendary
646,Kyurem,Dragon,Ice,125,130,90,130,90,95,660,Legendary
646,KyuremBlack Kyurem,Dragon,Ice,125,170,100,120,90,95,700,Legendary
646,KyuremWhite Kyurem,Dragon,Ice,125,120,90,170,100,95,700,Legendary
647,KeldeoOrdinary Forme,Water,Fighting,91,72,90,129,90,108,580,Mythical
647,KeldeoResolute Forme,Water,Fighting,91,72,90,129,90,108,580,Mythical
648,MeloettaAria Forme,Normal,Psychic,100,77,77,128,128,90,600,Mythical
648,MeloettaPirouette Forme,Normal,Fighting,100,128,90,77,77,128,600,Mythical
649,Genesect,Bug,Steel,71,120,95,120,95,99,600,Mythical
650,Chespin,Grass,,56,61,65,48,45,38,313,Uncommon
651,Quilladin,Grass,,61,78,95,56,58,57,405,Uncommon
652,Chesnaught,Grass,Fighting,88,107,122,74,75,64,530,Uncommon
653,Fennekin,Fire,,40,45,40,62,60,60,307,Uncommon
654,Braixen,Fire,,59,59,58,90,70,73,409,Uncommon
655,Delphox,Fire,Psychic,75,69,72,114,100,104,534,Uncommon
656,Froakie,Water,,41,56,40,62,44,71,314,Uncommon
657,Frogadier,Water,,54,63,52,83,56,97,405,Uncommon
658,Greninja,Water,Dark,72,95,67,103,71,122,530,Uncommon
659,Bunnelby,Normal,,38,36,38,32,36,57,237,Common
660,Diggersby,Normal,Ground,85,56,77,50,77,78,423,Common
661,Fletchling,Normal,Flying,45,50,43,40,38,62,278,Common
662,Fletchinder,Fire,Flying,62,73,55,56,52,84,382,Common
663,Talonflame,Fire,Flying,78,81,71,74,69,126,499,Common
664,Scatterbug,Bug,,38,35,40,27,25,35,200,Common
665,Spewpa,Bug,,45,22,60,27,30,29,213,Common
666,Vivillon,Bug,Flying,80,52,50,90,50,89,411,Common
667,Litleo,Fire,Normal,62,50,58,73,54,72,369,Common
668,Pyroar,Fire,Normal,86,68,72,109,66,106,507,Common
669,Flabébé,Fairy,,44,38,39,61,79,42,303,Common
670,Floette,Fairy,,54,45,47,75,98,52,371,Common
671,Florges,Fairy,,78,65,68,112,154,75,552,Common
672,Skiddo,Grass,,66,65,48,62,57,52,350,Common
673,Gogoat,Grass,,123,100,62,97,81,68,531,Common
674,Pancham,Fighting,,67,82,62,46,48,43,348,Uncommon
675,Pangoro,Fighting,Dark,95,124,78,69,71,58,495,Uncommon
676,Furfrou,Normal,,75,80,60,65,90,102,472,Common
677,Espurr,Psychic,,62,48,54,63,60,68,355,Uncommon
678,MeowsticFemale,Psychic,,74,48,76,83,81,104,466,Uncommon
678,MeowsticMale,Psychic,,74,48,76,83,81,104,466,Uncommon
679,Honedge,Steel,Ghost,45,80,100,35,37,28,325,Common
680,Doublade,Steel,Ghost,59,110,150,45,49,35,448,Common
681,AegislashBlade Forme,Steel,Ghost,60,150,50,150,50,60,520,Common
681,AegislashShield Forme,Steel,Ghost,60,50,150,50,150,60,520,Common
682,Spritzee,Fairy,,78,52,60,63,65,23,341,Common
683,Aromatisse,Fairy,,101,72,72,99,89,29,462,Common
684,Swirlix,Fairy,,62,48,66,59,57,49,341,Common
685,Slurpuff,Fairy,,82,80,86,85,75,72,480,Common
686,Inkay,Dark,Psychic,53,54,53,37,46,45,288,Common
687,Malamar,Dark,Psychic,86,92,88,68,75,73,482,Common
688,Binacle,Rock,Water,42,52,67,39,56,50,306,Common
689,Barbaracle,Rock,Water,72,105,115,54,86,68,500,Common
690,Skrelp,Poison,Water,50,60,60,60,60,30,320,Common
691,Dragalge,Poison,Dragon,65,75,90,97,123,44,494,Common
692,Clauncher,Water,,50,53,62,58,63,44,330,Common
693,Clawitzer,Water,,71,73,88,120,89,59,500,Common
694,Helioptile,Electric,Normal,44,38,33,61,43,70,289,Common
695,Heliolisk,Electric,Normal,62,55,52,109,94,109,481,Common
696,Tyrunt,Rock,Dragon,58,89,77,45,45,48,362,Common
697,Tyrantrum,Rock,Dragon,82,121,119,69,59,71,521,Common
698,Amaura,Rock,Ice,77,59,50,67,63,46,362,Common
699,Aurorus,Rock,Ice,123,77,72,99,92,58,521,Common
700,Sylveon,Fairy,,95,65,65,110,130,60,525,Rare
701,Hawlucha,Fighting,Flying,78,92,75,74,63,118,500,Uncommon
702,Dedenne,Electric,Fairy,67,58,57,81,67,101,431,Uncommon
703,Carbink,Rock,Fairy,50,50,150,50,150,50,500,Common
704,Goomy,Dragon,,45,50,35,55,75,40,300,Rare
705,Sliggoo,Dragon,,68,75,53,83,113,60,452,Rare
706,Goodra,Dragon,,90,100,70,110,150,80,600,Rare
707,Klefki,Steel,Fairy,57,80,91,80,87,75,470,Common
708,Phantump,Ghost,Grass,43,70,48,50,60,38,309,Common
709,Trevenant,Ghost,Grass,85,110,76,65,82,56,474,Common
710,PumpkabooAverage Size,Ghost,Grass,49,66,70,44,55,51,335,Common
710,PumpkabooLarge Size,Ghost,Grass,54,66,70,44,55,46,335,Common
710,PumpkabooSmall Size,Ghost,Grass,44,66,70,44,55,56,335,Common
710,PumpkabooSuper Size,Ghost,Grass,59,66,70,44,55,41,335,Common
711,GourgeistAverage Size,Ghost,Grass,65,90,122,58,75,84,494,Common
711,GourgeistLarge Size,Ghost,Grass,75,95,122,58,75,69,494,Common
711,GourgeistSmall Size,Ghost,Grass,55,85,122,58,75,99,494,Common
711,GourgeistSuper Size,Ghost,Grass,85,100,122,58,75,54,494,Common
712,Bergmite,Ice,,55,69,85,32,35,28,304,Common
713,Avalugg,Ice,,95,117,184,44,46,28,514,Common
714,Noibat,Flying,Dragon,40,30,35,45,40,55,245,Rare
715,Noivern,Flying,Dragon,85,70,80,97,80,123,535,Rare
716,Xerneas,Fairy,,126,131,95,131,98,99,680,Legendary
717,Yveltal,Dark,Flying,126,131,95,131,98,99,680,Legendary
718,Zygarde50% Forme,Dragon,Ground,108,100,121,81,95,95,600,Legendary
719,Diancie,Rock,Fairy,50,100,150,100,150,50,600,Mythical
719,DiancieMega Diancie,Rock,Fairy,50,160,110,160,110,110,700,Mythical
720,HoopaHoopa Confined,Psychic,Ghost,80,110,60,150,130,70,600,Mythical
720,HoopaHoopa Unbound,Psychic,Dark,80,160,60,170,130,80,680,Mythical
721,Volcanion,Fire,Water,80,110,120,130,90,70,600,Mythical
722,Rowlet,Grass,Flying,68,55,55,50,50,42,320,Uncommon
723,Dartrix,Grass,Flying,78,75,75,70,70,52,420,Uncommon
724,Decidueye,Grass,Ghost,78,107,75,100,100,70,530,Uncommon
725,Liten,Fire,,45,65,40,60,40,70,320,Uncommon
726,Torracat,Fire,,65,85,50,80,50,90,420,Uncommon
727,Incineroar,Fire,Dark,95,115,90,80,90,60,530,Uncommon
728,Popplio,Water,,50,54,54,66,56,40,320,Uncommon
729,Brione,Water,,60,69,69,91,81,50,420,Uncommon
730,Primarina,Water,Fairy,80,74,74,126,116,60,530,Uncommon
731,Pikipek,Normal,Flying,35,75,30,30,30,65,265,Common
732,Trumbeak,Normal,Flying,55,85,50,40,50,75,355,Common
733,Toucannon,Normal,Flying,80,120,75,75,75,60,485,Common
734,Yungoos,Normal,,48,70,30,30,30,45,253,Common
735,Gumshoos,Normal,,88,110,60,55,60,45,418,Common
736,Grubbin,Bug,,47,62,45,55,45,46,300,Common
737,Charjabug,Bug,Eletric,57,82,95,55,75,36,400,Common
738,Vikavolt,Bug,Eletric,77,70,90,145,75,43,500,Common
739,Crabrawler,Figthing,,47,82,57,42,47,63,338,Common
740,Crabominable,Fighting,Ice,97,132,77,62,67,43,478,Common
741,Oricorio Baile Style,Fire,Flying,75,70,70,98,70,93,476,Common
741,Oricorio Pa'u Style,Psychic,Flying,75,70,70,98,70,93,476,Common
741,Oricorio Pom-Pom Style,Electric,Flying,75,70,70,98,70,93,476,Common
741,Oricorio Sensu Style,Ghost,Flying,75,70,70,98,70,93,476,Common
742,Cutiefly,Bug,Fairy,40,45,40,55,40,84,304,Common
743,Ribombee,Bug,Fairy,60,55,60,95,70,124,464,Common
744,Rockruff,Rock,,45,65,40,30,40,60,280,Rare
745,Lycanroc Midday Form,Rock,,75,115,65,55,65,112,487,Rare
746,Wishiwashi School Form,Water,,45,140,130,140,135,30,620,Common
746,Wishiwashi Solo Form,Water,,45,20,20,25,25,40,175,Common
746,Lycanroc Midnight Form,Rock,,85,115,75,55,75,82,487,Rare
747,Mareanie,Poison,Water,50,53,62,43,52,45,305,Common
748,Toxapex,Poison,Water,50,53,62,43,52,45,305,Common
749,Mudbray,Ground,,70,100,70,45,55,45,385,Common
750,Mudsdale,Ground,,100,125,100,55,85,35,500,Common
751,Dewpider,Water,Bug,38,40,52,40,72,27,269,Common
752,Araquanid,Water,Bug,68,70,92,50,132,42,454,Common
753,Fomantis,Grass,,40,55,35,50,35,35,250,Uncommon
754,Lurantis,Grass,,70,105,90,80,90,45,480,Uncommon
755,Morelull,Grass,Fairy,40,35,55,65,75,15,285,Common
756,Shiinotic,Grass,Fairy,60,45,80,90,100,30,405,Common
757,Salandit,Poison,Fire,48,44,40,71,40,77,320,Uncommon
758,Salazzle,Poison,Fire,68,64,60,111,60,117,480,Uncommon
759,Stufful,Normal,Fighting,70,75,50,45,50,50,340,Common
760,Bewear,Normal,Fighting,120,125,80,55,60,60,500,Common
761,Bounsweet,Grass,,42,30,38,30,38,32,210,Uncommon
762,Steenee,Grass,,52,40,48,40,48,62,290,Uncommon
763,Tsareena,Grass,,72,120,98,50,98,72,510,Uncommon
764,Comfey,Fairy,,51,52,90,82,110,100,485,Common
765,Oranguru,Normal,Phychic,90,60,80,90,110,60,490,Common
766,Passimian,Fighting,,100,120,90,40,60,80,490,Common
767,Wimpod,Bug,Water,25,35,40,20,30,80,230,Common
768,Golisopod,Bug,Water,75,125,140,60,90,40,530,Common
769,Sandygast,Ghost,Ground,55,55,80,70,45,15,320,Common
770,Palossand,Ghost,Ground,85,75,110,100,75,35,480,Common
771,Pyukumuku,Water,,55,60,130,30,130,5,410,Common
772,Type: Null,Normal,,95,95,95,95,95,59,534,Legendary
773,Silvally,Normal,,95,95,95,95,95,95,570,Legendary
774,Minior,Rock,Flying,60,100,60,100,60,120,500,Uncommon
775,Komala,Normal,,60,60,100,60,100,60,440,Common
776,Turtonator,Fire,Dragon,65,115,65,75,95,65,480,Common
777,Togedemaru,Electric,Steel,65,98,63,40,73,96,435,Uncommon
778,Mimikyu,Ghost,Fairy,55,90,80,50,105,96,476,Uncommon
779,Bruxish,Water,Phychic,68,105,70,70,70,92,475,Common
780,Drampa,Normal,Dragon,78,60,85,135,91,36,485,Common
781,Dhelmise,Ghost,Grass,70,131,100,86,90,40,517,Common
782,Jangmo-o,Dragon,,45,55,65,45,45,45,300,Rare
783,Hakamo-o,Dragon,Fighting,55,75,90,65,70,65,420,Rare
784,Kommo-o,Dragon,Fighting,75,110,125,100,105,85,600,Rare
785,Tapu Koko ,Electric,Fairy,70,115,85,95,75,130,570,Legendary
786,Tapu Lele,Physhic,Fairy,70,85,75,130,115,95,570,Legendary
787,Tapu Bulu,Grass,Fairy,70,130,115,85,95,75,570,Legendary
788,Tapu Fini,Water,Fairy,70,75,115,95,130,85,570,Legendary
789,Cosmog,Psychic,,43,29,31,29,31,37,200,Legendary
790,Cosmoem,Psychic,,43,29,131,29,131,37,400,Legendary
791,Solgaleo,Psychic,Steel,137,137,107,113,89,97,680,Legendary
792,Lunala,Psychic,Ghost,137,113,89,137,107,97,680,Legendary
793,Nihilego,Rock,Poison,109,53,47,127,131,103,570,Mythical
794,Buzzwole,Bug,Fighting,107,139,139,53,53,79,570,Mythical
795,Pheromosa,Bug,Fighting,71,137,37,137,37,151,570,Mythical
796,Xurkitree,Electric,,83,89,71,173,71,83,570,Mythical
797,Celesteela,Steel,Flying,97,101,103,107,101,61,570,Mythical
798,Kartana,Grass,Steel,59,181,131,59,31,109,570,Mythical
799,Guzzlord,Dark,Dragon,223,101,53,97,53,43,570,Mythical
800,Necrozma,Psychic,,97,107,101,127,89,79,600,Legendary
801,Magearna,Steel,Fairy,80,95,115,130,115,65,600,Mythical
802,Marshadow,Figthing,Ghost,90,125,80,90,90,125,600,Mythical
803,Poipole,Poison,,67,73,67,73,67,73,420,Mythical
804,Naganadel,Poison,Dragon,73,73,73,127,73,121,540,Mythical
805,Stakataka,Rock,Steel,61,131,211,53,101,13,570,Mythical
806,Blacephalon,Fire,Ghost,53,127,53,151,79,107,570,Mythical
807,Zeraora,Electric,,88,112,75,102,80,143,600,Mythical
808,Meltan,Steel,,46,65,65,55,35,34,300,Mythical
809,Melmetal,Steel,,135,143,143,80,65,34,600,Mythical
