"(Source)","Version","Object.$type","Object.Name.DefaultText","Object.Name.LocalTexts.es","Object.Name.LocalTexts.ko","Object.Desc.DefaultText","Object.Desc.LocalTexts","Object.Released","Object.Comment","Object.Anim.AnimIndex","Object.Anim.FrameTime","Object.Anim.StartFrame","Object.Anim.EndFrame","Object.Anim.AnimDir","Object.Anim.Alpha","Object.Anim.AnimFlip","Object.ObjectLayer","Object.BlockItem","Object.StepType","Object.MinimapIcon.X","Object.MinimapIcon.Y","Object.MinimapColor","Object.LandedOnTiles","Object.InteractWithTiles"
"sealed_door","0.6.1.0","RogueEssence.Data.TileData, RogueEssence","Sealed Door","Puerta Sellada","봉인된문","","{}","true","","Block_Vault","1","-1","-1","-1","255","0","true","true","6","4","1","0, 255, 255, 255","[{""Key"":{""str"":[0]},""Value"":{""$type"":""PMDC.Dungeon.AskUnlockEvent, PMDC""}}]","[{""Key"":{""str"":[0]},""Value"":{""$type"":""PMDC.Dungeon.OpenSelfEvent, PMDC""}},{""Key"":{""str"":[0]},""Value"":{""$type"":""PMDC.Dungeon.OpenOtherPassageEvent, PMDC"",""TimeLimitStatus"":""somethings_stirring"",""Emitter"":{""$type"":""RogueEssence.Content.WindEmitter, RogueEssence"",""LocHeight"":0,""Anims"":[{""$type"":""RogueEssence.Content.ParticleAnim, RogueEssence"",""Anim"":{""AnimIndex"":""Wind_Leaves"",""FrameTime"":4,""StartFrame"":-1,""EndFrame"":-1,""AnimDir"":-1,""Alpha"":255,""AnimFlip"":0},""TotalTime"":0,""Cycles"":1,""FrameOffset"":0},{""$type"":""RogueEssence.Content.ParticleAnim, RogueEssence"",""Anim"":{""AnimIndex"":""Wind_Leaves_Small"",""FrameTime"":3,""StartFrame"":-1,""EndFrame"":-1,""AnimDir"":-1,""Alpha"":255,""AnimFlip"":0},""TotalTime"":0,""Cycles"":1,""FrameOffset"":0}],""Speed"":-420,""SpeedDiff"":300,""Bursts"":4,""ParticlesPerBurst"":4,""BurstTime"":20,""StartDistance"":32,""Layer"":3},""WarningBGM"":""C04. Wind.ogg"",""Warning"":{""Key"":""MSG_TIME_WARNING_1""},""WarningSE"":""DUN_Wind""}}]"
"sign","0.6.1.0","RogueEssence.Data.TileData, RogueEssence","Sign","Letrero","","","{}","true","","Sign","1","-1","-1","-1","255","0","true","true","5","4","1","255, 255, 0, 255","[{""Key"":{""str"":[0]},""Value"":{""$type"":""PMDC.Dungeon.NoticeEvent, PMDC""}}]","[]"
"stairs_back_down","0.6.1.0","RogueEssence.Data.TileData, RogueEssence","Stairs","Escaleras","계단","Stairs leading to the previous floor. If you are on the first floor, you will escape from the dungeon.","{}","true","Back Up","Stairs_Up","1","-1","-1","-1","255","0","false","true","2","4","0","0, 255, 255, 255","[{""Key"":{""str"":[0]},""Value"":{""$type"":""PMDC.Dungeon.RevealSecretEvent, PMDC""}},{""Key"":{""str"":[0]},""Value"":{""$type"":""PMDC.Dungeon.AskLeaderEvent, PMDC""}}]","[{""Key"":{""str"":[0]},""Value"":{""$type"":""PMDC.Dungeon.NextFloorEvent, PMDC""}},{""Key"":{""str"":[0]},""Value"":{""$type"":""PMDC.Dungeon.SwitchMapEvent, PMDC""}}]"
"stairs_back_up","0.6.1.0","RogueEssence.Data.TileData, RogueEssence","Stairs","Escaleras","계단","Stairs leading to the previous floor. If you are on the first floor, you will escape from the dungeon.","{}","true","Back Down","Stairs_Down","1","-1","-1","-1","255","0","false","true","2","4","0","0, 255, 255, 255","[{""Key"":{""str"":[0]},""Value"":{""$type"":""PMDC.Dungeon.RevealSecretEvent, PMDC""}},{""Key"":{""str"":[0]},""Value"":{""$type"":""PMDC.Dungeon.AskLeaderEvent, PMDC""}}]","[{""Key"":{""str"":[0]},""Value"":{""$type"":""PMDC.Dungeon.NextFloorEvent, PMDC""}},{""Key"":{""str"":[0]},""Value"":{""$type"":""PMDC.Dungeon.SwitchMapEvent, PMDC""}}]"
"stairs_exit_down","0.6.1.0","RogueEssence.Data.TileData, RogueEssence","Exit Stairs","","","Stairs leading to the dungeon's exit.","{}","true","Down","Stairs_Down","1","-1","-1","-1","255","0","false","true","2","4","0","0, 255, 255, 255","[{""Key"":{""str"":[0]},""Value"":{""$type"":""PMDC.Dungeon.RevealSecretEvent, PMDC""}},{""Key"":{""str"":[0]},""Value"":{""$type"":""PMDC.Dungeon.AskLeaderEvent, PMDC""}}]","[{""Key"":{""str"":[0]},""Value"":{""$type"":""PMDC.Dungeon.NextFloorEvent, PMDC""}},{""Key"":{""str"":[0]},""Value"":{""$type"":""PMDC.Dungeon.SwitchMapEvent, PMDC""}}]"
"stairs_exit_up","0.6.1.0","RogueEssence.Data.TileData, RogueEssence","Exit Stairs","","","Stairs leading to the dungeon's exit.","{}","true","Up","Stairs_Up","1","-1","-1","-1","255","0","false","true","2","4","0","0, 255, 255, 255","[{""Key"":{""str"":[0]},""Value"":{""$type"":""PMDC.Dungeon.RevealSecretEvent, PMDC""}},{""Key"":{""str"":[0]},""Value"":{""$type"":""PMDC.Dungeon.AskLeaderEvent, PMDC""}}]","[{""Key"":{""str"":[0]},""Value"":{""$type"":""PMDC.Dungeon.NextFloorEvent, PMDC""}},{""Key"":{""str"":[0]},""Value"":{""$type"":""PMDC.Dungeon.SwitchMapEvent, PMDC""}}]"
"stairs_go_down","0.6.1.0","RogueEssence.Data.TileData, RogueEssence","Stairs","Escaleras","계단","Stairs leading to the next floor. If you are on the final floor, you will escape from the dungeon.","","true","Down","Stairs_Down","1","-1","-1","-1","255","0","false","true","2","4","0","0, 255, 255, 255","[{""Key"":{""str"":[0]},""Value"":{""$type"":""PMDC.Dungeon.RevealSecretEvent, PMDC""}},{""Key"":{""str"":[0]},""Value"":{""$type"":""PMDC.Dungeon.AskLeaderEvent, PMDC""}}]","[{""Key"":{""str"":[0]},""Value"":{""$type"":""PMDC.Dungeon.NextFloorEvent, PMDC""}},{""Key"":{""str"":[0]},""Value"":{""$type"":""PMDC.Dungeon.SwitchMapEvent, PMDC""}}]"
"stairs_go_up","0.6.1.0","RogueEssence.Data.TileData, RogueEssence","Stairs","Escaleras","계단","Stairs leading to the next floor. If you are on the final floor, you will escape from the dungeon.","","true","Up","Stairs_Up","1","-1","-1","-1","255","0","false","true","2","4","0","0, 255, 255, 255","[{""Key"":{""str"":[0]},""Value"":{""$type"":""PMDC.Dungeon.RevealSecretEvent, PMDC""}},{""Key"":{""str"":[0]},""Value"":{""$type"":""PMDC.Dungeon.AskLeaderEvent, PMDC""}}]","[{""Key"":{""str"":[0]},""Value"":{""$type"":""PMDC.Dungeon.NextFloorEvent, PMDC""}},{""Key"":{""str"":[0]},""Value"":{""$type"":""PMDC.Dungeon.SwitchMapEvent, PMDC""}}]"
"stairs_secret_down","0.6.1.0","RogueEssence.Data.TileData, RogueEssence","Secret Stairs","Escaleras Secretas","비밀의 계단","Stairs leading to an unknown location.","","true","Down","Stairs_Down","1","-1","-1","-1","255","0","false","true","2","4","0","255, 165, 0, 255","[{""Key"":{""str"":[0]},""Value"":{""$type"":""PMDC.Dungeon.RevealSecretEvent, PMDC""}},{""Key"":{""str"":[0]},""Value"":{""$type"":""PMDC.Dungeon.AskLeaderEvent, PMDC""}}]","[{""Key"":{""str"":[0]},""Value"":{""$type"":""PMDC.Dungeon.NextFloorEvent, PMDC""}},{""Key"":{""str"":[0]},""Value"":{""$type"":""PMDC.Dungeon.SwitchMapEvent, PMDC""}}]"
"stairs_secret_up","0.6.1.0","RogueEssence.Data.TileData, RogueEssence","Secret Stairs","Escaleras Secretas","비밀의 계단","Stairs leading to an unknown location.","","true","Up","Stairs_Up","1","-1","-1","-1","255","0","false","true","2","4","0","255, 165, 0, 255","[{""Key"":{""str"":[0]},""Value"":{""$type"":""PMDC.Dungeon.RevealSecretEvent, PMDC""}},{""Key"":{""str"":[0]},""Value"":{""$type"":""PMDC.Dungeon.AskLeaderEvent, PMDC""}}]","[{""Key"":{""str"":[0]},""Value"":{""$type"":""PMDC.Dungeon.NextFloorEvent, PMDC""}},{""Key"":{""str"":[0]},""Value"":{""$type"":""PMDC.Dungeon.SwitchMapEvent, PMDC""}}]"
"tile_boss","0.6.1.0","RogueEssence.Data.TileData, RogueEssence","Signal Area","Área Señal","","A mysterious signal that calls Pokémon to the area.","","true","","Tile_Signal","12","-1","-1","-1","255","0","false","true","1","4","1","0, 255, 255, 255","[{""Key"":{""str"":[0]},""Value"":{""$type"":""PMDC.Dungeon.TriggerUnderfootEvent, PMDC""}}]","[{""Key"":{""str"":[0]},""Value"":{""$type"":""PMDC.Dungeon.LockdownTileEvent, PMDC"",""CheckClearStatus"":""map_clear_check""}},{""Key"":{""str"":[0]},""Value"":{""$type"":""PMDC.Dungeon.BossSpawnEvent, PMDC""}}]"
"tile_compass","0.6.1.0","RogueEssence.Data.TileData, RogueEssence","Compass Tile","","","A tile that shows the way to important locations on the floor.","{}","true","","Tile_Compass","1","-1","-1","-1","255","0","false","true","4","2","1","0, 255, 255, 255","[{""Key"":{""str"":[0]},""Value"":{""$type"":""PMDC.Dungeon.TriggerUnderfootEvent, PMDC""}}]","[{""Key"":{""str"":[0]},""Value"":{""$type"":""PMDC.Dungeon.CompassEvent, PMDC"",""Emitter"":{""$type"":""RogueEssence.Content.SingleEmitter, RogueEssence"",""LocHeight"":0,""finished"":false,""Offset"":0,""Anim"":{""$type"":""RogueEssence.Content.StaticAnim, RogueEssence"",""Anim"":{""AnimIndex"":""Stair_Sensor_Arrow"",""FrameTime"":6,""StartFrame"":-1,""EndFrame"":-1,""AnimDir"":-1,""Alpha"":255,""AnimFlip"":0},""TotalTime"":0,""Cycles"":6,""FrameOffset"":0},""Layer"":4,""UseDest"":false},""EligibleTiles"":[""stairs_go_up"",""stairs_go_down"",""stairs_secret_up"",""stairs_secret_down"",""rescue_point"",""chest_treasure"",""tile_boss"",""sealed_door"",""stairs_exit_up"",""stairs_exit_down"",""stairs_back_up"",""stairs_back_down""]}}]"
"tile_evo","0.6.1.0","RogueEssence.Data.TileData, RogueEssence","Luminous Area","Area Luminosa","빛의 지대","A mysterious area that allows Pokémon to evolve.","","true","","Evolution","1","-1","-1","-1","255","0","false","true","1","4","1","0, 255, 255, 255","[{""Key"":{""str"":[0]},""Value"":{""$type"":""PMDC.Dungeon.TriggerUnderfootEvent, PMDC""}}]","[{""Key"":{""str"":[0]},""Value"":{""$type"":""PMDC.Dungeon.AskEvoEvent, PMDC"",""ExceptionItem"":""evo_harmony_scarf""}}]"
"tile_rescue","0.6.1.0","RogueEssence.Data.TileData, RogueEssence","Rescue Point","Punto de rescate","","It's the rescue spot where your friend's team went down! Send an A-OK mail to rescue the defeated team.","","true","","Tile_Rescue","1","-1","-1","-1","255","0","false","true","2","4","0","255, 165, 0, 255","[{""Key"":{""str"":[0]},""Value"":{""$type"":""PMDC.Dungeon.AskLeaderEvent, PMDC""}}]","[{""Key"":{""str"":[0]},""Value"":{""$type"":""PMDC.Dungeon.RescueEvent, PMDC""}}]"
"tile_reset","0.6.1.0","RogueEssence.Data.TileData, RogueEssence","Reset Tile","Baldosa Reinicio","","A switch that resets the floor, returning all items, traps, and wild Pokémon to their original positions.","","true","","Tile_Reset","1","-1","-1","-1","255","0","false","true","4","2","1","0, 255, 255, 255","[{""Key"":{""str"":[0]},""Value"":{""$type"":""PMDC.Dungeon.AskLeaderEvent, PMDC""}}]","[{""Key"":{""str"":[0]},""Value"":{""$type"":""PMDC.Dungeon.ResetFloorEvent, PMDC""}}]"
"tile_switch","0.6.1.0","RogueEssence.Data.TileData, RogueEssence","Switch Tile","Baldosa Interruptor","스위치 타일","A switch that opens various blocked passageways found on the floor.","","true","","Tile_Reset","1","-1","-1","-1","255","0","false","true","4","2","1","0, 255, 255, 255","[{""Key"":{""str"":[0]},""Value"":{""$type"":""PMDC.Dungeon.AskLeaderEvent, PMDC""}}]","[{""Key"":{""str"":[0]},""Value"":{""$type"":""PMDC.Dungeon.TriggerSwitchEvent, PMDC"",""OneTime"":true}},{""Key"":{""str"":[0]},""Value"":{""$type"":""PMDC.Dungeon.OpenOtherPassageEvent, PMDC"",""TimeLimitStatus"":""somethings_stirring"",""Emitter"":{""$type"":""RogueEssence.Content.WindEmitter, RogueEssence"",""LocHeight"":0,""Anims"":[{""$type"":""RogueEssence.Content.ParticleAnim, RogueEssence"",""Anim"":{""AnimIndex"":""Wind_Leaves"",""FrameTime"":4,""StartFrame"":-1,""EndFrame"":-1,""AnimDir"":-1,""Alpha"":255,""AnimFlip"":0},""TotalTime"":0,""Cycles"":1,""FrameOffset"":0},{""$type"":""RogueEssence.Content.ParticleAnim, RogueEssence"",""Anim"":{""AnimIndex"":""Wind_Leaves_Small"",""FrameTime"":3,""StartFrame"":-1,""EndFrame"":-1,""AnimDir"":-1,""Alpha"":255,""AnimFlip"":0},""TotalTime"":0,""Cycles"":1,""FrameOffset"":0}],""Speed"":-420,""SpeedDiff"":300,""Bursts"":4,""ParticlesPerBurst"":4,""BurstTime"":20,""StartDistance"":32,""Layer"":3},""WarningBGM"":""C04. Wind.ogg"",""Warning"":{""Key"":""MSG_TIME_WARNING_1""},""WarningSE"":""DUN_Wind""}}]"
"tile_training","0.6.1.0","RogueEssence.Data.TileData, RogueEssence","Training Switch","Baldosa Práctica","트레이닝 스위치","Stepping on this tile gives the Trained status to the party.","","false","","Tile_Wonder","1","-1","-1","-1","255","0","false","true","4","0","0","0, 0, 0, 0","[{""Key"":{""str"":[0]},""Value"":{""$type"":""PMDC.Dungeon.TriggerUnderfootEvent, PMDC""}}]","[{""Key"":{""str"":[0]},""Value"":{""$type"":""PMDC.Dungeon.InvokeTrapEvent, PMDC"",""HitboxAction"":{""$type"":""RogueEssence.Dungeon.AreaAction, RogueEssence"",""Emitter"":{""$type"":""RogueEssence.Content.EmptyCircleSquareEmitter, RogueEssence"",""LocHeight"":0},""HitTiles"":false,""BurstTiles"":0,""HitArea"":0,""Range"":0,""Speed"":10,""CharAnimData"":{""$type"":""RogueEssence.Dungeon.CharAnimFrameType, RogueEssence"",""ActionType"":0},""TargetAlignments"":7,""TileEmitter"":{""$type"":""RogueEssence.Content.EmptyFiniteEmitter, RogueEssence"",""LocHeight"":0},""PreActions"":[],""ActionFX"":{""Delay"":0,""Sound"":"""",""Emitter"":{""$type"":""RogueEssence.Content.EmptyFiniteEmitter, RogueEssence"",""LocHeight"":0},""ScreenMovement"":{""MinShake"":0,""MaxShake"":0,""MaxShakeTime"":0}},""LagBehindTime"":0},""Explosion"":{""TargetAlignments"":7,""HitTiles"":false,""Range"":0,""Speed"":0,""TileEmitter"":{""$type"":""RogueEssence.Content.EmptyFiniteEmitter, RogueEssence"",""LocHeight"":0},""Emitter"":{""$type"":""RogueEssence.Content.EmptyCircleSquareEmitter, RogueEssence"",""LocHeight"":0},""IntroFX"":[],""ExplodeFX"":{""Delay"":0,""Sound"":"""",""Emitter"":{""$type"":""RogueEssence.Content.EmptyFiniteEmitter, RogueEssence"",""LocHeight"":0},""ScreenMovement"":{""MinShake"":0,""MaxShake"":0,""MaxShakeTime"":0}}},""NewData"":{""Element"":""none"",""Category"":0,""HitRate"":-1,""SkillStates"":[],""BeforeTryActions"":[],""BeforeActions"":[],""OnActions"":[],""BeforeExplosions"":[],""BeforeHits"":[],""OnHits"":[],""OnHitTiles"":[],""AfterActions"":[],""ElementEffects"":[],""IntroFX"":[],""HitFX"":{""Delay"":0,""Sound"":"""",""Emitter"":{""$type"":""RogueEssence.Content.EmptyFiniteEmitter, RogueEssence"",""LocHeight"":0},""ScreenMovement"":{""MinShake"":0,""MaxShake"":0,""MaxShakeTime"":0}},""HitCharAction"":{""$type"":""RogueEssence.Dungeon.CharAnimProcess, RogueEssence"",""Process"":0}},""OneTime"":true}}]"
"tile_wonder","0.6.1.0","RogueEssence.Data.TileData, RogueEssence","Wonder Tile","Baldosa Mágica","이상한 마루","An odd floor tile seen in many dungeons. Triggering it resets nearby Pokémon's stats if they are boosted or reduced.","","true","","Tile_Wonder","1","-1","-1","-1","255","0","false","true","3","2","0","0, 255, 255, 255","[{""Key"":{""str"":[0]},""Value"":{""$type"":""PMDC.Dungeon.TriggerUnderfootEvent, PMDC""}}]","[{""Key"":{""str"":[0]},""Value"":{""$type"":""PMDC.Dungeon.InvokeTrapEvent, PMDC"",""HitboxAction"":{""$type"":""RogueEssence.Dungeon.AreaAction, RogueEssence"",""Emitter"":{""$type"":""RogueEssence.Content.CircleSquareSprinkleEmitter, RogueEssence"",""LocHeight"":0,""Anims"":[{""$type"":""RogueEssence.Content.ParticleAnim, RogueEssence"",""Anim"":{""AnimIndex"":""Event_Gather_Sparkle"",""FrameTime"":10,""StartFrame"":-1,""EndFrame"":-1,""AnimDir"":-1,""Alpha"":255,""AnimFlip"":0},""TotalTime"":0,""Cycles"":1,""FrameOffset"":0}],""ParticlesPerTile"":2.5,""HeightSpeed"":20,""SpeedDiff"":15,""StartHeight"":0,""Layer"":2},""HitTiles"":false,""BurstTiles"":0,""HitArea"":0,""Range"":1,""Speed"":10,""CharAnimData"":{""$type"":""RogueEssence.Dungeon.CharAnimFrameType, RogueEssence"",""ActionType"":0},""TargetAlignments"":7,""TileEmitter"":{""$type"":""RogueEssence.Content.EmptyFiniteEmitter, RogueEssence"",""LocHeight"":0},""PreActions"":[],""ActionFX"":{""Delay"":0,""Sound"":"""",""Emitter"":{""$type"":""RogueEssence.Content.EmptyFiniteEmitter, RogueEssence"",""LocHeight"":0},""ScreenMovement"":{""MinShake"":0,""MaxShake"":0,""MaxShakeTime"":0}},""LagBehindTime"":0},""Explosion"":{""TargetAlignments"":7,""HitTiles"":false,""Range"":0,""Speed"":0,""TileEmitter"":{""$type"":""RogueEssence.Content.EmptyFiniteEmitter, RogueEssence"",""LocHeight"":0},""Emitter"":{""$type"":""RogueEssence.Content.EmptyCircleSquareEmitter, RogueEssence"",""LocHeight"":0},""IntroFX"":[],""ExplodeFX"":{""Delay"":0,""Sound"":"""",""Emitter"":{""$type"":""RogueEssence.Content.EmptyFiniteEmitter, RogueEssence"",""LocHeight"":0},""ScreenMovement"":{""MinShake"":0,""MaxShake"":0,""MaxShakeTime"":0}}},""NewData"":{""Element"":""none"",""Category"":0,""HitRate"":-1,""SkillStates"":[],""BeforeTryActions"":[],""BeforeActions"":[],""OnActions"":[],""BeforeExplosions"":[],""BeforeHits"":[],""OnHits"":[{""Key"":{""str"":[0]},""Value"":{""$type"":""PMDC.Dungeon.RemoveStateStatusBattleEvent, PMDC"",""States"":[{""assembly"":""PMDC, Version=0.6.1.0, Culture=neutral, PublicKeyToken=null"",""type"":""PMDC.Dungeon.StatChangeState""}],""AffectTarget"":true,""Msg"":{""Key"":""MSG_BUFF_REMOVE""},""Anims"":[]}}],""OnHitTiles"":[],""AfterActions"":[],""ElementEffects"":[],""IntroFX"":[],""HitFX"":{""Delay"":0,""Sound"":""DUN_Wonder_Tile"",""Emitter"":{""$type"":""RogueEssence.Content.SingleEmitter, RogueEssence"",""LocHeight"":0,""finished"":false,""Offset"":0,""Anim"":{""$type"":""RogueEssence.Content.StaticAnim, RogueEssence"",""Anim"":{""AnimIndex"":""Circle_Small_Blue_In"",""FrameTime"":1,""StartFrame"":-1,""EndFrame"":-1,""AnimDir"":-1,""Alpha"":255,""AnimFlip"":0},""TotalTime"":0,""Cycles"":1,""FrameOffset"":0},""Layer"":2,""UseDest"":false},""ScreenMovement"":{""MinShake"":0,""MaxShake"":0,""MaxShakeTime"":0}},""HitCharAction"":{""$type"":""RogueEssence.Dungeon.CharAnimProcess, RogueEssence"",""Process"":0}},""OneTime"":false}}]"
"trap_apple","0.6.1.0","RogueEssence.Data.TileData, RogueEssence","Apple Trap","Trampa Manzana","사과 함정","Triggering this trap turns a held-effect item into an apple.","","true","","Trap_Apple","1","-1","-1","-1","255","0","false","true","3","2","1","255, 0, 0, 255","[{""Key"":{""str"":[0]},""Value"":{""$type"":""PMDC.Dungeon.TriggerUnderfootEvent, PMDC""}}]","[{""Key"":{""str"":[0]},""Value"":{""$type"":""PMDC.Dungeon.InvokeTrapEvent, PMDC"",""HitboxAction"":{""$type"":""RogueEssence.Dungeon.AreaAction, RogueEssence"",""Emitter"":{""$type"":""RogueEssence.Content.EmptyCircleSquareEmitter, RogueEssence"",""LocHeight"":0},""HitTiles"":false,""BurstTiles"":0,""HitArea"":0,""Range"":0,""Speed"":0,""CharAnimData"":{""$type"":""RogueEssence.Dungeon.CharAnimFrameType, RogueEssence"",""ActionType"":0},""TargetAlignments"":7,""TileEmitter"":{""$type"":""RogueEssence.Content.SingleEmitter, RogueEssence"",""LocHeight"":0,""finished"":false,""Offset"":0,""Anim"":{""$type"":""RogueEssence.Content.StaticAnim, RogueEssence"",""Anim"":{""AnimIndex"":""Puff_Pink"",""FrameTime"":3,""StartFrame"":-1,""EndFrame"":-1,""AnimDir"":-1,""Alpha"":255,""AnimFlip"":0},""TotalTime"":0,""Cycles"":1,""FrameOffset"":0},""Layer"":2,""UseDest"":false},""PreActions"":[],""ActionFX"":{""Delay"":0,""Sound"":""DUN_Trace"",""Emitter"":{""$type"":""RogueEssence.Content.EmptyFiniteEmitter, RogueEssence"",""LocHeight"":0},""ScreenMovement"":{""MinShake"":0,""MaxShake"":0,""MaxShakeTime"":0}},""LagBehindTime"":0},""Explosion"":{""TargetAlignments"":7,""HitTiles"":false,""Range"":0,""Speed"":0,""TileEmitter"":{""$type"":""RogueEssence.Content.EmptyFiniteEmitter, RogueEssence"",""LocHeight"":0},""Emitter"":{""$type"":""RogueEssence.Content.EmptyCircleSquareEmitter, RogueEssence"",""LocHeight"":0},""IntroFX"":[],""ExplodeFX"":{""Delay"":0,""Sound"":"""",""Emitter"":{""$type"":""RogueEssence.Content.EmptyFiniteEmitter, RogueEssence"",""LocHeight"":0},""ScreenMovement"":{""MinShake"":0,""MaxShake"":0,""MaxShakeTime"":0}}},""NewData"":{""Element"":""none"",""Category"":0,""HitRate"":-1,""SkillStates"":[],""BeforeTryActions"":[],""BeforeActions"":[],""OnActions"":[],""BeforeExplosions"":[],""BeforeHits"":[],""OnHits"":[{""Key"":{""str"":[0]},""Value"":{""$type"":""PMDC.Dungeon.TransformItemEvent, PMDC"",""NewItem"":""food_apple"",""TopDown"":true,""HeldOnly"":false,""PriorityItem"":""seed_decoy"",""States"":[{""assembly"":""PMDC, Version=0.6.1.0, Culture=neutral, PublicKeyToken=null"",""type"":""PMDC.Dungeon.HeldState""}]}}],""OnHitTiles"":[],""AfterActions"":[],""ElementEffects"":[],""IntroFX"":[],""HitFX"":{""Delay"":0,""Sound"":"""",""Emitter"":{""$type"":""RogueEssence.Content.EmptyFiniteEmitter, RogueEssence"",""LocHeight"":0},""ScreenMovement"":{""MinShake"":0,""MaxShake"":0,""MaxShakeTime"":0}},""HitCharAction"":{""$type"":""RogueEssence.Dungeon.CharAnimProcess, RogueEssence"",""Process"":0}},""OneTime"":true}}]"
"trap_chestnut","0.6.1.0","RogueEssence.Data.TileData, RogueEssence","Chestnut Trap","Trampa Castañazo","밤송이 스위치","Triggering this trap makes spiky unshelled Chestnuts drop, inflicting damage on nearby Pokémon.","","true","","Trap_Chestnut","1","-1","-1","-1","255","0","false","true","3","2","1","255, 0, 0, 255","[{""Key"":{""str"":[0]},""Value"":{""$type"":""PMDC.Dungeon.TriggerUnderfootEvent, PMDC""}}]","[{""Key"":{""str"":[0]},""Value"":{""$type"":""PMDC.Dungeon.InvokeTrapEvent, PMDC"",""HitboxAction"":{""$type"":""RogueEssence.Dungeon.AreaAction, RogueEssence"",""Emitter"":{""$type"":""RogueEssence.Content.EmptyCircleSquareEmitter, RogueEssence"",""LocHeight"":0},""HitTiles"":false,""BurstTiles"":0,""HitArea"":0,""Range"":1,""Speed"":40,""CharAnimData"":{""$type"":""RogueEssence.Dungeon.CharAnimFrameType, RogueEssence"",""ActionType"":0},""TargetAlignments"":7,""TileEmitter"":{""$type"":""RogueEssence.Content.SingleEmitter, RogueEssence"",""LocHeight"":112,""finished"":false,""Offset"":0,""Anim"":{""$type"":""RogueEssence.Content.StaticAnim, RogueEssence"",""Anim"":{""AnimIndex"":""Chestnut_Trap"",""FrameTime"":1,""StartFrame"":-1,""EndFrame"":-1,""AnimDir"":-1,""Alpha"":255,""AnimFlip"":0},""TotalTime"":0,""Cycles"":1,""FrameOffset"":0},""Layer"":2,""UseDest"":false},""PreActions"":[],""ActionFX"":{""Delay"":0,""Sound"":""DUN_Chestnut_Trap"",""Emitter"":{""$type"":""RogueEssence.Content.EmptyFiniteEmitter, RogueEssence"",""LocHeight"":0},""ScreenMovement"":{""MinShake"":0,""MaxShake"":0,""MaxShakeTime"":0}},""LagBehindTime"":35},""Explosion"":{""TargetAlignments"":7,""HitTiles"":false,""Range"":0,""Speed"":0,""TileEmitter"":{""$type"":""RogueEssence.Content.EmptyFiniteEmitter, RogueEssence"",""LocHeight"":0},""Emitter"":{""$type"":""RogueEssence.Content.EmptyCircleSquareEmitter, RogueEssence"",""LocHeight"":0},""IntroFX"":[],""ExplodeFX"":{""Delay"":0,""Sound"":"""",""Emitter"":{""$type"":""RogueEssence.Content.EmptyFiniteEmitter, RogueEssence"",""LocHeight"":0},""ScreenMovement"":{""MinShake"":0,""MaxShake"":0,""MaxShakeTime"":0}}},""NewData"":{""Element"":""none"",""Category"":0,""HitRate"":-1,""SkillStates"":[],""BeforeTryActions"":[],""BeforeActions"":[],""OnActions"":[],""BeforeExplosions"":[],""BeforeHits"":[],""OnHits"":[{""Key"":{""str"":[0]},""Value"":{""$type"":""PMDC.Dungeon.IndirectDamageEvent, PMDC"",""HPFraction"":6}}],""OnHitTiles"":[],""AfterActions"":[],""ElementEffects"":[],""IntroFX"":[],""HitFX"":{""Delay"":0,""Sound"":"""",""Emitter"":{""$type"":""RogueEssence.Content.EmptyFiniteEmitter, RogueEssence"",""LocHeight"":0},""ScreenMovement"":{""MinShake"":0,""MaxShake"":0,""MaxShakeTime"":0}},""HitCharAction"":{""$type"":""RogueEssence.Dungeon.CharAnimFrameType, RogueEssence"",""ActionType"":4}},""OneTime"":false}}]"
"trap_discord","0.6.1.0","RogueEssence.Data.TileData, RogueEssence","Discord Trap","Trampa Discordia","불화 함정","Triggering this trap creates a discord among the party.","","false","","Tile_Wonder","1","-1","-1","-1","255","0","false","true","3","2","1","255, 0, 0, 255","[{""Key"":{""str"":[0]},""Value"":{""$type"":""PMDC.Dungeon.TriggerUnderfootEvent, PMDC""}}]","[{""Key"":{""str"":[0]},""Value"":{""$type"":""PMDC.Dungeon.InvokeTrapEvent, PMDC"",""HitboxAction"":{""$type"":""RogueEssence.Dungeon.AreaAction, RogueEssence"",""Emitter"":{""$type"":""RogueEssence.Content.EmptyCircleSquareEmitter, RogueEssence"",""LocHeight"":0},""HitTiles"":false,""BurstTiles"":0,""HitArea"":0,""Range"":0,""Speed"":10,""CharAnimData"":{""$type"":""RogueEssence.Dungeon.CharAnimFrameType, RogueEssence"",""ActionType"":0},""TargetAlignments"":7,""TileEmitter"":{""$type"":""RogueEssence.Content.EmptyFiniteEmitter, RogueEssence"",""LocHeight"":0},""PreActions"":[],""ActionFX"":{""Delay"":0,""Sound"":"""",""Emitter"":{""$type"":""RogueEssence.Content.EmptyFiniteEmitter, RogueEssence"",""LocHeight"":0},""ScreenMovement"":{""MinShake"":0,""MaxShake"":0,""MaxShakeTime"":0}},""LagBehindTime"":0},""Explosion"":{""TargetAlignments"":7,""HitTiles"":false,""Range"":0,""Speed"":0,""TileEmitter"":{""$type"":""RogueEssence.Content.EmptyFiniteEmitter, RogueEssence"",""LocHeight"":0},""Emitter"":{""$type"":""RogueEssence.Content.EmptyCircleSquareEmitter, RogueEssence"",""LocHeight"":0},""IntroFX"":[],""ExplodeFX"":{""Delay"":0,""Sound"":"""",""Emitter"":{""$type"":""RogueEssence.Content.EmptyFiniteEmitter, RogueEssence"",""LocHeight"":0},""ScreenMovement"":{""MinShake"":0,""MaxShake"":0,""MaxShakeTime"":0}}},""NewData"":{""Element"":""none"",""Category"":0,""HitRate"":-1,""SkillStates"":[],""BeforeTryActions"":[],""BeforeActions"":[],""OnActions"":[],""BeforeExplosions"":[],""BeforeHits"":[],""OnHits"":[],""OnHitTiles"":[],""AfterActions"":[],""ElementEffects"":[],""IntroFX"":[],""HitFX"":{""Delay"":0,""Sound"":"""",""Emitter"":{""$type"":""RogueEssence.Content.EmptyFiniteEmitter, RogueEssence"",""LocHeight"":0},""ScreenMovement"":{""MinShake"":0,""MaxShake"":0,""MaxShakeTime"":0}},""HitCharAction"":{""$type"":""RogueEssence.Dungeon.CharAnimProcess, RogueEssence"",""Process"":0}},""OneTime"":false}}]"
"trap_emera_crush","0.6.1.0","RogueEssence.Data.TileData, RogueEssence","Emera-Crush Trap","Trampa Destruye-Iristales","라피스 제거 함정","Triggering this trap causes an emera on a looplet to come off and disappear.","","false","","Tile_Wonder","1","-1","-1","-1","255","0","false","true","3","2","1","255, 0, 0, 255","[{""Key"":{""str"":[0]},""Value"":{""$type"":""PMDC.Dungeon.TriggerUnderfootEvent, PMDC""}}]","[{""Key"":{""str"":[0]},""Value"":{""$type"":""PMDC.Dungeon.InvokeTrapEvent, PMDC"",""HitboxAction"":{""$type"":""RogueEssence.Dungeon.AreaAction, RogueEssence"",""Emitter"":{""$type"":""RogueEssence.Content.EmptyCircleSquareEmitter, RogueEssence"",""LocHeight"":0},""HitTiles"":false,""BurstTiles"":0,""HitArea"":0,""Range"":0,""Speed"":10,""CharAnimData"":{""$type"":""RogueEssence.Dungeon.CharAnimFrameType, RogueEssence"",""ActionType"":0},""TargetAlignments"":7,""TileEmitter"":{""$type"":""RogueEssence.Content.EmptyFiniteEmitter, RogueEssence"",""LocHeight"":0},""PreActions"":[],""ActionFX"":{""Delay"":0,""Sound"":"""",""Emitter"":{""$type"":""RogueEssence.Content.EmptyFiniteEmitter, RogueEssence"",""LocHeight"":0},""ScreenMovement"":{""MinShake"":0,""MaxShake"":0,""MaxShakeTime"":0}},""LagBehindTime"":0},""Explosion"":{""TargetAlignments"":7,""HitTiles"":false,""Range"":0,""Speed"":0,""TileEmitter"":{""$type"":""RogueEssence.Content.EmptyFiniteEmitter, RogueEssence"",""LocHeight"":0},""Emitter"":{""$type"":""RogueEssence.Content.EmptyCircleSquareEmitter, RogueEssence"",""LocHeight"":0},""IntroFX"":[],""ExplodeFX"":{""Delay"":0,""Sound"":"""",""Emitter"":{""$type"":""RogueEssence.Content.EmptyFiniteEmitter, RogueEssence"",""LocHeight"":0},""ScreenMovement"":{""MinShake"":0,""MaxShake"":0,""MaxShakeTime"":0}}},""NewData"":{""Element"":""none"",""Category"":0,""HitRate"":-1,""SkillStates"":[],""BeforeTryActions"":[],""BeforeActions"":[],""OnActions"":[],""BeforeExplosions"":[],""BeforeHits"":[],""OnHits"":[],""OnHitTiles"":[],""AfterActions"":[],""ElementEffects"":[],""IntroFX"":[],""HitFX"":{""Delay"":0,""Sound"":"""",""Emitter"":{""$type"":""RogueEssence.Content.EmptyFiniteEmitter, RogueEssence"",""LocHeight"":0},""ScreenMovement"":{""MinShake"":0,""MaxShake"":0,""MaxShakeTime"":0}},""HitCharAction"":{""$type"":""RogueEssence.Dungeon.CharAnimProcess, RogueEssence"",""Process"":0}},""OneTime"":false}}]"
"trap_emera_swap","0.6.1.0","RogueEssence.Data.TileData, RogueEssence","Emera-Swap Trap","Trampa Cambia-Iristales","라피스 교체 함정","Triggering this trap swaps an emera on a looplet for another emera.","","false","","Tile_Wonder","1","-1","-1","-1","255","0","false","true","3","2","1","255, 0, 0, 255","[{""Key"":{""str"":[0]},""Value"":{""$type"":""PMDC.Dungeon.TriggerUnderfootEvent, PMDC""}}]","[{""Key"":{""str"":[0]},""Value"":{""$type"":""PMDC.Dungeon.InvokeTrapEvent, PMDC"",""HitboxAction"":{""$type"":""RogueEssence.Dungeon.AreaAction, RogueEssence"",""Emitter"":{""$type"":""RogueEssence.Content.EmptyCircleSquareEmitter, RogueEssence"",""LocHeight"":0},""HitTiles"":false,""BurstTiles"":0,""HitArea"":0,""Range"":0,""Speed"":10,""CharAnimData"":{""$type"":""RogueEssence.Dungeon.CharAnimFrameType, RogueEssence"",""ActionType"":0},""TargetAlignments"":7,""TileEmitter"":{""$type"":""RogueEssence.Content.EmptyFiniteEmitter, RogueEssence"",""LocHeight"":0},""PreActions"":[],""ActionFX"":{""Delay"":0,""Sound"":"""",""Emitter"":{""$type"":""RogueEssence.Content.EmptyFiniteEmitter, RogueEssence"",""LocHeight"":0},""ScreenMovement"":{""MinShake"":0,""MaxShake"":0,""MaxShakeTime"":0}},""LagBehindTime"":0},""Explosion"":{""TargetAlignments"":7,""HitTiles"":false,""Range"":0,""Speed"":0,""TileEmitter"":{""$type"":""RogueEssence.Content.EmptyFiniteEmitter, RogueEssence"",""LocHeight"":0},""Emitter"":{""$type"":""RogueEssence.Content.EmptyCircleSquareEmitter, RogueEssence"",""LocHeight"":0},""IntroFX"":[],""ExplodeFX"":{""Delay"":0,""Sound"":"""",""Emitter"":{""$type"":""RogueEssence.Content.EmptyFiniteEmitter, RogueEssence"",""LocHeight"":0},""ScreenMovement"":{""MinShake"":0,""MaxShake"":0,""MaxShakeTime"":0}}},""NewData"":{""Element"":""none"",""Category"":0,""HitRate"":-1,""SkillStates"":[],""BeforeTryActions"":[],""BeforeActions"":[],""OnActions"":[],""BeforeExplosions"":[],""BeforeHits"":[],""OnHits"":[],""OnHitTiles"":[],""AfterActions"":[],""ElementEffects"":[],""IntroFX"":[],""HitFX"":{""Delay"":0,""Sound"":"""",""Emitter"":{""$type"":""RogueEssence.Content.EmptyFiniteEmitter, RogueEssence"",""LocHeight"":0},""ScreenMovement"":{""MinShake"":0,""MaxShake"":0,""MaxShakeTime"":0}},""HitCharAction"":{""$type"":""RogueEssence.Dungeon.CharAnimProcess, RogueEssence"",""Process"":0}},""OneTime"":false}}]"
"trap_explosion","0.6.1.0","RogueEssence.Data.TileData, RogueEssence","Explosion Trap","Trampa Explosiva","폭발 스위치","Activating this trap triggers a huge explosion. Its damage extends to everything up to 2 steps away from it.","","true","","Trap_Explosion","1","-1","-1","-1","255","0","false","true","3","2","1","255, 0, 0, 255","[{""Key"":{""str"":[0]},""Value"":{""$type"":""PMDC.Dungeon.TriggerUnderfootEvent, PMDC""}}]","[{""Key"":{""str"":[0]},""Value"":{""$type"":""PMDC.Dungeon.InvokeTrapEvent, PMDC"",""HitboxAction"":{""$type"":""RogueEssence.Dungeon.AreaAction, RogueEssence"",""Emitter"":{""$type"":""RogueEssence.Content.EmptyCircleSquareEmitter, RogueEssence"",""LocHeight"":0},""HitTiles"":true,""BurstTiles"":2,""HitArea"":0,""Range"":0,""Speed"":0,""CharAnimData"":{""$type"":""RogueEssence.Dungeon.CharAnimFrameType, RogueEssence"",""ActionType"":0},""TargetAlignments"":7,""TileEmitter"":{""$type"":""RogueEssence.Content.EmptyFiniteEmitter, RogueEssence"",""LocHeight"":0},""PreActions"":[],""ActionFX"":{""Delay"":0,""Sound"":"""",""Emitter"":{""$type"":""RogueEssence.Content.EmptyFiniteEmitter, RogueEssence"",""LocHeight"":0},""ScreenMovement"":{""MinShake"":0,""MaxShake"":0,""MaxShakeTime"":0}},""LagBehindTime"":0},""Explosion"":{""TargetAlignments"":7,""HitTiles"":true,""Range"":2,""Speed"":7,""TileEmitter"":{""$type"":""RogueEssence.Content.EmptyFiniteEmitter, RogueEssence"",""LocHeight"":0},""Emitter"":{""$type"":""RogueEssence.Content.CircleSquareAreaEmitter, RogueEssence"",""LocHeight"":0,""Anims"":[{""$type"":""RogueEssence.Content.StaticAnim, RogueEssence"",""Anim"":{""AnimIndex"":""Explosion"",""FrameTime"":3,""StartFrame"":-1,""EndFrame"":-1,""AnimDir"":-1,""Alpha"":255,""AnimFlip"":0},""TotalTime"":0,""Cycles"":1,""FrameOffset"":0}],""ParticlesPerTile"":0.5,""RangeDiff"":0,""Layer"":2},""IntroFX"":[],""ExplodeFX"":{""Delay"":0,""Sound"":""DUN_Self-Destruct"",""Emitter"":{""$type"":""RogueEssence.Content.EmptyFiniteEmitter, RogueEssence"",""LocHeight"":0},""ScreenMovement"":{""MinShake"":0,""MaxShake"":0,""MaxShakeTime"":0}}},""NewData"":{""Element"":""none"",""Category"":0,""HitRate"":-1,""SkillStates"":[],""BeforeTryActions"":[],""BeforeActions"":[],""OnActions"":[],""BeforeExplosions"":[],""BeforeHits"":[],""OnHits"":[{""Key"":{""str"":[-1]},""Value"":{""$type"":""PMDC.Dungeon.CutHPDamageEvent, PMDC""}}],""OnHitTiles"":[{""Key"":{""str"":[0]},""Value"":{""$type"":""PMDC.Dungeon.RemoveTrapEvent, PMDC""}},{""Key"":{""str"":[0]},""Value"":{""$type"":""PMDC.Dungeon.RemoveItemEvent, PMDC"",""BlockedByTerrain"":true}},{""Key"":{""str"":[0]},""Value"":{""$type"":""PMDC.Dungeon.RemoveTerrainEvent, PMDC"",""TileTypes"":[""wall""],""RemoveSound"":"""",""RemoveAnim"":{""$type"":""RogueEssence.Content.EmptyFiniteEmitter, RogueEssence"",""LocHeight"":0}}},{""Key"":{""str"":[0]},""Value"":{""$type"":""PMDC.Dungeon.RemoveTerrainEvent, PMDC"",""TileTypes"":[""grass""],""RemoveSound"":"""",""RemoveAnim"":{""$type"":""RogueEssence.Content.EmptyFiniteEmitter, RogueEssence"",""LocHeight"":0}}}],""AfterActions"":[],""ElementEffects"":[],""IntroFX"":[],""HitFX"":{""Delay"":0,""Sound"":"""",""Emitter"":{""$type"":""RogueEssence.Content.EmptyFiniteEmitter, RogueEssence"",""LocHeight"":0},""ScreenMovement"":{""MinShake"":0,""MaxShake"":0,""MaxShakeTime"":0}},""HitCharAction"":{""$type"":""RogueEssence.Dungeon.CharAnimProcess, RogueEssence"",""Process"":0}},""OneTime"":false}}]"
"trap_grimy","0.6.1.0","RogueEssence.Data.TileData, RogueEssence","Grimy Trap","Trampa Pestilente","질퍽 스위치","Triggering this trap makes it spew a muck that gums up food and removes abilities.","","true","","Trap_Grimy","1","-1","-1","-1","255","0","false","true","3","2","1","255, 0, 0, 255","[{""Key"":{""str"":[0]},""Value"":{""$type"":""PMDC.Dungeon.TriggerUnderfootEvent, PMDC""}}]","[{""Key"":{""str"":[0]},""Value"":{""$type"":""PMDC.Dungeon.InvokeTrapEvent, PMDC"",""HitboxAction"":{""$type"":""RogueEssence.Dungeon.AreaAction, RogueEssence"",""Emitter"":{""$type"":""RogueEssence.Content.EmptyCircleSquareEmitter, RogueEssence"",""LocHeight"":0},""HitTiles"":false,""BurstTiles"":0,""HitArea"":0,""Range"":1,""Speed"":10,""CharAnimData"":{""$type"":""RogueEssence.Dungeon.CharAnimFrameType, RogueEssence"",""ActionType"":0},""TargetAlignments"":7,""TileEmitter"":{""$type"":""RogueEssence.Content.EmptyFiniteEmitter, RogueEssence"",""LocHeight"":0},""PreActions"":[],""ActionFX"":{""Delay"":0,""Sound"":""DUN_Grimy_Trap"",""Emitter"":{""$type"":""RogueEssence.Content.BetweenEmitter, RogueEssence"",""LocHeight"":0,""finished"":false,""AnimBack"":{""$type"":""RogueEssence.Content.StaticAnim, RogueEssence"",""Anim"":{""AnimIndex"":""Sticky_Purple_Back"",""FrameTime"":3,""StartFrame"":-1,""EndFrame"":-1,""AnimDir"":-1,""Alpha"":255,""AnimFlip"":0},""TotalTime"":0,""Cycles"":1,""FrameOffset"":0},""AnimFront"":{""$type"":""RogueEssence.Content.StaticAnim, RogueEssence"",""Anim"":{""AnimIndex"":""Sticky_Purple_Front"",""FrameTime"":3,""StartFrame"":-1,""EndFrame"":-1,""AnimDir"":-1,""Alpha"":255,""AnimFlip"":0},""TotalTime"":0,""Cycles"":1,""FrameOffset"":0},""HeightBack"":36,""HeightFront"":20,""Offset"":0},""ScreenMovement"":{""MinShake"":0,""MaxShake"":0,""MaxShakeTime"":0}},""LagBehindTime"":40},""Explosion"":{""TargetAlignments"":7,""HitTiles"":false,""Range"":0,""Speed"":0,""TileEmitter"":{""$type"":""RogueEssence.Content.EmptyFiniteEmitter, RogueEssence"",""LocHeight"":0},""Emitter"":{""$type"":""RogueEssence.Content.EmptyCircleSquareEmitter, RogueEssence"",""LocHeight"":0},""IntroFX"":[],""ExplodeFX"":{""Delay"":0,""Sound"":"""",""Emitter"":{""$type"":""RogueEssence.Content.EmptyFiniteEmitter, RogueEssence"",""LocHeight"":0},""ScreenMovement"":{""MinShake"":0,""MaxShake"":0,""MaxShakeTime"":0}}},""NewData"":{""Element"":""none"",""Category"":0,""HitRate"":-1,""SkillStates"":[],""BeforeTryActions"":[],""BeforeActions"":[],""OnActions"":[],""BeforeExplosions"":[],""BeforeHits"":[],""OnHits"":[{""Key"":{""str"":[0]},""Value"":{""$type"":""PMDC.Dungeon.TransformItemEvent, PMDC"",""NewItem"":""food_grimy"",""TopDown"":true,""HeldOnly"":false,""PriorityItem"":""seed_decoy"",""States"":[{""assembly"":""PMDC, Version=0.6.1.0, Culture=neutral, PublicKeyToken=null"",""type"":""PMDC.Dungeon.FoodState""},{""assembly"":""PMDC, Version=0.6.1.0, Culture=neutral, PublicKeyToken=null"",""type"":""PMDC.Dungeon.GummiState""}]}},{""Key"":{""str"":[0]},""Value"":{""$type"":""PMDC.Dungeon.ChangeToAbilityEvent, PMDC"",""TargetAbility"":""none"",""AffectTarget"":true,""SilentCheck"":false}}],""OnHitTiles"":[],""AfterActions"":[],""ElementEffects"":[],""IntroFX"":[],""HitFX"":{""Delay"":0,""Sound"":"""",""Emitter"":{""$type"":""RogueEssence.Content.EmptyFiniteEmitter, RogueEssence"",""LocHeight"":0},""ScreenMovement"":{""MinShake"":0,""MaxShake"":0,""MaxShakeTime"":0}},""HitCharAction"":{""$type"":""RogueEssence.Dungeon.CharAnimProcess, RogueEssence"",""Process"":0}},""OneTime"":false}}]"
"trap_grudge","0.6.1.0","RogueEssence.Data.TileData, RogueEssence","Grudge Trap","Trampa Rabiosa","원념 스위치","Triggering this trap gives the Grudge status to all opposing Pokémon in the area.","","true","","Trap_Grudge","1","-1","-1","-1","255","0","false","true","3","2","1","255, 0, 0, 255","[{""Key"":{""str"":[0]},""Value"":{""$type"":""PMDC.Dungeon.TriggerUnderfootEvent, PMDC""}}]","[{""Key"":{""str"":[0]},""Value"":{""$type"":""PMDC.Dungeon.InvokeTrapEvent, PMDC"",""HitboxAction"":{""$type"":""RogueEssence.Dungeon.AreaAction, RogueEssence"",""Emitter"":{""$type"":""RogueEssence.Content.CircleSquareAreaEmitter, RogueEssence"",""LocHeight"":0,""Anims"":[{""$type"":""RogueEssence.Content.StaticAnim, RogueEssence"",""Anim"":{""AnimIndex"":""Grudge_Lights"",""FrameTime"":3,""StartFrame"":-1,""EndFrame"":-1,""AnimDir"":-1,""Alpha"":255,""AnimFlip"":0},""TotalTime"":0,""Cycles"":1,""FrameOffset"":0}],""ParticlesPerTile"":1,""RangeDiff"":0,""Layer"":2},""HitTiles"":false,""BurstTiles"":0,""HitArea"":0,""Range"":5,""Speed"":10,""CharAnimData"":{""$type"":""RogueEssence.Dungeon.CharAnimFrameType, RogueEssence"",""ActionType"":0},""TargetAlignments"":4,""TileEmitter"":{""$type"":""RogueEssence.Content.EmptyFiniteEmitter, RogueEssence"",""LocHeight"":0},""PreActions"":[],""ActionFX"":{""Delay"":0,""Sound"":""DUN_Stayaway_Orb"",""Emitter"":{""$type"":""RogueEssence.Content.EmptyFiniteEmitter, RogueEssence"",""LocHeight"":0},""ScreenMovement"":{""MinShake"":0,""MaxShake"":0,""MaxShakeTime"":0}},""LagBehindTime"":0},""Explosion"":{""TargetAlignments"":4,""HitTiles"":false,""Range"":0,""Speed"":0,""TileEmitter"":{""$type"":""RogueEssence.Content.EmptyFiniteEmitter, RogueEssence"",""LocHeight"":0},""Emitter"":{""$type"":""RogueEssence.Content.EmptyCircleSquareEmitter, RogueEssence"",""LocHeight"":0},""IntroFX"":[],""ExplodeFX"":{""Delay"":0,""Sound"":"""",""Emitter"":{""$type"":""RogueEssence.Content.EmptyFiniteEmitter, RogueEssence"",""LocHeight"":0},""ScreenMovement"":{""MinShake"":0,""MaxShake"":0,""MaxShakeTime"":0}}},""NewData"":{""Element"":""none"",""Category"":0,""HitRate"":-1,""SkillStates"":[],""BeforeTryActions"":[],""BeforeActions"":[],""OnActions"":[],""BeforeExplosions"":[],""BeforeHits"":[],""OnHits"":[{""Key"":{""str"":[0]},""Value"":{""$type"":""PMDC.Dungeon.StatusBattleEvent, PMDC"",""StatusID"":""grudge"",""AffectTarget"":true,""SilentCheck"":false,""Anonymous"":true,""TriggerMsg"":{""Key"":null},""Anims"":[]}}],""OnHitTiles"":[],""AfterActions"":[],""ElementEffects"":[],""IntroFX"":[],""HitFX"":{""Delay"":0,""Sound"":"""",""Emitter"":{""$type"":""RogueEssence.Content.EmptyFiniteEmitter, RogueEssence"",""LocHeight"":0},""ScreenMovement"":{""MinShake"":0,""MaxShake"":0,""MaxShakeTime"":0}},""HitCharAction"":{""$type"":""RogueEssence.Dungeon.CharAnimProcess, RogueEssence"",""Process"":0}},""OneTime"":false}}]"
"trap_gust","0.6.1.0","RogueEssence.Data.TileData, RogueEssence","Gust Trap","Trampa Tornado","돌풍 스위치","Activating this trap triggers a gust of wind that sends nearby Pokémon flying.","","true","","Trap_Gust","1","-1","-1","-1","255","0","false","true","3","2","1","255, 0, 0, 255","[{""Key"":{""str"":[0]},""Value"":{""$type"":""PMDC.Dungeon.TriggerUnderfootEvent, PMDC""}}]","[{""Key"":{""str"":[0]},""Value"":{""$type"":""PMDC.Dungeon.InvokeTrapEvent, PMDC"",""HitboxAction"":{""$type"":""RogueEssence.Dungeon.AreaAction, RogueEssence"",""Emitter"":{""$type"":""RogueEssence.Content.EmptyCircleSquareEmitter, RogueEssence"",""LocHeight"":0},""HitTiles"":true,""BurstTiles"":0,""HitArea"":0,""Range"":0,""Speed"":0,""CharAnimData"":{""$type"":""RogueEssence.Dungeon.CharAnimFrameType, RogueEssence"",""ActionType"":0},""TargetAlignments"":0,""TileEmitter"":{""$type"":""RogueEssence.Content.EmptyFiniteEmitter, RogueEssence"",""LocHeight"":0},""PreActions"":[],""ActionFX"":{""Delay"":0,""Sound"":""DUN_Gust_Trap"",""Emitter"":{""$type"":""RogueEssence.Content.FiniteAreaEmitter, RogueEssence"",""LocHeight"":24,""Anims"":[{""$type"":""RogueEssence.Content.StaticAnim, RogueEssence"",""Anim"":{""AnimIndex"":""Gust"",""FrameTime"":1,""StartFrame"":-1,""EndFrame"":-1,""AnimDir"":-1,""Alpha"":255,""AnimFlip"":0},""TotalTime"":0,""Cycles"":1,""FrameOffset"":0}],""Range"":24,""Speed"":96,""TotalParticles"":3,""Layer"":2},""ScreenMovement"":{""MinShake"":0,""MaxShake"":0,""MaxShakeTime"":0}},""LagBehindTime"":40},""Explosion"":{""TargetAlignments"":0,""HitTiles"":false,""Range"":0,""Speed"":0,""TileEmitter"":{""$type"":""RogueEssence.Content.EmptyFiniteEmitter, RogueEssence"",""LocHeight"":0},""Emitter"":{""$type"":""RogueEssence.Content.EmptyCircleSquareEmitter, RogueEssence"",""LocHeight"":0},""IntroFX"":[],""ExplodeFX"":{""Delay"":0,""Sound"":"""",""Emitter"":{""$type"":""RogueEssence.Content.EmptyFiniteEmitter, RogueEssence"",""LocHeight"":0},""ScreenMovement"":{""MinShake"":0,""MaxShake"":0,""MaxShakeTime"":0}}},""NewData"":{""Element"":""none"",""Category"":0,""HitRate"":-1,""SkillStates"":[],""BeforeTryActions"":[],""BeforeActions"":[],""OnActions"":[],""BeforeExplosions"":[],""BeforeHits"":[],""OnHits"":[],""OnHitTiles"":[{""Key"":{""str"":[0]},""Value"":{""$type"":""PMDC.Dungeon.LaunchAllEvent, PMDC"",""Distance"":8}}],""AfterActions"":[],""ElementEffects"":[],""IntroFX"":[],""HitFX"":{""Delay"":0,""Sound"":"""",""Emitter"":{""$type"":""RogueEssence.Content.EmptyFiniteEmitter, RogueEssence"",""LocHeight"":0},""ScreenMovement"":{""MinShake"":0,""MaxShake"":0,""MaxShakeTime"":0}},""HitCharAction"":{""$type"":""RogueEssence.Dungeon.CharAnimProcess, RogueEssence"",""Process"":0}},""OneTime"":false}}]"
"trap_hunger","0.6.1.0","RogueEssence.Data.TileData, RogueEssence","Hunger Trap","Trampa Hambre","포만감 함정","Triggering this trap causes the Pokémon to become hungry.","","true","","Trap_Hunger","1","-1","-1","-1","255","0","false","true","3","2","1","255, 0, 0, 255","[{""Key"":{""str"":[0]},""Value"":{""$type"":""PMDC.Dungeon.TriggerUnderfootEvent, PMDC""}}]","[{""Key"":{""str"":[0]},""Value"":{""$type"":""PMDC.Dungeon.InvokeTrapEvent, PMDC"",""HitboxAction"":{""$type"":""RogueEssence.Dungeon.SelfAction, RogueEssence"",""CharAnimData"":{""$type"":""RogueEssence.Dungeon.CharAnimFrameType, RogueEssence"",""ActionType"":0},""TargetAlignments"":1,""TileEmitter"":{""$type"":""RogueEssence.Content.EmptyFiniteEmitter, RogueEssence"",""LocHeight"":0},""PreActions"":[],""ActionFX"":{""Delay"":0,""Sound"":"""",""Emitter"":{""$type"":""RogueEssence.Content.EmptyFiniteEmitter, RogueEssence"",""LocHeight"":0},""ScreenMovement"":{""MinShake"":0,""MaxShake"":0,""MaxShakeTime"":0}},""LagBehindTime"":0},""Explosion"":{""TargetAlignments"":1,""HitTiles"":false,""Range"":0,""Speed"":0,""TileEmitter"":{""$type"":""RogueEssence.Content.EmptyFiniteEmitter, RogueEssence"",""LocHeight"":0},""Emitter"":{""$type"":""RogueEssence.Content.EmptyCircleSquareEmitter, RogueEssence"",""LocHeight"":0},""IntroFX"":[],""ExplodeFX"":{""Delay"":0,""Sound"":"""",""Emitter"":{""$type"":""RogueEssence.Content.EmptyFiniteEmitter, RogueEssence"",""LocHeight"":0},""ScreenMovement"":{""MinShake"":0,""MaxShake"":0,""MaxShakeTime"":0}}},""NewData"":{""Element"":""none"",""Category"":0,""HitRate"":-1,""SkillStates"":[],""BeforeTryActions"":[],""BeforeActions"":[],""OnActions"":[],""BeforeExplosions"":[],""BeforeHits"":[],""OnHits"":[{""Key"":{""str"":[0]},""Value"":{""$type"":""PMDC.Dungeon.RestoreBellyEvent, PMDC"",""BoostAnims"":[],""Heal"":-20,""Msg"":true,""AddMaxBelly"":0,""NeedFullBelly"":false}}],""OnHitTiles"":[],""AfterActions"":[],""ElementEffects"":[],""IntroFX"":[],""HitFX"":{""Delay"":0,""Sound"":"""",""Emitter"":{""$type"":""RogueEssence.Content.EmptyFiniteEmitter, RogueEssence"",""LocHeight"":0},""ScreenMovement"":{""MinShake"":0,""MaxShake"":0,""MaxShakeTime"":0}},""HitCharAction"":{""$type"":""RogueEssence.Dungeon.CharAnimProcess, RogueEssence"",""Process"":0}},""OneTime"":false}}]"
"trap_mud","0.6.1.0","RogueEssence.Data.TileData, RogueEssence","Mud Trap","Trampa Lodo","진흙 스위치","Triggering this trap makes it blow mud that sharply lowers the highest base stat of all nearby Pokémon.","","true","","Trap_Mud","1","-1","-1","-1","255","0","false","true","3","2","1","255, 0, 0, 255","[{""Key"":{""str"":[0]},""Value"":{""$type"":""PMDC.Dungeon.TriggerUnderfootEvent, PMDC""}}]","[{""Key"":{""str"":[0]},""Value"":{""$type"":""PMDC.Dungeon.InvokeTrapEvent, PMDC"",""HitboxAction"":{""$type"":""RogueEssence.Dungeon.AreaAction, RogueEssence"",""Emitter"":{""$type"":""RogueEssence.Content.EmptyCircleSquareEmitter, RogueEssence"",""LocHeight"":0},""HitTiles"":false,""BurstTiles"":0,""HitArea"":0,""Range"":1,""Speed"":10,""CharAnimData"":{""$type"":""RogueEssence.Dungeon.CharAnimFrameType, RogueEssence"",""ActionType"":0},""TargetAlignments"":7,""TileEmitter"":{""$type"":""RogueEssence.Content.EmptyFiniteEmitter, RogueEssence"",""LocHeight"":0},""PreActions"":[],""ActionFX"":{""Delay"":0,""Sound"":""DUN_Mud_Trap"",""Emitter"":{""$type"":""RogueEssence.Content.BetweenEmitter, RogueEssence"",""LocHeight"":0,""finished"":false,""AnimBack"":{""$type"":""RogueEssence.Content.StaticAnim, RogueEssence"",""Anim"":{""AnimIndex"":""Sticky_Brown_Back"",""FrameTime"":3,""StartFrame"":-1,""EndFrame"":-1,""AnimDir"":-1,""Alpha"":255,""AnimFlip"":0},""TotalTime"":0,""Cycles"":1,""FrameOffset"":0},""AnimFront"":{""$type"":""RogueEssence.Content.StaticAnim, RogueEssence"",""Anim"":{""AnimIndex"":""Sticky_Brown_Front"",""FrameTime"":3,""StartFrame"":-1,""EndFrame"":-1,""AnimDir"":-1,""Alpha"":255,""AnimFlip"":0},""TotalTime"":0,""Cycles"":1,""FrameOffset"":0},""HeightBack"":36,""HeightFront"":20,""Offset"":0},""ScreenMovement"":{""MinShake"":0,""MaxShake"":0,""MaxShakeTime"":0}},""LagBehindTime"":40},""Explosion"":{""TargetAlignments"":7,""HitTiles"":false,""Range"":0,""Speed"":0,""TileEmitter"":{""$type"":""RogueEssence.Content.EmptyFiniteEmitter, RogueEssence"",""LocHeight"":0},""Emitter"":{""$type"":""RogueEssence.Content.EmptyCircleSquareEmitter, RogueEssence"",""LocHeight"":0},""IntroFX"":[],""ExplodeFX"":{""Delay"":0,""Sound"":"""",""Emitter"":{""$type"":""RogueEssence.Content.EmptyFiniteEmitter, RogueEssence"",""LocHeight"":0},""ScreenMovement"":{""MinShake"":0,""MaxShake"":0,""MaxShakeTime"":0}}},""NewData"":{""Element"":""none"",""Category"":0,""HitRate"":-1,""SkillStates"":[],""BeforeTryActions"":[],""BeforeActions"":[],""OnActions"":[],""BeforeExplosions"":[],""BeforeHits"":[],""OnHits"":[{""Key"":{""str"":[0]},""Value"":{""$type"":""PMDC.Dungeon.AffectHighestStatBattleEvent, PMDC"",""AffectTarget"":true,""AtkStat"":""mod_attack"",""DefStat"":""mod_defense"",""SpAtkStat"":""mod_special_attack"",""SpDefStat"":""mod_special_defense"",""Anonymous"":true,""Stack"":-2}}],""OnHitTiles"":[],""AfterActions"":[],""ElementEffects"":[],""IntroFX"":[],""HitFX"":{""Delay"":0,""Sound"":"""",""Emitter"":{""$type"":""RogueEssence.Content.EmptyFiniteEmitter, RogueEssence"",""LocHeight"":0},""ScreenMovement"":{""MinShake"":0,""MaxShake"":0,""MaxShakeTime"":0}},""HitCharAction"":{""$type"":""RogueEssence.Dungeon.CharAnimProcess, RogueEssence"",""Process"":0}},""OneTime"":false}}]"
"trap_pitfall","0.6.1.0","RogueEssence.Data.TileData, RogueEssence","Pitfall Trap","Trampa Trampilla","구멍 함정","Stepping on this trap drops the Pokémon to the floor below, inflicting damage.","","false","","Trap_Pitfall","1","-1","-1","-1","255","0","false","true","3","2","1","255, 0, 0, 255","[{""Key"":{""str"":[0]},""Value"":{""$type"":""PMDC.Dungeon.TriggerUnderfootEvent, PMDC""}}]","[{""Key"":{""str"":[0]},""Value"":{""$type"":""PMDC.Dungeon.InvokeTrapEvent, PMDC"",""HitboxAction"":{""$type"":""RogueEssence.Dungeon.AreaAction, RogueEssence"",""Emitter"":{""$type"":""RogueEssence.Content.EmptyCircleSquareEmitter, RogueEssence"",""LocHeight"":0},""HitTiles"":false,""BurstTiles"":0,""HitArea"":0,""Range"":0,""Speed"":0,""CharAnimData"":{""$type"":""RogueEssence.Dungeon.CharAnimFrameType, RogueEssence"",""ActionType"":0},""TargetAlignments"":7,""TileEmitter"":{""$type"":""RogueEssence.Content.EmptyFiniteEmitter, RogueEssence"",""LocHeight"":0},""PreActions"":[],""ActionFX"":{""Delay"":0,""Sound"":"""",""Emitter"":{""$type"":""RogueEssence.Content.EmptyFiniteEmitter, RogueEssence"",""LocHeight"":0},""ScreenMovement"":{""MinShake"":0,""MaxShake"":0,""MaxShakeTime"":0}},""LagBehindTime"":0},""Explosion"":{""TargetAlignments"":7,""HitTiles"":false,""Range"":0,""Speed"":0,""TileEmitter"":{""$type"":""RogueEssence.Content.EmptyFiniteEmitter, RogueEssence"",""LocHeight"":0},""Emitter"":{""$type"":""RogueEssence.Content.EmptyCircleSquareEmitter, RogueEssence"",""LocHeight"":0},""IntroFX"":[],""ExplodeFX"":{""Delay"":0,""Sound"":"""",""Emitter"":{""$type"":""RogueEssence.Content.EmptyFiniteEmitter, RogueEssence"",""LocHeight"":0},""ScreenMovement"":{""MinShake"":0,""MaxShake"":0,""MaxShakeTime"":0}}},""NewData"":{""Element"":""none"",""Category"":0,""HitRate"":-1,""SkillStates"":[],""BeforeTryActions"":[],""BeforeActions"":[],""OnActions"":[],""BeforeExplosions"":[],""BeforeHits"":[],""OnHits"":[],""OnHitTiles"":[],""AfterActions"":[],""ElementEffects"":[],""IntroFX"":[],""HitFX"":{""Delay"":0,""Sound"":"""",""Emitter"":{""$type"":""RogueEssence.Content.EmptyFiniteEmitter, RogueEssence"",""LocHeight"":0},""ScreenMovement"":{""MinShake"":0,""MaxShake"":0,""MaxShakeTime"":0}},""HitCharAction"":{""$type"":""RogueEssence.Dungeon.CharAnimProcess, RogueEssence"",""Process"":0}},""OneTime"":false}}]"
"trap_poison","0.6.1.0","RogueEssence.Data.TileData, RogueEssence","Poison Trap","Trampa Venenosa","독침 스위치","Triggering this trap will shoot poison spikes in all directions. Pokémon hit will become poisoned.","","true","","Trap_Poison","1","-1","-1","-1","255","0","false","true","3","2","1","255, 0, 0, 255","[{""Key"":{""str"":[0]},""Value"":{""$type"":""PMDC.Dungeon.TriggerUnderfootEvent, PMDC""}}]","[{""Key"":{""str"":[0]},""Value"":{""$type"":""PMDC.Dungeon.InvokeTrapEvent, PMDC"",""HitboxAction"":{""$type"":""RogueEssence.Dungeon.ProjectileAction, RogueEssence"",""Anim"":{""AnimIndex"":""Pin_Missile"",""FrameTime"":3,""StartFrame"":-1,""EndFrame"":-1,""AnimDir"":-1,""Alpha"":255,""AnimFlip"":0},""Emitter"":{""$type"":""RogueEssence.Content.EmptyAttachEmitter, RogueEssence""},""StreamEmitter"":{""$type"":""RogueEssence.Content.EmptyShootingEmitter, RogueEssence"",""LocHeight"":0},""Rays"":2,""Speed"":10,""Boomerang"":false,""ItemSprite"":"""",""CharAnimData"":{""$type"":""RogueEssence.Dungeon.CharAnimFrameType, RogueEssence"",""ActionType"":0},""HitTiles"":false,""Range"":8,""StopAtHit"":true,""StopAtWall"":true,""TargetAlignments"":7,""TileEmitter"":{""$type"":""RogueEssence.Content.EmptyFiniteEmitter, RogueEssence"",""LocHeight"":0},""PreActions"":[],""ActionFX"":{""Delay"":0,""Sound"":""DUN_Throw_Spike"",""Emitter"":{""$type"":""RogueEssence.Content.EmptyFiniteEmitter, RogueEssence"",""LocHeight"":0},""ScreenMovement"":{""MinShake"":0,""MaxShake"":0,""MaxShakeTime"":0}},""LagBehindTime"":0},""Explosion"":{""TargetAlignments"":7,""HitTiles"":false,""Range"":0,""Speed"":0,""TileEmitter"":{""$type"":""RogueEssence.Content.EmptyFiniteEmitter, RogueEssence"",""LocHeight"":0},""Emitter"":{""$type"":""RogueEssence.Content.EmptyCircleSquareEmitter, RogueEssence"",""LocHeight"":0},""IntroFX"":[],""ExplodeFX"":{""Delay"":0,""Sound"":"""",""Emitter"":{""$type"":""RogueEssence.Content.EmptyFiniteEmitter, RogueEssence"",""LocHeight"":0},""ScreenMovement"":{""MinShake"":0,""MaxShake"":0,""MaxShakeTime"":0}}},""NewData"":{""Element"":""none"",""Category"":0,""HitRate"":-1,""SkillStates"":[],""BeforeTryActions"":[],""BeforeActions"":[],""OnActions"":[],""BeforeExplosions"":[],""BeforeHits"":[],""OnHits"":[{""Key"":{""str"":[0]},""Value"":{""$type"":""PMDC.Dungeon.StatusBattleEvent, PMDC"",""StatusID"":""poison"",""AffectTarget"":true,""SilentCheck"":false,""Anonymous"":true,""TriggerMsg"":{""Key"":null},""Anims"":[]}}],""OnHitTiles"":[],""AfterActions"":[],""ElementEffects"":[],""IntroFX"":[],""HitFX"":{""Delay"":0,""Sound"":"""",""Emitter"":{""$type"":""RogueEssence.Content.EmptyFiniteEmitter, RogueEssence"",""LocHeight"":0},""ScreenMovement"":{""MinShake"":0,""MaxShake"":0,""MaxShakeTime"":0}},""HitCharAction"":{""$type"":""RogueEssence.Dungeon.CharAnimProcess, RogueEssence"",""Process"":0}},""OneTime"":false}}]"
"trap_pokemon","0.6.1.0","RogueEssence.Data.TileData, RogueEssence","Pokémon Trap","Trampa Nido","포켓몬 스위치","Triggering this trap transforms all items in the area into hostile Pokémon.","","false","","Trap_Pokemon","1","-1","-1","-1","255","0","false","true","3","2","1","255, 0, 0, 255","[{""Key"":{""str"":[0]},""Value"":{""$type"":""PMDC.Dungeon.TriggerUnderfootEvent, PMDC""}}]","[{""Key"":{""str"":[0]},""Value"":{""$type"":""PMDC.Dungeon.InvokeTrapEvent, PMDC"",""HitboxAction"":{""$type"":""RogueEssence.Dungeon.AreaAction, RogueEssence"",""Emitter"":{""$type"":""RogueEssence.Content.EmptyCircleSquareEmitter, RogueEssence"",""LocHeight"":0},""HitTiles"":true,""BurstTiles"":0,""HitArea"":0,""Range"":0,""Speed"":10,""CharAnimData"":{""$type"":""RogueEssence.Dungeon.CharAnimFrameType, RogueEssence"",""ActionType"":0},""TargetAlignments"":0,""TileEmitter"":{""$type"":""RogueEssence.Content.EmptyFiniteEmitter, RogueEssence"",""LocHeight"":0},""PreActions"":[],""ActionFX"":{""Delay"":0,""Sound"":"""",""Emitter"":{""$type"":""RogueEssence.Content.EmptyFiniteEmitter, RogueEssence"",""LocHeight"":0},""ScreenMovement"":{""MinShake"":0,""MaxShake"":0,""MaxShakeTime"":0}},""LagBehindTime"":0},""Explosion"":{""TargetAlignments"":0,""HitTiles"":false,""Range"":0,""Speed"":0,""TileEmitter"":{""$type"":""RogueEssence.Content.EmptyFiniteEmitter, RogueEssence"",""LocHeight"":0},""Emitter"":{""$type"":""RogueEssence.Content.EmptyCircleSquareEmitter, RogueEssence"",""LocHeight"":0},""IntroFX"":[],""ExplodeFX"":{""Delay"":0,""Sound"":"""",""Emitter"":{""$type"":""RogueEssence.Content.EmptyFiniteEmitter, RogueEssence"",""LocHeight"":0},""ScreenMovement"":{""MinShake"":0,""MaxShake"":0,""MaxShakeTime"":0}}},""NewData"":{""Element"":""none"",""Category"":0,""HitRate"":-1,""SkillStates"":[],""BeforeTryActions"":[],""BeforeActions"":[],""OnActions"":[],""BeforeExplosions"":[],""BeforeHits"":[],""OnHits"":[],""OnHitTiles"":[],""AfterActions"":[],""ElementEffects"":[],""IntroFX"":[],""HitFX"":{""Delay"":0,""Sound"":"""",""Emitter"":{""$type"":""RogueEssence.Content.EmptyFiniteEmitter, RogueEssence"",""LocHeight"":0},""ScreenMovement"":{""MinShake"":0,""MaxShake"":0,""MaxShakeTime"":0}},""HitCharAction"":{""$type"":""RogueEssence.Dungeon.CharAnimProcess, RogueEssence"",""Process"":0}},""OneTime"":true}}]"
"trap_pp_leech","0.6.1.0","RogueEssence.Data.TileData, RogueEssence","PP-Leech Trap","Trampa Anula-PP","기술줄임 함정","Triggering this trap completely drains the PP of the Pokémon's last-used move.","","true","","Trap_PP_Zero","1","-1","-1","-1","255","0","false","true","3","2","1","255, 0, 0, 255","[{""Key"":{""str"":[0]},""Value"":{""$type"":""PMDC.Dungeon.TriggerUnderfootEvent, PMDC""}}]","[{""Key"":{""str"":[0]},""Value"":{""$type"":""PMDC.Dungeon.InvokeTrapEvent, PMDC"",""HitboxAction"":{""$type"":""RogueEssence.Dungeon.SelfAction, RogueEssence"",""CharAnimData"":{""$type"":""RogueEssence.Dungeon.CharAnimFrameType, RogueEssence"",""ActionType"":0},""TargetAlignments"":1,""TileEmitter"":{""$type"":""RogueEssence.Content.EmptyFiniteEmitter, RogueEssence"",""LocHeight"":0},""PreActions"":[],""ActionFX"":{""Delay"":0,""Sound"":"""",""Emitter"":{""$type"":""RogueEssence.Content.EmptyFiniteEmitter, RogueEssence"",""LocHeight"":0},""ScreenMovement"":{""MinShake"":0,""MaxShake"":0,""MaxShakeTime"":0}},""LagBehindTime"":0},""Explosion"":{""TargetAlignments"":1,""HitTiles"":false,""Range"":0,""Speed"":0,""TileEmitter"":{""$type"":""RogueEssence.Content.EmptyFiniteEmitter, RogueEssence"",""LocHeight"":0},""Emitter"":{""$type"":""RogueEssence.Content.EmptyCircleSquareEmitter, RogueEssence"",""LocHeight"":0},""IntroFX"":[],""ExplodeFX"":{""Delay"":0,""Sound"":"""",""Emitter"":{""$type"":""RogueEssence.Content.EmptyFiniteEmitter, RogueEssence"",""LocHeight"":0},""ScreenMovement"":{""MinShake"":0,""MaxShake"":0,""MaxShakeTime"":0}}},""NewData"":{""Element"":""none"",""Category"":0,""HitRate"":-1,""SkillStates"":[],""BeforeTryActions"":[],""BeforeActions"":[],""OnActions"":[],""BeforeExplosions"":[],""BeforeHits"":[],""OnHits"":[{""Key"":{""str"":[0]},""Value"":{""$type"":""PMDC.Dungeon.SpiteEvent, PMDC"",""LastSlotStatusID"":""last_used_move_slot"",""PP"":100}}],""OnHitTiles"":[],""AfterActions"":[],""ElementEffects"":[],""IntroFX"":[],""HitFX"":{""Delay"":0,""Sound"":"""",""Emitter"":{""$type"":""RogueEssence.Content.EmptyFiniteEmitter, RogueEssence"",""LocHeight"":0},""ScreenMovement"":{""MinShake"":0,""MaxShake"":0,""MaxShakeTime"":0}},""HitCharAction"":{""$type"":""RogueEssence.Dungeon.CharAnimProcess, RogueEssence"",""Process"":0}},""OneTime"":true}}]"
"trap_seal","0.6.1.0","RogueEssence.Data.TileData, RogueEssence","Seal Trap","Trampa Sellante","봉인 스위치","Triggering this trap disables the last-used move of all nearby Pokémon.","","true","","Trap_Seal","1","-1","-1","-1","255","0","false","true","3","2","1","255, 0, 0, 255","[{""Key"":{""str"":[0]},""Value"":{""$type"":""PMDC.Dungeon.TriggerUnderfootEvent, PMDC""}}]","[{""Key"":{""str"":[0]},""Value"":{""$type"":""PMDC.Dungeon.InvokeTrapEvent, PMDC"",""HitboxAction"":{""$type"":""RogueEssence.Dungeon.AreaAction, RogueEssence"",""Emitter"":{""$type"":""RogueEssence.Content.EmptyCircleSquareEmitter, RogueEssence"",""LocHeight"":0},""HitTiles"":false,""BurstTiles"":0,""HitArea"":0,""Range"":1,""Speed"":10,""CharAnimData"":{""$type"":""RogueEssence.Dungeon.CharAnimFrameType, RogueEssence"",""ActionType"":0},""TargetAlignments"":7,""TileEmitter"":{""$type"":""RogueEssence.Content.EmptyFiniteEmitter, RogueEssence"",""LocHeight"":0},""PreActions"":[{""Delay"":0,""Sound"":""DUN_Sealed"",""Emitter"":{""$type"":""RogueEssence.Content.EmptyFiniteEmitter, RogueEssence"",""LocHeight"":0},""ScreenMovement"":{""MinShake"":0,""MaxShake"":0,""MaxShakeTime"":0}}],""ActionFX"":{""Delay"":0,""Sound"":"""",""Emitter"":{""$type"":""RogueEssence.Content.EmptyFiniteEmitter, RogueEssence"",""LocHeight"":0},""ScreenMovement"":{""MinShake"":0,""MaxShake"":0,""MaxShakeTime"":0}},""LagBehindTime"":40},""Explosion"":{""TargetAlignments"":7,""HitTiles"":false,""Range"":0,""Speed"":0,""TileEmitter"":{""$type"":""RogueEssence.Content.EmptyFiniteEmitter, RogueEssence"",""LocHeight"":0},""Emitter"":{""$type"":""RogueEssence.Content.EmptyCircleSquareEmitter, RogueEssence"",""LocHeight"":0},""IntroFX"":[],""ExplodeFX"":{""Delay"":0,""Sound"":"""",""Emitter"":{""$type"":""RogueEssence.Content.EmptyFiniteEmitter, RogueEssence"",""LocHeight"":0},""ScreenMovement"":{""MinShake"":0,""MaxShake"":0,""MaxShakeTime"":0}}},""NewData"":{""Element"":""none"",""Category"":0,""HitRate"":-1,""SkillStates"":[],""BeforeTryActions"":[],""BeforeActions"":[],""OnActions"":[],""BeforeExplosions"":[],""BeforeHits"":[],""OnHits"":[{""Key"":{""str"":[0]},""Value"":{""$type"":""PMDC.Dungeon.DisableBattleEvent, PMDC"",""LastSlotStatusID"":""last_used_move_slot"",""StatusID"":""disable"",""AffectTarget"":true,""SilentCheck"":false,""Anonymous"":true,""TriggerMsg"":{""Key"":null},""Anims"":[]}}],""OnHitTiles"":[],""AfterActions"":[],""ElementEffects"":[],""IntroFX"":[],""HitFX"":{""Delay"":0,""Sound"":"""",""Emitter"":{""$type"":""RogueEssence.Content.SingleEmitter, RogueEssence"",""LocHeight"":0,""finished"":false,""Offset"":0,""Anim"":{""$type"":""RogueEssence.Content.StaticAnim, RogueEssence"",""Anim"":{""AnimIndex"":""X_RSE"",""FrameTime"":15,""StartFrame"":-1,""EndFrame"":-1,""AnimDir"":-1,""Alpha"":255,""AnimFlip"":0},""TotalTime"":0,""Cycles"":3,""FrameOffset"":0},""Layer"":2,""UseDest"":false},""ScreenMovement"":{""MinShake"":0,""MaxShake"":0,""MaxShakeTime"":0}},""HitCharAction"":{""$type"":""RogueEssence.Dungeon.CharAnimProcess, RogueEssence"",""Process"":0}},""OneTime"":true}}]"
"trap_self_destruct","0.6.1.0","RogueEssence.Data.TileData, RogueEssence","Self-Destruct Trap","Trampa Autodestructiva","자폭 스위치","Triggering this trap makes it explode. Its damage extends to everything near the trap.","","true","","Trap_Self_Destruct","1","-1","-1","-1","255","0","false","true","3","2","1","255, 0, 0, 255","[{""Key"":{""str"":[0]},""Value"":{""$type"":""PMDC.Dungeon.TriggerUnderfootEvent, PMDC""}}]","[{""Key"":{""str"":[0]},""Value"":{""$type"":""PMDC.Dungeon.InvokeTrapEvent, PMDC"",""HitboxAction"":{""$type"":""RogueEssence.Dungeon.AreaAction, RogueEssence"",""Emitter"":{""$type"":""RogueEssence.Content.EmptyCircleSquareEmitter, RogueEssence"",""LocHeight"":0},""HitTiles"":true,""BurstTiles"":2,""HitArea"":0,""Range"":0,""Speed"":0,""CharAnimData"":{""$type"":""RogueEssence.Dungeon.CharAnimFrameType, RogueEssence"",""ActionType"":0},""TargetAlignments"":7,""TileEmitter"":{""$type"":""RogueEssence.Content.EmptyFiniteEmitter, RogueEssence"",""LocHeight"":0},""PreActions"":[],""ActionFX"":{""Delay"":0,""Sound"":"""",""Emitter"":{""$type"":""RogueEssence.Content.EmptyFiniteEmitter, RogueEssence"",""LocHeight"":0},""ScreenMovement"":{""MinShake"":0,""MaxShake"":0,""MaxShakeTime"":0}},""LagBehindTime"":0},""Explosion"":{""TargetAlignments"":7,""HitTiles"":true,""Range"":1,""Speed"":7,""TileEmitter"":{""$type"":""RogueEssence.Content.EmptyFiniteEmitter, RogueEssence"",""LocHeight"":0},""Emitter"":{""$type"":""RogueEssence.Content.CircleSquareAreaEmitter, RogueEssence"",""LocHeight"":0,""Anims"":[{""$type"":""RogueEssence.Content.StaticAnim, RogueEssence"",""Anim"":{""AnimIndex"":""Explosion"",""FrameTime"":3,""StartFrame"":-1,""EndFrame"":-1,""AnimDir"":-1,""Alpha"":255,""AnimFlip"":0},""TotalTime"":0,""Cycles"":1,""FrameOffset"":0}],""ParticlesPerTile"":0.7,""RangeDiff"":0,""Layer"":2},""IntroFX"":[],""ExplodeFX"":{""Delay"":0,""Sound"":""DUN_Self-Destruct"",""Emitter"":{""$type"":""RogueEssence.Content.EmptyFiniteEmitter, RogueEssence"",""LocHeight"":0},""ScreenMovement"":{""MinShake"":0,""MaxShake"":0,""MaxShakeTime"":0}}},""NewData"":{""Element"":""none"",""Category"":0,""HitRate"":-1,""SkillStates"":[],""BeforeTryActions"":[],""BeforeActions"":[],""OnActions"":[],""BeforeExplosions"":[],""BeforeHits"":[],""OnHits"":[{""Key"":{""str"":[-1]},""Value"":{""$type"":""PMDC.Dungeon.CutHPDamageEvent, PMDC""}}],""OnHitTiles"":[{""Key"":{""str"":[0]},""Value"":{""$type"":""PMDC.Dungeon.RemoveTrapEvent, PMDC""}},{""Key"":{""str"":[0]},""Value"":{""$type"":""PMDC.Dungeon.RemoveItemEvent, PMDC"",""BlockedByTerrain"":true}},{""Key"":{""str"":[0]},""Value"":{""$type"":""PMDC.Dungeon.RemoveTerrainEvent, PMDC"",""TileTypes"":[""wall""],""RemoveSound"":"""",""RemoveAnim"":{""$type"":""RogueEssence.Content.EmptyFiniteEmitter, RogueEssence"",""LocHeight"":0}}},{""Key"":{""str"":[0]},""Value"":{""$type"":""PMDC.Dungeon.RemoveTerrainEvent, PMDC"",""TileTypes"":[""grass""],""RemoveSound"":"""",""RemoveAnim"":{""$type"":""RogueEssence.Content.EmptyFiniteEmitter, RogueEssence"",""LocHeight"":0}}}],""AfterActions"":[],""ElementEffects"":[],""IntroFX"":[],""HitFX"":{""Delay"":0,""Sound"":"""",""Emitter"":{""$type"":""RogueEssence.Content.EmptyFiniteEmitter, RogueEssence"",""LocHeight"":0},""ScreenMovement"":{""MinShake"":0,""MaxShake"":0,""MaxShakeTime"":0}},""HitCharAction"":{""$type"":""RogueEssence.Dungeon.CharAnimProcess, RogueEssence"",""Process"":0}},""OneTime"":true}}]"
"trap_slow","0.6.1.0","RogueEssence.Data.TileData, RogueEssence","Slow Trap","Trampa Ralentí","야돈 스위치","Triggering this trap lowers the Movement Speed of nearby Pokémon by one level.","","true","","Trap_Slow","1","-1","-1","-1","255","0","false","true","3","2","1","255, 0, 0, 255","[{""Key"":{""str"":[0]},""Value"":{""$type"":""PMDC.Dungeon.TriggerUnderfootEvent, PMDC""}}]","[{""Key"":{""str"":[0]},""Value"":{""$type"":""PMDC.Dungeon.InvokeTrapEvent, PMDC"",""HitboxAction"":{""$type"":""RogueEssence.Dungeon.AreaAction, RogueEssence"",""Emitter"":{""$type"":""RogueEssence.Content.CircleSquareAreaEmitter, RogueEssence"",""LocHeight"":0,""Anims"":[{""$type"":""RogueEssence.Content.SingleEmitter, RogueEssence"",""LocHeight"":0,""finished"":false,""Offset"":0,""Anim"":{""$type"":""RogueEssence.Content.ColumnAnim, RogueEssence"",""Anim"":{""AnimIndex"":""Column_Pink"",""FrameTime"":3,""StartFrame"":-1,""EndFrame"":-1,""AnimDir"":-1,""Alpha"":192,""AnimFlip"":0},""TotalTime"":0,""Cycles"":1},""Layer"":2,""UseDest"":false}],""ParticlesPerTile"":0.8,""RangeDiff"":0,""Layer"":2},""HitTiles"":false,""BurstTiles"":0,""HitArea"":0,""Range"":1,""Speed"":10,""CharAnimData"":{""$type"":""RogueEssence.Dungeon.CharAnimFrameType, RogueEssence"",""ActionType"":0},""TargetAlignments"":7,""TileEmitter"":{""$type"":""RogueEssence.Content.EmptyFiniteEmitter, RogueEssence"",""LocHeight"":0},""PreActions"":[],""ActionFX"":{""Delay"":0,""Sound"":""DUN_Light_Screen"",""Emitter"":{""$type"":""RogueEssence.Content.EmptyFiniteEmitter, RogueEssence"",""LocHeight"":0},""ScreenMovement"":{""MinShake"":0,""MaxShake"":0,""MaxShakeTime"":0}},""LagBehindTime"":40},""Explosion"":{""TargetAlignments"":7,""HitTiles"":false,""Range"":0,""Speed"":0,""TileEmitter"":{""$type"":""RogueEssence.Content.EmptyFiniteEmitter, RogueEssence"",""LocHeight"":0},""Emitter"":{""$type"":""RogueEssence.Content.EmptyCircleSquareEmitter, RogueEssence"",""LocHeight"":0},""IntroFX"":[],""ExplodeFX"":{""Delay"":0,""Sound"":"""",""Emitter"":{""$type"":""RogueEssence.Content.EmptyFiniteEmitter, RogueEssence"",""LocHeight"":0},""ScreenMovement"":{""MinShake"":0,""MaxShake"":0,""MaxShakeTime"":0}}},""NewData"":{""Element"":""none"",""Category"":0,""HitRate"":-1,""SkillStates"":[],""BeforeTryActions"":[],""BeforeActions"":[],""OnActions"":[],""BeforeExplosions"":[],""BeforeHits"":[],""OnHits"":[{""Key"":{""str"":[0]},""Value"":{""$type"":""PMDC.Dungeon.StatusStackBattleEvent, PMDC"",""Stack"":-1,""StatusID"":""mod_speed"",""AffectTarget"":true,""SilentCheck"":false,""Anonymous"":true,""TriggerMsg"":{""Key"":null},""Anims"":[]}}],""OnHitTiles"":[],""AfterActions"":[],""ElementEffects"":[],""IntroFX"":[],""HitFX"":{""Delay"":0,""Sound"":"""",""Emitter"":{""$type"":""RogueEssence.Content.EmptyFiniteEmitter, RogueEssence"",""LocHeight"":0},""ScreenMovement"":{""MinShake"":0,""MaxShake"":0,""MaxShakeTime"":0}},""HitCharAction"":{""$type"":""RogueEssence.Dungeon.CharAnimProcess, RogueEssence"",""Process"":0}},""OneTime"":false}}]"
"trap_slumber","0.6.1.0","RogueEssence.Data.TileData, RogueEssence","Slumber Trap","Trampa Somnífera","잠듦 스위치","Triggering this trap releases a sleeping gas that puts all nearby Pokémon to sleep.","","true","","Trap_Slumber","1","-1","-1","-1","255","0","false","true","3","2","1","255, 0, 0, 255","[{""Key"":{""str"":[0]},""Value"":{""$type"":""PMDC.Dungeon.TriggerUnderfootEvent, PMDC""}}]","[{""Key"":{""str"":[0]},""Value"":{""$type"":""PMDC.Dungeon.InvokeTrapEvent, PMDC"",""HitboxAction"":{""$type"":""RogueEssence.Dungeon.AreaAction, RogueEssence"",""Emitter"":{""$type"":""RogueEssence.Content.CircleSquareAreaEmitter, RogueEssence"",""LocHeight"":0,""Anims"":[{""$type"":""RogueEssence.Content.StaticAnim, RogueEssence"",""Anim"":{""AnimIndex"":""Puff_Pink"",""FrameTime"":3,""StartFrame"":-1,""EndFrame"":-1,""AnimDir"":-1,""Alpha"":255,""AnimFlip"":0},""TotalTime"":0,""Cycles"":1,""FrameOffset"":0}],""ParticlesPerTile"":3,""RangeDiff"":0,""Layer"":2},""HitTiles"":false,""BurstTiles"":0,""HitArea"":0,""Range"":1,""Speed"":8,""CharAnimData"":{""$type"":""RogueEssence.Dungeon.CharAnimFrameType, RogueEssence"",""ActionType"":0},""TargetAlignments"":7,""TileEmitter"":{""$type"":""RogueEssence.Content.EmptyFiniteEmitter, RogueEssence"",""LocHeight"":0},""PreActions"":[],""ActionFX"":{""Delay"":0,""Sound"":""DUN_Summon_Trap_2"",""Emitter"":{""$type"":""RogueEssence.Content.EmptyFiniteEmitter, RogueEssence"",""LocHeight"":0},""ScreenMovement"":{""MinShake"":0,""MaxShake"":0,""MaxShakeTime"":0}},""LagBehindTime"":40},""Explosion"":{""TargetAlignments"":7,""HitTiles"":false,""Range"":0,""Speed"":0,""TileEmitter"":{""$type"":""RogueEssence.Content.EmptyFiniteEmitter, RogueEssence"",""LocHeight"":0},""Emitter"":{""$type"":""RogueEssence.Content.EmptyCircleSquareEmitter, RogueEssence"",""LocHeight"":0},""IntroFX"":[],""ExplodeFX"":{""Delay"":0,""Sound"":"""",""Emitter"":{""$type"":""RogueEssence.Content.EmptyFiniteEmitter, RogueEssence"",""LocHeight"":0},""ScreenMovement"":{""MinShake"":0,""MaxShake"":0,""MaxShakeTime"":0}}},""NewData"":{""Element"":""none"",""Category"":0,""HitRate"":-1,""SkillStates"":[],""BeforeTryActions"":[],""BeforeActions"":[],""OnActions"":[],""BeforeExplosions"":[],""BeforeHits"":[],""OnHits"":[{""Key"":{""str"":[0]},""Value"":{""$type"":""PMDC.Dungeon.StatusBattleEvent, PMDC"",""StatusID"":""sleep"",""AffectTarget"":true,""SilentCheck"":false,""Anonymous"":true,""TriggerMsg"":{""Key"":null},""Anims"":[]}}],""OnHitTiles"":[],""AfterActions"":[],""ElementEffects"":[],""IntroFX"":[],""HitFX"":{""Delay"":0,""Sound"":"""",""Emitter"":{""$type"":""RogueEssence.Content.EmptyFiniteEmitter, RogueEssence"",""LocHeight"":0},""ScreenMovement"":{""MinShake"":0,""MaxShake"":0,""MaxShakeTime"":0}},""HitCharAction"":{""$type"":""RogueEssence.Dungeon.CharAnimProcess, RogueEssence"",""Process"":0}},""OneTime"":true}}]"
"trap_spikes","0.6.1.0","RogueEssence.Data.TileData, RogueEssence","Spikes","Púas","가시가시 함정","Stepping on this trap damages the Pokémon standing on it.","","true","","Trap_Spikes","1","-1","-1","-1","255","0","false","true","3","2","1","255, 0, 0, 255","[{""Key"":{""str"":[0]},""Value"":{""$type"":""PMDC.Dungeon.TriggerUnderfootEvent, PMDC""}}]","[{""Key"":{""str"":[0]},""Value"":{""$type"":""PMDC.Dungeon.InvokeTrapEvent, PMDC"",""HitboxAction"":{""$type"":""RogueEssence.Dungeon.AreaAction, RogueEssence"",""Emitter"":{""$type"":""RogueEssence.Content.EmptyCircleSquareEmitter, RogueEssence"",""LocHeight"":0},""HitTiles"":false,""BurstTiles"":0,""HitArea"":0,""Range"":0,""Speed"":0,""CharAnimData"":{""$type"":""RogueEssence.Dungeon.CharAnimFrameType, RogueEssence"",""ActionType"":0},""TargetAlignments"":7,""TileEmitter"":{""$type"":""RogueEssence.Content.EmptyFiniteEmitter, RogueEssence"",""LocHeight"":0},""PreActions"":[],""ActionFX"":{""Delay"":0,""Sound"":"""",""Emitter"":{""$type"":""RogueEssence.Content.EmptyFiniteEmitter, RogueEssence"",""LocHeight"":0},""ScreenMovement"":{""MinShake"":0,""MaxShake"":0,""MaxShakeTime"":0}},""LagBehindTime"":0},""Explosion"":{""TargetAlignments"":7,""HitTiles"":false,""Range"":0,""Speed"":0,""TileEmitter"":{""$type"":""RogueEssence.Content.EmptyFiniteEmitter, RogueEssence"",""LocHeight"":0},""Emitter"":{""$type"":""RogueEssence.Content.EmptyCircleSquareEmitter, RogueEssence"",""LocHeight"":0},""IntroFX"":[],""ExplodeFX"":{""Delay"":0,""Sound"":"""",""Emitter"":{""$type"":""RogueEssence.Content.EmptyFiniteEmitter, RogueEssence"",""LocHeight"":0},""ScreenMovement"":{""MinShake"":0,""MaxShake"":0,""MaxShakeTime"":0}}},""NewData"":{""Element"":""none"",""Category"":0,""HitRate"":-1,""SkillStates"":[],""BeforeTryActions"":[],""BeforeActions"":[],""OnActions"":[],""BeforeExplosions"":[],""BeforeHits"":[],""OnHits"":[{""Key"":{""str"":[0]},""Value"":{""$type"":""PMDC.Dungeon.IndirectDamageEvent, PMDC"",""HPFraction"":8}}],""OnHitTiles"":[],""AfterActions"":[],""ElementEffects"":[],""IntroFX"":[],""HitFX"":{""Delay"":0,""Sound"":"""",""Emitter"":{""$type"":""RogueEssence.Content.EmptyFiniteEmitter, RogueEssence"",""LocHeight"":0},""ScreenMovement"":{""MinShake"":0,""MaxShake"":0,""MaxShakeTime"":0}},""HitCharAction"":{""$type"":""RogueEssence.Dungeon.CharAnimProcess, RogueEssence"",""Process"":0}},""OneTime"":true}}]"
"trap_spin","0.6.1.0","RogueEssence.Data.TileData, RogueEssence","Spin Trap","Trampa Rotatoria","빙글빙글 스위치","Triggering this trap spins all nearby Pokémon around dizzyingly, making them confused.","","true","","Trap_Spin","1","-1","-1","-1","255","0","false","true","3","2","1","255, 0, 0, 255","[{""Key"":{""str"":[0]},""Value"":{""$type"":""PMDC.Dungeon.TriggerUnderfootEvent, PMDC""}}]","[{""Key"":{""str"":[0]},""Value"":{""$type"":""PMDC.Dungeon.InvokeTrapEvent, PMDC"",""HitboxAction"":{""$type"":""RogueEssence.Dungeon.AreaAction, RogueEssence"",""Emitter"":{""$type"":""RogueEssence.Content.CircleSquareAreaEmitter, RogueEssence"",""LocHeight"":0,""Anims"":[{""$type"":""RogueEssence.Content.SingleEmitter, RogueEssence"",""LocHeight"":0,""finished"":false,""Offset"":0,""Anim"":{""$type"":""RogueEssence.Content.ColumnAnim, RogueEssence"",""Anim"":{""AnimIndex"":""Column_Blue"",""FrameTime"":3,""StartFrame"":-1,""EndFrame"":-1,""AnimDir"":-1,""Alpha"":192,""AnimFlip"":0},""TotalTime"":0,""Cycles"":1},""Layer"":2,""UseDest"":false},{""$type"":""RogueEssence.Content.SingleEmitter, RogueEssence"",""LocHeight"":0,""finished"":false,""Offset"":0,""Anim"":{""$type"":""RogueEssence.Content.ColumnAnim, RogueEssence"",""Anim"":{""AnimIndex"":""Column_Red"",""FrameTime"":3,""StartFrame"":-1,""EndFrame"":-1,""AnimDir"":-1,""Alpha"":192,""AnimFlip"":0},""TotalTime"":0,""Cycles"":1},""Layer"":2,""UseDest"":false}],""ParticlesPerTile"":0.8,""RangeDiff"":0,""Layer"":2},""HitTiles"":false,""BurstTiles"":0,""HitArea"":0,""Range"":1,""Speed"":10,""CharAnimData"":{""$type"":""RogueEssence.Dungeon.CharAnimFrameType, RogueEssence"",""ActionType"":0},""TargetAlignments"":7,""TileEmitter"":{""$type"":""RogueEssence.Content.EmptyFiniteEmitter, RogueEssence"",""LocHeight"":0},""PreActions"":[],""ActionFX"":{""Delay"":0,""Sound"":""DUN_Light_Screen"",""Emitter"":{""$type"":""RogueEssence.Content.EmptyFiniteEmitter, RogueEssence"",""LocHeight"":0},""ScreenMovement"":{""MinShake"":0,""MaxShake"":0,""MaxShakeTime"":0}},""LagBehindTime"":40},""Explosion"":{""TargetAlignments"":7,""HitTiles"":false,""Range"":0,""Speed"":0,""TileEmitter"":{""$type"":""RogueEssence.Content.EmptyFiniteEmitter, RogueEssence"",""LocHeight"":0},""Emitter"":{""$type"":""RogueEssence.Content.EmptyCircleSquareEmitter, RogueEssence"",""LocHeight"":0},""IntroFX"":[],""ExplodeFX"":{""Delay"":0,""Sound"":"""",""Emitter"":{""$type"":""RogueEssence.Content.EmptyFiniteEmitter, RogueEssence"",""LocHeight"":0},""ScreenMovement"":{""MinShake"":0,""MaxShake"":0,""MaxShakeTime"":0}}},""NewData"":{""Element"":""none"",""Category"":0,""HitRate"":-1,""SkillStates"":[],""BeforeTryActions"":[],""BeforeActions"":[],""OnActions"":[],""BeforeExplosions"":[],""BeforeHits"":[],""OnHits"":[{""Key"":{""str"":[0]},""Value"":{""$type"":""PMDC.Dungeon.StatusBattleEvent, PMDC"",""StatusID"":""confuse"",""AffectTarget"":true,""SilentCheck"":false,""Anonymous"":true,""TriggerMsg"":{""Key"":null},""Anims"":[]}}],""OnHitTiles"":[],""AfterActions"":[],""ElementEffects"":[],""IntroFX"":[],""HitFX"":{""Delay"":0,""Sound"":"""",""Emitter"":{""$type"":""RogueEssence.Content.EmptyFiniteEmitter, RogueEssence"",""LocHeight"":0},""ScreenMovement"":{""MinShake"":0,""MaxShake"":0,""MaxShakeTime"":0}},""HitCharAction"":{""$type"":""RogueEssence.Dungeon.CharAnimProcess, RogueEssence"",""Process"":0}},""OneTime"":false}}]"
"trap_stealth_rock","0.6.1.0","RogueEssence.Data.TileData, RogueEssence","Stealth Rock","Trampa Rocas","스텔스록","Stepping on this trap damages the Pokémon standing on it with a Rock-type attack.","","true","","Trap_Stealth_Rock","1","-1","-1","-1","255","0","false","true","3","2","1","255, 0, 0, 255","[{""Key"":{""str"":[0]},""Value"":{""$type"":""PMDC.Dungeon.TriggerUnderfootEvent, PMDC""}}]","[{""Key"":{""str"":[0]},""Value"":{""$type"":""PMDC.Dungeon.InvokeTrapEvent, PMDC"",""HitboxAction"":{""$type"":""RogueEssence.Dungeon.AreaAction, RogueEssence"",""Emitter"":{""$type"":""RogueEssence.Content.EmptyCircleSquareEmitter, RogueEssence"",""LocHeight"":0},""HitTiles"":false,""BurstTiles"":0,""HitArea"":0,""Range"":0,""Speed"":0,""CharAnimData"":{""$type"":""RogueEssence.Dungeon.CharAnimFrameType, RogueEssence"",""ActionType"":0},""TargetAlignments"":7,""TileEmitter"":{""$type"":""RogueEssence.Content.EmptyFiniteEmitter, RogueEssence"",""LocHeight"":0},""PreActions"":[],""ActionFX"":{""Delay"":0,""Sound"":""DUN_Hit_Neutral"",""Emitter"":{""$type"":""RogueEssence.Content.EmptyFiniteEmitter, RogueEssence"",""LocHeight"":0},""ScreenMovement"":{""MinShake"":0,""MaxShake"":0,""MaxShakeTime"":0}},""LagBehindTime"":0},""Explosion"":{""TargetAlignments"":7,""HitTiles"":false,""Range"":0,""Speed"":0,""TileEmitter"":{""$type"":""RogueEssence.Content.EmptyFiniteEmitter, RogueEssence"",""LocHeight"":0},""Emitter"":{""$type"":""RogueEssence.Content.EmptyCircleSquareEmitter, RogueEssence"",""LocHeight"":0},""IntroFX"":[],""ExplodeFX"":{""Delay"":0,""Sound"":"""",""Emitter"":{""$type"":""RogueEssence.Content.EmptyFiniteEmitter, RogueEssence"",""LocHeight"":0},""ScreenMovement"":{""MinShake"":0,""MaxShake"":0,""MaxShakeTime"":0}}},""NewData"":{""Element"":""none"",""Category"":0,""HitRate"":-1,""SkillStates"":[],""BeforeTryActions"":[],""BeforeActions"":[],""OnActions"":[],""BeforeExplosions"":[],""BeforeHits"":[],""OnHits"":[{""Key"":{""str"":[-1]},""Value"":{""$type"":""PMDC.Dungeon.IndirectElementDamageEvent, PMDC"",""Element"":""rock"",""HPFraction"":8}}],""OnHitTiles"":[],""AfterActions"":[],""ElementEffects"":[],""IntroFX"":[],""HitFX"":{""Delay"":0,""Sound"":"""",""Emitter"":{""$type"":""RogueEssence.Content.EmptyFiniteEmitter, RogueEssence"",""LocHeight"":0},""ScreenMovement"":{""MinShake"":0,""MaxShake"":0,""MaxShakeTime"":0}},""HitCharAction"":{""$type"":""RogueEssence.Dungeon.CharAnimProcess, RogueEssence"",""Process"":0}},""OneTime"":true}}]"
"trap_sticky","0.6.1.0","RogueEssence.Data.TileData, RogueEssence","Sticky Trap","Trampa Pegajosa","끈적끈적 스위치","Triggering this trap makes all nearby Pokémon immobilized. It will also cause items to become sticky.","","true","","Trap_Sticky","1","-1","-1","-1","255","0","false","true","3","2","1","255, 0, 0, 255","[{""Key"":{""str"":[0]},""Value"":{""$type"":""PMDC.Dungeon.TriggerUnderfootEvent, PMDC""}}]","[{""Key"":{""str"":[0]},""Value"":{""$type"":""PMDC.Dungeon.InvokeTrapEvent, PMDC"",""HitboxAction"":{""$type"":""RogueEssence.Dungeon.AreaAction, RogueEssence"",""Emitter"":{""$type"":""RogueEssence.Content.EmptyCircleSquareEmitter, RogueEssence"",""LocHeight"":0},""HitTiles"":false,""BurstTiles"":0,""HitArea"":0,""Range"":1,""Speed"":10,""CharAnimData"":{""$type"":""RogueEssence.Dungeon.CharAnimFrameType, RogueEssence"",""ActionType"":0},""TargetAlignments"":7,""TileEmitter"":{""$type"":""RogueEssence.Content.EmptyFiniteEmitter, RogueEssence"",""LocHeight"":0},""PreActions"":[],""ActionFX"":{""Delay"":0,""Sound"":""DUN_Sticky_Trap"",""Emitter"":{""$type"":""RogueEssence.Content.BetweenEmitter, RogueEssence"",""LocHeight"":0,""finished"":false,""AnimBack"":{""$type"":""RogueEssence.Content.StaticAnim, RogueEssence"",""Anim"":{""AnimIndex"":""Sticky_Green_Back"",""FrameTime"":3,""StartFrame"":-1,""EndFrame"":-1,""AnimDir"":-1,""Alpha"":255,""AnimFlip"":0},""TotalTime"":0,""Cycles"":1,""FrameOffset"":0},""AnimFront"":{""$type"":""RogueEssence.Content.StaticAnim, RogueEssence"",""Anim"":{""AnimIndex"":""Sticky_Green_Front"",""FrameTime"":3,""StartFrame"":-1,""EndFrame"":-1,""AnimDir"":-1,""Alpha"":255,""AnimFlip"":0},""TotalTime"":0,""Cycles"":1,""FrameOffset"":0},""HeightBack"":36,""HeightFront"":20,""Offset"":0},""ScreenMovement"":{""MinShake"":0,""MaxShake"":0,""MaxShakeTime"":0}},""LagBehindTime"":40},""Explosion"":{""TargetAlignments"":7,""HitTiles"":false,""Range"":0,""Speed"":0,""TileEmitter"":{""$type"":""RogueEssence.Content.EmptyFiniteEmitter, RogueEssence"",""LocHeight"":0},""Emitter"":{""$type"":""RogueEssence.Content.EmptyCircleSquareEmitter, RogueEssence"",""LocHeight"":0},""IntroFX"":[],""ExplodeFX"":{""Delay"":0,""Sound"":"""",""Emitter"":{""$type"":""RogueEssence.Content.EmptyFiniteEmitter, RogueEssence"",""LocHeight"":0},""ScreenMovement"":{""MinShake"":0,""MaxShake"":0,""MaxShakeTime"":0}}},""NewData"":{""Element"":""none"",""Category"":0,""HitRate"":-1,""SkillStates"":[],""BeforeTryActions"":[],""BeforeActions"":[],""OnActions"":[],""BeforeExplosions"":[],""BeforeHits"":[],""OnHits"":[{""Key"":{""str"":[0]},""Value"":{""$type"":""PMDC.Dungeon.SetItemStickyEvent, PMDC"",""Sticky"":true,""TopDown"":true,""HeldOnly"":false,""PriorityItem"":""seed_decoy"",""States"":[]}},{""Key"":{""str"":[0]},""Value"":{""$type"":""PMDC.Dungeon.StatusStateBattleEvent, PMDC"",""States"":[{""$type"":""RogueEssence.Dungeon.CountDownState, RogueEssence"",""Counter"":4}],""StatusID"":""immobilized"",""AffectTarget"":true,""SilentCheck"":false,""Anonymous"":true,""TriggerMsg"":{""Key"":null},""Anims"":[]}}],""OnHitTiles"":[],""AfterActions"":[],""ElementEffects"":[],""IntroFX"":[],""HitFX"":{""Delay"":0,""Sound"":"""",""Emitter"":{""$type"":""RogueEssence.Content.EmptyFiniteEmitter, RogueEssence"",""LocHeight"":0},""ScreenMovement"":{""MinShake"":0,""MaxShake"":0,""MaxShakeTime"":0}},""HitCharAction"":{""$type"":""RogueEssence.Dungeon.CharAnimProcess, RogueEssence"",""Process"":0}},""OneTime"":true}}]"
"trap_summon","0.6.1.0","RogueEssence.Data.TileData, RogueEssence","Summon Trap","Trampa Aromática","불러내기 스위치","Triggering this trap releases a sweet aroma that attracts Pokémon from afar.","","true","","Trap_Summon","1","-1","-1","-1","255","0","false","true","3","2","1","255, 0, 0, 255","[{""Key"":{""str"":[0]},""Value"":{""$type"":""PMDC.Dungeon.TriggerUnderfootEvent, PMDC""}}]","[{""Key"":{""str"":[0]},""Value"":{""$type"":""PMDC.Dungeon.InvokeTrapEvent, PMDC"",""HitboxAction"":{""$type"":""RogueEssence.Dungeon.AreaAction, RogueEssence"",""Emitter"":{""$type"":""RogueEssence.Content.CircleSquareAreaEmitter, RogueEssence"",""LocHeight"":0,""Anims"":[{""$type"":""RogueEssence.Content.StaticAnim, RogueEssence"",""Anim"":{""AnimIndex"":""Puff_Pink"",""FrameTime"":3,""StartFrame"":-1,""EndFrame"":-1,""AnimDir"":-1,""Alpha"":255,""AnimFlip"":0},""TotalTime"":0,""Cycles"":1,""FrameOffset"":0}],""ParticlesPerTile"":3,""RangeDiff"":8,""Layer"":2},""HitTiles"":true,""BurstTiles"":0,""HitArea"":0,""Range"":0,""Speed"":0,""CharAnimData"":{""$type"":""RogueEssence.Dungeon.CharAnimFrameType, RogueEssence"",""ActionType"":0},""TargetAlignments"":0,""TileEmitter"":{""$type"":""RogueEssence.Content.EmptyFiniteEmitter, RogueEssence"",""LocHeight"":0},""PreActions"":[],""ActionFX"":{""Delay"":20,""Sound"":""DUN_Pitfall_Trap"",""Emitter"":{""$type"":""RogueEssence.Content.EmptyFiniteEmitter, RogueEssence"",""LocHeight"":0},""ScreenMovement"":{""MinShake"":0,""MaxShake"":0,""MaxShakeTime"":0}},""LagBehindTime"":0},""Explosion"":{""TargetAlignments"":0,""HitTiles"":false,""Range"":0,""Speed"":0,""TileEmitter"":{""$type"":""RogueEssence.Content.EmptyFiniteEmitter, RogueEssence"",""LocHeight"":0},""Emitter"":{""$type"":""RogueEssence.Content.EmptyCircleSquareEmitter, RogueEssence"",""LocHeight"":0},""IntroFX"":[],""ExplodeFX"":{""Delay"":0,""Sound"":"""",""Emitter"":{""$type"":""RogueEssence.Content.EmptyFiniteEmitter, RogueEssence"",""LocHeight"":0},""ScreenMovement"":{""MinShake"":0,""MaxShake"":0,""MaxShakeTime"":0}}},""NewData"":{""Element"":""none"",""Category"":0,""HitRate"":-1,""SkillStates"":[],""BeforeTryActions"":[],""BeforeActions"":[],""OnActions"":[],""BeforeExplosions"":[],""BeforeHits"":[],""OnHits"":[],""OnHitTiles"":[{""Key"":{""str"":[0]},""Value"":{""$type"":""PMDC.Dungeon.WarpFoesToTileEvent, PMDC"",""Amount"":4}}],""AfterActions"":[],""ElementEffects"":[],""IntroFX"":[],""HitFX"":{""Delay"":0,""Sound"":"""",""Emitter"":{""$type"":""RogueEssence.Content.EmptyFiniteEmitter, RogueEssence"",""LocHeight"":0},""ScreenMovement"":{""MinShake"":0,""MaxShake"":0,""MaxShakeTime"":0}},""HitCharAction"":{""$type"":""RogueEssence.Dungeon.CharAnimProcess, RogueEssence"",""Process"":0}},""OneTime"":true}}]"
"trap_toxic_spikes","0.6.1.0","RogueEssence.Data.TileData, RogueEssence","Toxic Spikes","Púas Venenosas","독가시 함정","Stepping on this trap badly poisons the Pokémon standing on it.","","true","","Trap_Toxic_Spikes","1","-1","-1","-1","255","0","false","true","3","2","1","255, 0, 0, 255","[{""Key"":{""str"":[0]},""Value"":{""$type"":""PMDC.Dungeon.TriggerUnderfootEvent, PMDC""}}]","[{""Key"":{""str"":[0]},""Value"":{""$type"":""PMDC.Dungeon.InvokeTrapEvent, PMDC"",""HitboxAction"":{""$type"":""RogueEssence.Dungeon.AreaAction, RogueEssence"",""Emitter"":{""$type"":""RogueEssence.Content.EmptyCircleSquareEmitter, RogueEssence"",""LocHeight"":0},""HitTiles"":false,""BurstTiles"":0,""HitArea"":0,""Range"":0,""Speed"":0,""CharAnimData"":{""$type"":""RogueEssence.Dungeon.CharAnimFrameType, RogueEssence"",""ActionType"":0},""TargetAlignments"":7,""TileEmitter"":{""$type"":""RogueEssence.Content.EmptyFiniteEmitter, RogueEssence"",""LocHeight"":0},""PreActions"":[],""ActionFX"":{""Delay"":0,""Sound"":""DUN_Poison_Trap"",""Emitter"":{""$type"":""RogueEssence.Content.EmptyFiniteEmitter, RogueEssence"",""LocHeight"":0},""ScreenMovement"":{""MinShake"":0,""MaxShake"":0,""MaxShakeTime"":0}},""LagBehindTime"":0},""Explosion"":{""TargetAlignments"":7,""HitTiles"":false,""Range"":0,""Speed"":0,""TileEmitter"":{""$type"":""RogueEssence.Content.EmptyFiniteEmitter, RogueEssence"",""LocHeight"":0},""Emitter"":{""$type"":""RogueEssence.Content.EmptyCircleSquareEmitter, RogueEssence"",""LocHeight"":0},""IntroFX"":[],""ExplodeFX"":{""Delay"":0,""Sound"":"""",""Emitter"":{""$type"":""RogueEssence.Content.EmptyFiniteEmitter, RogueEssence"",""LocHeight"":0},""ScreenMovement"":{""MinShake"":0,""MaxShake"":0,""MaxShakeTime"":0}}},""NewData"":{""Element"":""none"",""Category"":0,""HitRate"":-1,""SkillStates"":[],""BeforeTryActions"":[],""BeforeActions"":[],""OnActions"":[],""BeforeExplosions"":[],""BeforeHits"":[],""OnHits"":[{""Key"":{""str"":[0]},""Value"":{""$type"":""PMDC.Dungeon.StatusBattleEvent, PMDC"",""StatusID"":""poison_toxic"",""AffectTarget"":true,""SilentCheck"":false,""Anonymous"":true,""TriggerMsg"":{""Key"":null},""Anims"":[]}}],""OnHitTiles"":[],""AfterActions"":[],""ElementEffects"":[],""IntroFX"":[],""HitFX"":{""Delay"":0,""Sound"":"""",""Emitter"":{""$type"":""RogueEssence.Content.EmptyFiniteEmitter, RogueEssence"",""LocHeight"":0},""ScreenMovement"":{""MinShake"":0,""MaxShake"":0,""MaxShakeTime"":0}},""HitCharAction"":{""$type"":""RogueEssence.Dungeon.CharAnimProcess, RogueEssence"",""Process"":0}},""OneTime"":true}}]"
"trap_trigger","0.6.1.0","RogueEssence.Data.TileData, RogueEssence","Trigger Trap","Trampa Disparador","작동 스위치","Triggering this trap sets off all other traps in the area.","","true","","Trap_Random","1","-1","-1","-1","255","0","false","true","3","2","1","255, 0, 0, 255","[{""Key"":{""str"":[0]},""Value"":{""$type"":""PMDC.Dungeon.TriggerUnderfootEvent, PMDC""}}]","[{""Key"":{""str"":[0]},""Value"":{""$type"":""PMDC.Dungeon.InvokeTrapEvent, PMDC"",""HitboxAction"":{""$type"":""RogueEssence.Dungeon.AreaAction, RogueEssence"",""Emitter"":{""$type"":""RogueEssence.Content.EmptyCircleSquareEmitter, RogueEssence"",""LocHeight"":0},""HitTiles"":true,""BurstTiles"":0,""HitArea"":0,""Range"":5,""Speed"":10,""CharAnimData"":{""$type"":""RogueEssence.Dungeon.CharAnimFrameType, RogueEssence"",""ActionType"":0},""TargetAlignments"":0,""TileEmitter"":{""$type"":""RogueEssence.Content.EmptyFiniteEmitter, RogueEssence"",""LocHeight"":0},""PreActions"":[],""ActionFX"":{""Delay"":0,""Sound"":""DUN_Trapbust_Orb"",""Emitter"":{""$type"":""RogueEssence.Content.EmptyFiniteEmitter, RogueEssence"",""LocHeight"":0},""ScreenMovement"":{""MinShake"":0,""MaxShake"":6,""MaxShakeTime"":30}},""LagBehindTime"":0},""Explosion"":{""TargetAlignments"":0,""HitTiles"":false,""Range"":0,""Speed"":0,""TileEmitter"":{""$type"":""RogueEssence.Content.EmptyFiniteEmitter, RogueEssence"",""LocHeight"":0},""Emitter"":{""$type"":""RogueEssence.Content.EmptyCircleSquareEmitter, RogueEssence"",""LocHeight"":0},""IntroFX"":[],""ExplodeFX"":{""Delay"":0,""Sound"":"""",""Emitter"":{""$type"":""RogueEssence.Content.EmptyFiniteEmitter, RogueEssence"",""LocHeight"":0},""ScreenMovement"":{""MinShake"":0,""MaxShake"":0,""MaxShakeTime"":0}}},""NewData"":{""Element"":""none"",""Category"":0,""HitRate"":-1,""SkillStates"":[],""BeforeTryActions"":[],""BeforeActions"":[],""OnActions"":[],""BeforeExplosions"":[],""BeforeHits"":[],""OnHits"":[],""OnHitTiles"":[{""Key"":{""str"":[0]},""Value"":{""$type"":""PMDC.Dungeon.TriggerTrapEvent, PMDC""}}],""AfterActions"":[],""ElementEffects"":[],""IntroFX"":[],""HitFX"":{""Delay"":0,""Sound"":"""",""Emitter"":{""$type"":""RogueEssence.Content.EmptyFiniteEmitter, RogueEssence"",""LocHeight"":0},""ScreenMovement"":{""MinShake"":0,""MaxShake"":0,""MaxShakeTime"":0}},""HitCharAction"":{""$type"":""RogueEssence.Dungeon.CharAnimProcess, RogueEssence"",""Process"":0}},""OneTime"":true}}]"
"trap_trip","0.6.1.0","RogueEssence.Data.TileData, RogueEssence","Trip Trap","Trampa Tropezón","발걸기 함정","Triggering this trap causes nearby Pokémon to trip and drop their items.","","true","","Trap_Trip","1","-1","-1","-1","255","0","false","true","3","2","1","255, 0, 0, 255","[{""Key"":{""str"":[0]},""Value"":{""$type"":""PMDC.Dungeon.TriggerUnderfootEvent, PMDC""}}]","[{""Key"":{""str"":[0]},""Value"":{""$type"":""PMDC.Dungeon.InvokeTrapEvent, PMDC"",""HitboxAction"":{""$type"":""RogueEssence.Dungeon.AreaAction, RogueEssence"",""Emitter"":{""$type"":""RogueEssence.Content.EmptyCircleSquareEmitter, RogueEssence"",""LocHeight"":0},""HitTiles"":false,""BurstTiles"":0,""HitArea"":0,""Range"":1,""Speed"":10,""CharAnimData"":{""$type"":""RogueEssence.Dungeon.CharAnimFrameType, RogueEssence"",""ActionType"":0},""TargetAlignments"":7,""TileEmitter"":{""$type"":""RogueEssence.Content.EmptyFiniteEmitter, RogueEssence"",""LocHeight"":0},""PreActions"":[],""ActionFX"":{""Delay"":0,""Sound"":""DUN_Trapbust_Orb"",""Emitter"":{""$type"":""RogueEssence.Content.EmptyFiniteEmitter, RogueEssence"",""LocHeight"":0},""ScreenMovement"":{""MinShake"":0,""MaxShake"":6,""MaxShakeTime"":30}},""LagBehindTime"":0},""Explosion"":{""TargetAlignments"":7,""HitTiles"":false,""Range"":0,""Speed"":0,""TileEmitter"":{""$type"":""RogueEssence.Content.EmptyFiniteEmitter, RogueEssence"",""LocHeight"":0},""Emitter"":{""$type"":""RogueEssence.Content.EmptyCircleSquareEmitter, RogueEssence"",""LocHeight"":0},""IntroFX"":[],""ExplodeFX"":{""Delay"":0,""Sound"":"""",""Emitter"":{""$type"":""RogueEssence.Content.EmptyFiniteEmitter, RogueEssence"",""LocHeight"":0},""ScreenMovement"":{""MinShake"":0,""MaxShake"":0,""MaxShakeTime"":0}}},""NewData"":{""Element"":""none"",""Category"":0,""HitRate"":-1,""SkillStates"":[],""BeforeTryActions"":[],""BeforeActions"":[],""OnActions"":[],""BeforeExplosions"":[],""BeforeHits"":[],""OnHits"":[{""Key"":{""str"":[0]},""Value"":{""$type"":""PMDC.Dungeon.DropItemEvent, PMDC"",""Message"":{""Key"":null},""SilentCheck"":false,""TopDown"":false,""HeldOnly"":false,""PriorityItem"":""seed_decoy"",""States"":[]}}],""OnHitTiles"":[],""AfterActions"":[],""ElementEffects"":[],""IntroFX"":[],""HitFX"":{""Delay"":0,""Sound"":"""",""Emitter"":{""$type"":""RogueEssence.Content.EmptyFiniteEmitter, RogueEssence"",""LocHeight"":0},""ScreenMovement"":{""MinShake"":0,""MaxShake"":0,""MaxShakeTime"":0}},""HitCharAction"":{""$type"":""RogueEssence.Dungeon.CharAnimFrameType, RogueEssence"",""ActionType"":4}},""OneTime"":false}}]"
"trap_warp","0.6.1.0","RogueEssence.Data.TileData, RogueEssence","Warp Trap","Teletrampa","워프 스위치","Triggering this trap instantly warps the Pokémon to another spot on the floor.","","true","","Trap_Warp","1","-1","-1","-1","255","0","false","true","3","2","1","255, 0, 0, 255","[{""Key"":{""str"":[0]},""Value"":{""$type"":""PMDC.Dungeon.TriggerUnderfootEvent, PMDC""}}]","[{""Key"":{""str"":[0]},""Value"":{""$type"":""PMDC.Dungeon.InvokeTrapEvent, PMDC"",""HitboxAction"":{""$type"":""RogueEssence.Dungeon.SelfAction, RogueEssence"",""CharAnimData"":{""$type"":""RogueEssence.Dungeon.CharAnimFrameType, RogueEssence"",""ActionType"":0},""TargetAlignments"":1,""TileEmitter"":{""$type"":""RogueEssence.Content.EmptyFiniteEmitter, RogueEssence"",""LocHeight"":0},""PreActions"":[],""ActionFX"":{""Delay"":0,""Sound"":"""",""Emitter"":{""$type"":""RogueEssence.Content.EmptyFiniteEmitter, RogueEssence"",""LocHeight"":0},""ScreenMovement"":{""MinShake"":0,""MaxShake"":0,""MaxShakeTime"":0}},""LagBehindTime"":0},""Explosion"":{""TargetAlignments"":1,""HitTiles"":false,""Range"":0,""Speed"":0,""TileEmitter"":{""$type"":""RogueEssence.Content.EmptyFiniteEmitter, RogueEssence"",""LocHeight"":0},""Emitter"":{""$type"":""RogueEssence.Content.EmptyCircleSquareEmitter, RogueEssence"",""LocHeight"":0},""IntroFX"":[],""ExplodeFX"":{""Delay"":0,""Sound"":"""",""Emitter"":{""$type"":""RogueEssence.Content.EmptyFiniteEmitter, RogueEssence"",""LocHeight"":0},""ScreenMovement"":{""MinShake"":0,""MaxShake"":0,""MaxShakeTime"":0}}},""NewData"":{""Element"":""none"",""Category"":0,""HitRate"":-1,""SkillStates"":[],""BeforeTryActions"":[],""BeforeActions"":[],""OnActions"":[],""BeforeExplosions"":[],""BeforeHits"":[],""OnHits"":[{""Key"":{""str"":[0]},""Value"":{""$type"":""PMDC.Dungeon.RandomWarpEvent, PMDC"",""Distance"":50,""AffectTarget"":true,""TriggerMsg"":{""Key"":null}}}],""OnHitTiles"":[],""AfterActions"":[],""ElementEffects"":[],""IntroFX"":[],""HitFX"":{""Delay"":0,""Sound"":""DUN_Eyedrop"",""Emitter"":{""$type"":""RogueEssence.Content.EmptyFiniteEmitter, RogueEssence"",""LocHeight"":0},""ScreenMovement"":{""MinShake"":0,""MaxShake"":0,""MaxShakeTime"":0}},""HitCharAction"":{""$type"":""RogueEssence.Dungeon.CharAnimProcess, RogueEssence"",""Process"":0}},""OneTime"":false}}]"
"area_script","0.6.1.0","RogueEssence.Data.TileData, RogueEssence","Script Trigger","","","","{}","true","","","1","-1","-1","-1","255","0","false","false","0","0","0","0, 0, 0, 0","[{""Key"":{""str"":[0]},""Value"":{""$type"":""PMDC.Dungeon.TriggerUnderfootEvent, PMDC""}}]","[{""Key"":{""str"":[0]},""Value"":{""$type"":""PMDC.Dungeon.SingleCharStateScriptEvent, PMDC""}}]"
"area_shop","0.6.1.0","RogueEssence.Data.TileData, RogueEssence","Shop Tile","Baldosa Tienda","","","{}","true","","Tile_Shop","1","-1","-1","-1","255","0","false","false","0","0","0","0, 0, 0, 0","[]","[]"
"chest_empty","0.6.1.0","RogueEssence.Data.TileData, RogueEssence","Empty Chest","Cofre Vacío","빈 상자","","{}","true","","Chest_Open","1","-1","-1","-1","255","0","true","true","5","4","1","255, 0, 0, 255","[]","[]"
"chest_full","0.6.1.0","RogueEssence.Data.TileData, RogueEssence","Treasure Chest","Cofre del Tesoro","보물상자","","{}","true","","Chest","1","-1","-1","-1","255","0","true","true","6","4","1","0, 255, 255, 255","[{""Key"":{""str"":[0]},""Value"":{""$type"":""PMDC.Dungeon.AskUnlockEvent, PMDC""}}]","[{""Key"":{""str"":[0]},""Value"":{""$type"":""PMDC.Dungeon.ChestEvent, PMDC""}}]"
"none","0.6.1.0","RogueEssence.Data.TileData, RogueEssence","None","Ninguno","효과없음","This tile has no effect.","","true","","Trap_Hidden","1","-1","-1","-1","255","0","false","false","0","2","0","255, 0, 0, 255","[]","[]"
"sealed_block","0.6.1.0","RogueEssence.Data.TileData, RogueEssence","Sealed Block","Bloque Sellado","봉인된블럭","","{}","true","","Block_Blank","1","-1","-1","-1","255","0","true","true","5","4","1","255, 0, 0, 255","[]","[]"
