[Species]	[Gender]	[Name]	[Surname]	[ID]	[Birthday]	[Birthplace]	[Job]	[Orientation]	[Role]	[Pose]	[Height/Length (cm)]	[Weight/Mass (Kg)]	[Penis/Vulva Max Size (cm)]	[Font Color]	[English/Japanese Voice]	[Characteristic]	[MBTI]	[Loves]	[Hates]	[Description]	[HP]	[AT]	[DF]	[SA]	[SD]	[SP]	[Level]	[Type]	[Hidden Power]	[Nature]	[Items]	[Moves]	[Finisher]	[Ability]	[Rare Quality]	[Enlightenment]	[Strength]	[Weakness]	[Connections]
Absol	Female	Yonaka	Fubuki	P92871755	23/12/2003	WOD, Japan, Kansai, Johto	Cipher and Shadow Pokemon Researcher	Hetero	Sub	Bottom	115	40	38	Zapfino #0e13f6	Caitlinn Glass/Megumi Sato	Quick to flee	INFP	Leppa berries, Ice Types, Foxes	Shadows, Cipher, Arguments	Deep sapphire eyes, blue skin, snow white fur	50	144	50	70	50	100	96	Dark	Ice	Docile	Carubyncle: Red gem slotted in her scythe, grants eternal youth. ~ Wisp Pendant: Necklace crafted by Storm Fall, automatically turns Shinkage off ~ Falheria's Light: Bracelet that turns off a foe Shadow going in Reverse mode. Has a Madonna - Frozen musicbox built in.	Night Slash: (70/AT/Dark) +1 Crit Chance ~ Swords Dance: (Normal) +2 AT ~ Obstruction: (Parry/Dark) -1 DF to foe if hit ~ Play Rough: (90/AT/Fairy) 10% Chance -1 AT to foe	Absolute Zero: (170/AT/Ice) Uses foe's SD, always Freezes	Justified: +1 AT if hit by Dark move	Emotion: Team is immune to Insane, Confusion and Flinching	Shinkage: Turn Shadow type, moves purify Shadow types instead of damaging them. Moves can hit wrong target, but Shinkage can be turned off by calling Yon's name.	Immense attack, and the ability to boost it quickly, gives Yon a Deoxys-like sweeping potential.	Glass cannon, Megaevolution is VERY unstable due to Shinkage	Boyfriend: Averly Lamanna ~ Trainer: Niko Harmonia ~ Daughter: Kouri Fubuki
Absol	Male			H36905921	14/10/1989																								Bug	Naive	Absolite: Triggers Megaevolution				Riled Up: Boosts AT and SA once when hit by an enemy.	Megaevolution: Form Change Enlightenment			
Arceus	Unknown			P26732843	02/07/1987																								Ice	Naughty	Azure Flute: Triggers Omni ~ Arceusium Z: Turns Judgement into Divine Retribution during Omni ~ Rainbow Plate: Allows Arceus to change into any type	Judgement:	Thousand Arms (Normal) Bypass, 10 turn charge, OHKO's all foes		Evasive Rhythm: The team can dodge multi hit attacks much easier.	Omni: Form Change Enlightenment			
Aron Lairon Aggron	Male			H52586810	17/09/1982																								Ghost	Hardy	Aggronite: Triggers Megaevolution ~ Hard Stone: Boosts Rock moves ~ Rockium Z: Turns a Rock move into Continental Crush				Enlightened: Teammates can use Enlightenments immediately.	Megaevolution: Form Change Enlightenment			
Audino	Female	Jen		H52586810	20/01/2003																								Electric	Gentle	Audinite: Triggers Megaevolution ~ Heal Powder: Heals Status Conditions	Secret Power: (70/AT/Normal) Effect changes from terrain			Notorious Restoration: Items restore more HP and Belly.	Megaevolution: Form Change Enlightenment			
Axew Fraxure Haxorus	Male	Senpu	Tengoku	P87181652	26/04/2001	WOL, Mist Continent	Tengoku Commander	Hetero	Dom	Top	204	125	76	Angelized #f2174a	Sean Chiplock/Shintaro Asanuma	Quick tempered	ISTJ	Metallurgy, Flags, Post Town	His Tusks, Being Challenged, Focus Sashes		75	150	90	60	70	96	66	Dragon	Steel	Naughty	Hope Cape: Enhanced Reunion Cape that allows teleportation ~ Vexillum Pack: Holds Flags ~ Adventure Backpack: Allows Teams to hold more than 3 items	Swords Dance: (Normal) +2 AT ~ Outrage (120/AT/Dragon) Lasts 2-3 turns, Confuses user ~ Earthquake: (100/AT/Ground) 2X Damage on digging foes ~ Poison Jab: (80/AT/Poison) 30% Poison Chance	Thor Axe (200/AT/Steel) 2X damage on digging foes	Mold Breaker: Moves ignore abilities	Forge a Path: Consumes Belly to break down walls.	Chaaarge!: Team Attacks are replaced with Charge: Devastating, but might miss.	Excellent Wallbreaker with serious coverage.	Priority Revenge sweepers cripple him hard.	Friends: Dairou Tengoku, Tsutami Tengoku, Susanoo Tengoku ~ Rival: Nezumi Tengoku
Blitzle Zebstrika	Male			P80954556	11/12/1989																								Normal	Bold	Volt Saddle: +1 SP if held by Zebstrika				Notorious Healing: The rate at which HP restores naturally is sped up. 	None			
Buizel Floatzel	Female			P74501165	26/02/2004																								Dragon	Timid	Carubyncle: Red gem slotted in her forehead, grants eternal youth.				Shared Happiness: If a teammate's status condition is healed, it also heals the whole team's status conditions.	None			
Buizel Floatzel	Male			P13395065	23/05/1985			Bi																					Ice	Impish	Seal Case: Holds Seals				Squeeze Out: The whole team can squeeze extra PP once per battle.	None			
Bulbasaur Ivysaur Venusaur	Female			P75434977	31/05/1973																								Ghost	Bashful	Grassium Z: Turns a Grass move into Bloom Doom				Mind Over Matter: Wonder tiles restore a bit of HP and heal status conditions.	Megaevolution: Form Change Enlightenment			
Buneary Lopunny	Female			P54934769	11/04/1977										Jessica Straus/Eri Kitamura														Fairy	Impish	Ride Pager: Allows calling for Ride teams or Couriers	Return			Food Finder: Tiny Apples spawn much more often.	Megaevolution: Form Change Enlightenment			
Buzzwole	Unknown			P98432349	14/01/2000																								Grass	Naive	Buginium Z: Turns a Bug move into Savage Spinout ~ Macho Brace: Maxes out Ev's and Iv's in exchange of Speed				Evasive Rhythm: The team can dodge multi hit attacks much easier.	None			
Celebi	Female			P22189436	06/07/1991																								Ghost	Sassy	Power Seed (43): Allows changing a move's type to user's Hidden Power				Funnel Fun: Corridors restore HP faster.	None			
Charmander Charmeleon Charizard	Female			P98361684	29/07/1981																								Dragon	Naughty	Firium Z: Turns a Fire move into Inferno Overdrive				Wary Walk: The whole Team is immune to traps.	Megaevolution: Form Change Enlightenment			
Chatot	Male			P71964340	22/08/1996																								Ground	Serious	Music Box: Stores Songs	Confide			Friendly: Foes have a chance of temporarily fighting for the team. Doesn't boost recruit chance.	None			
Chespin Quilladin Chesnaught	Male			P44331636	21/08/1999																								Grass	Naughty	Ammo Belt: Holds Throwing Items				Strike Back: If anyone in the team is attacked from behind, the foe's AT and SA is lowered.	None			
Chikorita Bayleef Meganium	Female			P21751527	01/07/1986																								Poison	Hasty	Evergreen Leaf: +30% Power of healing moves				Squad Up: The bigger the team, the easier it becomes to recruit Pokemon.	None			
Chimchar Monferno Infernape	Male			P76148546	09/12/1996																								Dark	Naughty	Double Edge Knuckles: Fighting moves do 2X damage, but have 33% recoil				Link Boost: The power of linked moves is boosted.	None			
Cobalion	Male			P11317376	17/01/2008																								Ghost	Modest	Savior Cape: +1 DF and SD for each teammate wearing a Savior Cape	Sacred Sword			Narrow Focus: Moves used in corridors will never miss. 	None			
Conkeldurr	Male			P41145933	13/06/1996																								Water	Timid	Lagging Tail: Holder moves last				Riled Up: Boosts AT and SA once when hit by an enemy.	None			
Cranidos Rampardos	Male			P69719590	20/09/1973																								Dragon	Timid	Treasure Helmet: Can smash open Treasure Boxes				Recoil Boost: Moves that recoil do 2X damage.	None			
Cresselia	Female			P74332662	17/07/1973																								Ice	Calm	Lunar Wing: If held by Cresselia, Lunar Dance leaves 1 HP instead of fainting	Lunar Dance			Small Stomach: Anyone in the team can fill up their belly with any food.	None			
Cubone Marowak (Alola)	Male			H86300610	09/07/2008																								Psychic	Rash	Thick Club: 2X AT when held by Marowak ~ Amber Tear (12): Guarantees one recruit	Shadow Bone ~ Knock Off ~ Fling: (???/AT/Dark) Damage and effect depends on held item	None		Brawl: Teammates get a bit stronger when there are many foes.	None			
Cubone Marowak	Female	Awan	Eden	P52431933	25/10/1986	WOL, Air Continent	Eden Enforcer	Hetero	Dom	Top	99	44	23	Dutch #cebc7c	Chisa Suganuma/Ayumi Fujimura	Highly persistant	INTJ	Parents, Elderly, Her Skull	Children, Morse Code, Curses		60	88	110	50	80	44	75	Ground	Normal	Lax	Glory Band: Enhanced Twist Band that prevents all stats from lowering. ~ Cubonium Z: Turns Bonemerang into Mother's Help ~ Rescue Toolbox: Allows Teams to hold more than 3 items	Bonemerang (50/AT/Ground) Hits 2 times, bypasses Flying type ~ Bone Club (65/AT/Ground) 10% Flinch Chance ~ Bone Rush (25/AT/Ground) Hits 2-5 times ~ Stone Edge (100/AT/Rock) +1 Crit Chance	None	Rock Head: Immune to recoil	Small Stomach: Anyone in the team can fill up their belly with any food.	None	With Trick Room, can bludgeon foes pretty hard	Requires a lengthy setup to bring out her potential	Friends: Adam Eden, Eve Eden
Cutiefly Ribombee	Female			H86300610	13/03/1979																								Electric	Bold	Tiny Scarf: +1 EV				Shared Happiness: If a teammate's status condition is healed, it also heals the whole team's status conditions.	None			
Cyndaquil Quilava Typhlosion	Female	Matilde	Quemar	H60259177	28/11/1990	WOD, Germany, Rhineland, Nürburg	Haruna Fujisancho Bodyguard	Hetero	Switch	Bottom	184	96	88	Queasy #b71221	Jessica Madsen/Chie Nakamura	Quick tempered	ISTP	NGGGAAAAAAAHHH!!!	AAAAAGGGHHH!!!!	Black and red instead of yellow and navy, pale white eyes	78	184	78	109	85	100	85	Fire Dark	Fighting	Hardy	Iron Ball: Halves speed, heavy damage when thrown.	Eruption: (150/SA/Fire) Lower HP decreases power ~ Brightest Lariat: (50/AT/Dark) Hits 2 times, ignores stat changes ~ Heat Crash: (100/AT/Fire) Damage increased if foe is lighter ~ Fling: (?/AT/Dark) Damage and effect depends on held item	TKO: (444/AT/Dark) 1 turn charge	Flash Rainbow: If hit by (Type), boosts (Type) moves.	Brawl: Teammates get a bit stronger when there are many foes.	None	Powerful Dark type moves with STAB, and a horrifyingly strong finisher.	Not effective in teams, low bulk.	Crush: Dairou Tengoku ~ Friends: Nirvana Moksha, Cefca Pagliaccio, Flaros Overfield
Cyndaquil Quilava Typhlosion	Male			P35467529	17/04/1999																								Ground	Lonely	Flame Orb: Burns holder				Common Quality: Each teammate gets a second tiny Rare Quality that's randomized in each floor.	None			
Darkrai	Female			P26967253	21/01/1984																								Grass	Impish	Black Cloak: If held by Darkrai, Dark Void never misses	Dark Void			Blast Control: Damage the team takes from explosions is reduced. 	None			
Darumaka Darmanitan	Male			H38424255	02/05/2002																								Fire	Bashful	Absorb Bulb (): +1 SA if hit by Water Type moves ~ Luminous Moss: +1 SD if hit by Water Type Moves	Belly Drum			Notorious Fasting: The team won't take damage from hunger, but will still be unable to heal.	Zen: Form Change Enlightenment			
Deerling Sawsbuck	Female			P41328163	28/09/2000																								Bug	Timid	White Flute: Increases wild encounters				Strike Back: If anyone in the team is attacked from behind, the foe's AT and SA is lowered.	Season Leaves: Form Change Enlightenment			
Deerling Sawsbuck	Male			P25601295	08/08/2003																								Normal	Calm	Black Flute: Decreases wild encounters	Horn Leech			Leave Half: A Big Apple, Perfect Apple, Max Elixir, or Reviver Seed leave behind an Apple, Max Ether, or Tiny Reviver Seed when used. 	Season Leaves: Form Change Enlightenment			
Deino Zweilous Hydreigon	Male			P91112010	27/06/1996																								Ice	Calm	Dragon Fang: Boosts Dragon moves ~ Dragonium Z: Turns a Dragon move into Devastating Drake				Steamroll: Ignores types and abilities lowering a move's damage.	None			
Deoxys	Unknown			P33281711	28/01/2001																								Grass	Quiet	Deoxium Z: Turns Psycho Boost into Ethereal Meteor Storm	Psycho Boost			Army Of Two: If there's only one teammate, that teammate gets a big stat boost.	Meteor Forms: Form Change Enlightenment			
Dialga	Female	Kongouseki	Izanami	P13670491	??/??/????	WOL, Mystery Continent	Dimension Guard Leader	Hetero	Dom	Bottom	533	678	142	Encode Sans #51c7d9	Janice Kawaye/Shiho Kawaragi	Often lost in thought	ENTJ	Loyalty, Time Gears, Glaceons	Red Chains, Primal Reversion, Clocks		100	120	120	150	100	88	96	Steel Dragon	Bug	Adamant	Adamant Orb: Boosts Dragon and Steel type moves if held by a Dialga, grants Primal Reversion	Roar Of Time: (150/SA/Dragon) 1 Turn Recharge ~ Metal Burst (Parry/Steel) Returns 50% extra damage ~ Giga Impact (150/AT/Normal) 1 Turn Recharge ~ Dragon Breath: (60/SA/Dragon) 30% Paralysis Chance	Gravity Curvature: (190/SA/Dragon) -3 SP to all foes	Pressure: Foes use 2X PP	Mind Over Matter: Wonder tiles restore a bit of HP and heal status conditions.	Primal Reversion: Form Change Enlightenment	Disorients and cripples foes that rely on speed.	Ground types can shrug off her most powerful blows.	Brother: Shinju Izanagi ~ Friend: Samael Amphithere
Ditto	Non Binary			P30697571	24/12/1980																								Bug	Hardy	Metal Powder: +1 DF and SD if held by Ditto	Transform			Thrown Item Boost: Items thrown from the team are uncatchable and do increased damage.	None			
Dratini Dragonair Dragonite	Female			P23897958	14/07/1990																								Dark	Adamant	Carubyncle: Red gem slotted in her tail, grants eternal youth.				Small Stomach: Anyone in the team can fill up their belly with any food.	None			
Dratini Dragonair Dragonite	Male			H78817525	08/05/1992																								Ground	Impish	Adrenaline Orb: If hit by -1 AT, gives +1 SP	Outrage			Mind Over Matter: Wonder tiles restore a bit of HP and heal status conditions.	None			
Drillbur Excadrill	Male			P18597762	31/03/1970																								Psychic	Quiet	Soft Sand: Boosts Ground moves				Lonely Courage: When a Pokémon has no nearby teammates, it gets very strong.	None			
Drowzee Hypno	Male			H92574152	20/03/1995																								Fighting	Gentle	Hollow Coin: Psychic moves never miss				Tight Formation: The more team members, the lower the damage from wide-ranging moves.	None			
Druddigon	Male			H61458922	25/05/2008																								Normal	Impish	Expert Belt: Powers up super effective moves.				Rapid Bull's Eyes: Moves that hit multiple times will never miss. 	None			
Ducklett Swanna	Female			P63796728	02/06/1977																								Fairy	Calm	Fresh Bag: Holds Food				Bargain: Items can be bought at a lower price from shops in dungeons. 	None			
Duskull Dusclops Dusknoir	Male			P89844420	09/01/1976																								Steel	Relaxed	Reaper Cloth: +1 EV if held by Dusknoir				Rapid Bull's Eyes: Moves that hit multiple times will never miss. 	None			
Eevee Espeon	Female	Ai	Nonaka	P27789559	27/05/1997	WOL, Mist Continent	Magnagate Scientist	Hetero	Sub	Bottom	86	26	31	Mercury #e07be9	Kikuko Inoue/Ai Nonaka	Mischievous	ISTP	Studying, Eating, Lewding	Not Studying, Not Eating, Not Lewding	Eyes and inner ears are magenta instead of blue.	65	65	65	130	110	90	56	Psychic	Fairy	Lonely	Entercards (14): Summon long-range dungeons from ley lines using 4 cards. ~ Psychium Z: Turns a Psychic move into Shattered Psyche	Dazzling Gleam (80/SA/Psychic) Hits all foes ~ Calm Mind (Psychic) +1 SA and SD ~ Heal Bell (Normal) Heals team from status conditions ~ Noon Sun (Normal) Heals 100% HP at midday, 0% HP at midnight	Ragnarok: (300/SA/Psychic) 1 turn charge, causes Confusion.	Magic Bounce: Reflects status moves	Leap Ahead: Pokemon behind the leader can leap ahead, use a short range move, and hop back behind in one turn.	None	Great at long range support and healing, can flee with Entercards.	Without team and items, helpless.	Husband: Kosuke Toriumi
Eevee Espeon	Male			P73140339	04/07/1981																								Fire	Careful	Shiny Charm: Attracts Shiny Pokemon ~ Cologne Case: Holds Purifying Scents				Food Finder: Tiny Apples spawn much more often.	None			
Eevee Flareon	Female			P42750223	22/10/2005																								Fairy	Lax	Choice Band: +1 AT, but can only use one move				Shared Happiness: If a teammate's status condition is healed, it also heals the whole team's status conditions.	None			
Eevee Flareon	Male			P36183570	25/04/2006																								Psychic	Careful	Wide Lens: +1 AC				Squad Up: The bigger the team, the easier it becomes to recruit Pokemon.	None			
Eevee Glaceon	Female			P64607539	07/09/1979																								Steel	Adamant	Nevermelt Ice: Boosts Ice moves				Thrown Item Boost: Items thrown from the team are uncatchable and do increased damage.	None			
Eevee Glaceon	Male			P57046130	31/03/1991																								Flying	Bold	Icium Z: Turns an Ice move into Subzero Slammer				Friendly: Foes have a chance of temporarily fighting for the team. Doesn't boost recruit chance.	None			
Eevee Jolteon	Female	Remi	Toriumi	P65749259	02/08/1998	WOL, Mist Continent	Magnagate Tester	Hetero	Sub	Bottom	84	23	29	Polytone #d6c027	Jeannie Tirado/Michiyo Murase	Impetuous and silly	ESFJ	Kosuke, Kosuke, Kosuke	Other Umbreons, Espeons, Sylveons		65	65	65	110	90	130	11	Electric	Fire	Rash	Kosuke Plush: A Kosuke Plush.	Yawn (Normal) Causes Sleep after 1 turn ~ Volt Switch: (70/SA/Electric) Switches with teammate ~ Thunderbolt (90/SA/Electric) 10% Paralysis Chance ~ Hidden Power (???/60/SA)	None	Volt Absorb: Heals when hit by Electric moves	Leap Ahead: Pokemon behind the leader can leap ahead, use a short range move, and hop back behind in one turn.	None	Can sleep, paralyze, damage, and switch out in just 2 turns.	Her frailness makes that strategy less effective.	Brother: Kosuke Toriumi
Eevee Jolteon	Male	Zeus		P57416540	24/05/2003																								Psychic	Sassy	Magnet: Boosts Electric moves				Forge a Path: Consumes Belly to break down walls.	None			
Eevee Leafeon	Female			P51669987	06/02/2007																								Fairy	Careful	Shiny Leaf: Makes Humans friendly ~ Wailmer Pail: Waters berries				Unyelding Bravery: Teammates can revive once per day without using items.	None			
Eevee Leafeon	Male			P12038964	20/07/1982																								Ground	Careful	Zoom Lens: +2 Crit Chance if holder moves last				PP Siphon: Drains PP from an enemy.	None			
Eevee Sylveon	Female	Lyra	Chronos	P74872117	20/05/1986	WOL, Grass Continent	Chronos Vice-Leader	Hetero	Sub	Bottom	88	20	40	Rialto Ste'd #f731f0	Ryan Bartley/Wakana Minami	Strong willed	ENFP	Guilds, Exploration, Treasures	Outlaws, Fainting, Monster Houses		90	65	65	110	130	65	74	Fairy	Fighting	Gentle	United Scarf: Enhanced Coalition Scarf that boosts team attacks. ~ Aura Bow: Changes color based on holder's aura, +1 AT, SA, DF, SD. ~ Treasure Bag: Allows Teams to hold more than 3 items	Wish: (Normal) Restores 50% HP to weakest of the team ~ Hyper Voice (90/SA/Normal) ~ Echoed Voice (40/SA/Normal) Power increases with each use ~ Charm (Fairy) -2 AT to foe	Star Shield (100/SA/Normal) Requires Star Sword in same turn, +3 DF and SD	Cute Charm: 30% Infatuation chance on contact	Army Of Two: If there's only one teammate, that teammate gets a big stat boost.	Grand Finale: Can use multiple Finishers. If a teammate uses a Finisher, it becomes a Team Attack.	Incredible Cleric that buffs and heals, while also a great Bard with her voice moves turning Fairy type	Crippled hard by Steel types and stage hazards.	Husband: Vega Chronos ~ Friends: Sirius Chronos, Betelgeuse Chronos
Eevee Sylveon	Male			P71382850	09/11/1995			Homo																					Ghost	Relaxed	Pink Tail: Boost Fairy moves ~ Eevium Z: Turns Last Resort into Extreme Evoboost ~ Fairium Z: Turns a Fairy move into Twinkle Tackle				Notorious Healing: The rate at which HP restores naturally is sped up. 	None	Two Z-moves.		
Eevee Umbreon	Female			P81209830	22/08/1990																								Ice	Serious	Toxic Orb: Inflicts Badly Poisoned on holder ~ Time Flute: Purifies a Pokemon				XP Boost: Grants additional XP to the team when a foe is defeated.	None			
Eevee Umbreon	Male	Kosuke	Toriumi	P55876207	30/09/1995	WOL, Mist Continent	Magnagate Scientist	Bi	Dom	Top	111	29	30	Polymer #353535	Tom Bauer/Kosuke Toriumi	Strongly defiant	INTP	Magnagates, Terraforming, Mythology	Emeras, Looplets, "Elitists"	Red eyes with blue pupils,, black fur instead of navy.	65	65	65	110	130	90	59	Dark	Poison	Bold	Entercards (19): Summon long-range dungeons from ley lines using 4 cards. ~ Darkinium Z: Turns a Dark move into Black Hole Eclipse	Foul Play: (95/AT/Dark) Uses foe's AT instead of user's ~ Toxic (Poison) Badly Poisons foe ~ Assurance (60/AT/Dark) 2X power if foe has been hurt in the same turn ~ New Moon (Normal) Heals 0% HP at midday, 100% HP at midnight	Yamidakunai: (190/AT/Dark) +1 Priority	Magin Sync: Reflects status conditions	Leap Ahead: Pokemon behind the leader can leap ahead, use a short range move, and hop back behind in one turn.	None	Leaves foes intoxicated and hurt for the team to finish, and moves to the next.	Without team and items, helpless.	Wife: Ai Nonaka ~ Sister: Remi Toriumi
Eevee Vaporeon	Female			P80713401	18/11/1974																								Fairy	Lonely	Shell Bell: All damage drains 10% HP				Brawl: Teammates get a bit stronger when there are many foes.	None			
Eevee Vaporeon	Male			P70267200	31/05/1978																								Flying	Quiet	Destiny Knot: Reflects Infatuation				Sales Pitch: The team can sell items at higher price.	None			
Ekans Arbok	Male			P97774062	12/04/1983																								Ice	Mild	Grip Claw: Trap moves last longer ~ Poison Barb: Boosts Poison moves	Glare			Notorious Fasting: The team won't take damage from hunger, but will still be unable to heal.	None			
Emolga	Female			H13306547	15/11/1993																								Poison	Quiet	Magnet: Boosts Electric moves	Volt switch			Brawl: Teammates get a bit stronger when there are many foes.	None			
Emolga	Male			P72336600	11/06/1972																								Grass	Mild	Carubyncle: Red gem slotted in his belly, grants eternal youth.	Volt Switch			XP Boost: Grants additional XP to the team when a foe is defeated.	None			
Fennekin Braixen Delphox	Female			P78212224	15/09/2009										Skyler Davenport/Hitomi Ueda														Grass	Rash	Curve Band: Can redirect thrown items in mid air ~ Fashion Case: Stores Accessories				Squad Up: The bigger the team, the easier it becomes to recruit Pokemon.	None			
Fletchling Fletchinder Talonflame	Female			P49844071	29/08/1979																								Dark	Relaxed	Carubyncle: Red gem slotted in her beak, grants eternal youth. 				Narrow Focus: Moves used in corridors will never miss. 	None			
Fomantis Lurantis	Female			H16172888	28/11/2006																								Ground	Calm	Green Tea: Prevents self-inflicted statuses	Solar Blade			Wary Walk: The whole Team is immune to traps.	None			
Froakie Frogadier Greninja	Male			P25289480	21/11/1981																								Ghost	Modest	Dodge Scarf: Dodges thrown items ~ Pierce Band: Thrown items go through walls and Pokemon	Mat Block ~ Water Shuriken ~ Fog Bomb			Wary Walk: The whole Team is immune to traps.	None			
Furfrou	Female			P33542125	19/04/1989																								Dark	Lonely	Travel Trunk: Holds Outfits				Long Range Rescue: The team can rescue a Pokemon just by being in the same floor.	None			
Gastly Haunter Gengar	Male			H89989104	01/09/1974																								Fire	Modest	Black Sludge: Restores HP to Ghost types, damages others ~ Ghostium Z: Turns a Ghost move into Never Ending Nightmare ~ Spell Tag: Boosts Ghost moves	Night Shade			Rapid Bull's Eyes: Moves that hit multiple times will never miss. 	Megaevolution: Form Change Enlightenment			
Genesect	Male	Sid	Tensei	H37534090	08/02/1953	WOD, USA, Texas, Houston	Unknown	Hetero	Dom	Top	228	156	???	Xanadu #5e3b71	Andrew Russel/Kouji Ishii	Thoroughly cunning	INFJ	Money, Technology, War	Pacifism, Pokemon, Heroes		70	120	100	120	100	100	88	Bug Fighting Steel	Poison	Impish	Mugen Turbocharger: A gene splicer that exponentially increases a Mugen Gene's power. ~ Network Drive: Can turn into any Drive in exchange of 1 level. ~ Silver Powder: Boosts Bug moves	Techno Blast (120/SA/Normal) Type changes from held Drive ~ Iron Head (80/AT/Steel) 30% Flinch chance ~ Drain Punch (75/AT/Fighting) Drains 50% HP ~ Explosion (250/AT/Normal) User faints	Orbital Cannon (200/SA/Steel) Flies up 1 turn, never misses	Download: +1 AT or SA based on foe's stats	Riled Up: Boosts AT and SA once when hit by an enemy.	Silicon Gene: 2X EV	Mugen Gene master, harnesses the power of Humanity to strike down the most powerful Pokemon around with ease.	Insane and similar debuffs can check him when he's alone, and he often is.	Rival: Codd Branford
Gible Gabite Garchomp	Male	Hankari	Park	P33695810	31/07/1996	WOD, South Korea, Ulsan, Bongtaesan	Retired Nuricom League Champion	Hetero	Dom	Top	202	107	73	Duvall #44359c	Kirk Thornton/Ken Uo	Proud of its power	ISTJ	Fighting, Trainers, Ribbons	Draco Meteors, Metas, Tanking		110	130	95	80	85	100	90	Dragon Ground	Ground	Jolly	Garchompite: Grants Megaevolution ~ Groundium Z: Turns a Ground move into Tectonic Rage	Earthquake: (100/AT/Ground) 2X damage on digging foes ~ Dragon Claw (80/AT/Dragon) ~ Rock Slide (75/AT/Rock) 30% Flinch chance ~ Protect (Parry/Normal) Blocks all moves	Bogsuu (300/AT/Dragon) Fails if teammates haven't been hit before this move	Rough Skin: Hurts on contact	Steamroll: Ignores types and abilities lowering a move's damage.	Megaevolution: Form Change Enlightenment	Monstrous revenge sweeper, hurting his teammates is often a horrible idea.	Ice types can do insane damage to him... Unless Jeongi is nearby.	Girlfriend: Jeongi Park ~ Trainer: Sejun Park
Giratina	Male	Samael	Amphithere	P35779100	??/??/????	WOL, Mystery Continent	Dimension Guard Leader	Hetero	Dom	Top	703	694	139	Corben #cb1c1b	Bob Carter/Junichi Suwabe	Often scatters things	ENTP	Team Chronos, Distortion World, Sneks	Unknown		170	95	115	95	115	90	98	Ghost Dragon	Dark	Serious	Griseous Orb: Boosts Dragon and Ghost type moves if held by a Giratina, grants Origin Form. ~ Red Chain: Grants Immunity to Judgement	Shadow Force: (120/AT/Ghost) 1 turn invisibility, breaks Protect ~ Hex (65/SA/Ghost) 2X damage if user has a status condition ~ Defog (Flying) Removes weather and field hazards ~ Dragon Pulse (85/SA/Dragon)	Eternal Obscurity (200/SA/Ghost) Causes Insane	Telepathy: Immune to friendly fire	Mind Over Matter: Wonder tiles restore a bit of HP and heal status conditions.	Origin Form: Form Change Enlightenment	The ability to switch from Wall to Wallbreaker in seconds makes him a force to be reckoned with.	Unless your team has a Fairy.	Friends: Shinju Izanagi, Kongouseki Izanami
Golett Golurk	Male			H16795075	15/12/1982																								Steel	Docile	Cleanse Tag: Decreases wild encounters				Tight Formation: The more team members, the lower the damage from wide-ranging moves.	None			
Goomy Sliggoo Goodra	Male			P27590845	15/05/1993																								Fairy	Docile	Fickle Ribbon: +1 Crit, but holder cannot use same move twice				XP Boost: Grants additional XP to the team when a foe is defeated.	None			
Groudon	Male	Behemoth	Mikado	P99770697	??/??/????	WOL, Mystery Continent	Weather Guard Leader	Hetero	Switch	Top	354	996	75	Souvenir #f65439	Phillip Reich/Yoshikazu Nagano	Likes to trash about	ESTP	Unknown	Unknown		100	150	140	100	90	90	91	Ground	Rock	Docile	Red Orb: Grants Primal Reversion ~ Terra Cymbal: +1 AT and SP when held by Groudon	Precipice Blades (125/AT/Ground) ~ Rock Tomb (60/AT/Rock) -1 SP to foe ~ Lava Plume (80/SA/Fire) 30% Burn chance ~ Eruption: (150/SA/Fire) Lower HP decreases power	Volcanic Storm (400/AT/Fire Ground Rock) 1 turn charge, three types at once	Drought: Triggers Sunny Day	Small Stomach: Anyone in the team can fill up their belly with any food.	Primal Reversion: Form Change Enlightenment	A Primal Groudon using Volcanic Storm is probably the last thing you will see.	Rayquaza and other Flying type sweepers.	"Bruh": Leviathan Mikado ~ Rival: Ziz Mikado
Gurdurr	Male			P27363654	14/10/1983																								Flying	Bold	Lagging Tail: Holder moves last				Small Stomach: Anyone in the team can fill up their belly with any food.	None			
Heatmor	Male			H80823390	18/04/1981																								Psychic	Hasty	Flame Siphon: Fire Lash does 2X damage	Fire Lash			Funnel Fun: Corridors restore HP faster.	None			
Helioptile Heliolisk	Male			P20869029	18/10/1991																								Fairy	Jolly	Flashbox: Takes Pictures ~ Album: Stores Pictures	Electrify			Talent Boost: Teammates's Rare Qualities are boosted.	None			
Ho-Oh	Female	Fenhuang	Estrus	P13225966	??/??/????	WOL, Mystery Continent	Sky Guard Leader	Bi	Sub	Bottom	320	144	115	Kyma #f69b16	Cindy Robinson/Miyuki Sawashiro	Somewhat vain	ESFJ	Lugias, Meganiums, Sex	Shadows, Cipher, Ho-Ohs		110	130	95	110	155	90	92	Fire Flying	Poison	Hasty	Gold Erhu: Triggers War Haze when played. ~ Sacred Ash (23): Can only be used by Ho-Oh and Lugia, fully Revives Pokemon ~ Clear Bell: +50% HP if held by Ho-Oh	Sacred Fire (100/AT/Fire) 50% Burn chance ~ Recover (Normal) Heals 50% HP ~ Defog (Flying) Removes weather and field hazards ~ Brave Bird (130/AT/Flying) 33% Recoil	Phoenix Shine (Fire) Requires War Haze, fully revives user if fainted	Regenerator: Heals 33% HP when switching out	Notorious Restoration: Items restore more HP and Belly.	War Haze: +1 AT and SA every turn	Don't expect to be able to leave her wounded while focusing on something else, she recovers in seconds.	Can't handle too much pressure.	Brother: Ryuujin Estrus
Igglybuff Jigglypuff Wigglytuff	Male			P81438841	15/01/1991																								Water	Modest	Heart Scale (22): Temporarily turns one foe friendly ~ 	Sing ~ Rest ~ Sleep Talk ~ 			Blast Control: Damage the team takes from explosions is reduced. 	None			
Jangmo-o Hakamo-o Kommo-o	Male			P63665378	16/01/1984																								Fire	Brave	Kommonium Z: Turns Clanging Scales into Clangorous Soulblaze	Clanging Scales ~ Clangorous Soul			Narrow Focus: Moves used in corridors will never miss. 	None			
Jirachi	Female			P95478305	27/02/2009																								Fighting	Modest	Jirachium Z: Turns Doom Desire into Shining Shooting Star	Doom Desire			Thrown Item Boost: Items thrown from the team are uncatchable and do increased damage.	Nitrogen Gene: 2X AC			
Joltik Galvantula	Male			P13722937	12/08/1977																								Steel	Timid	Bright Powder: Lowers foe's AC	Electroweb			Squad Up: The bigger the team, the easier it becomes to recruit Pokemon.	None			
Joltik Galvantula	Female			P63046529	11/08/2006																								Ice	Bashful	Air Balloon: Immunity to Ground type moves, pops if hit	Electroweb			Bargain: Items can be bought at a lower price from shops in dungeons. 	None			
Kartana	Unknown			P84265650	23/03/1971																								Steel	Impish	Ring Target: Holder loses type immunities				Squeeze Out: The whole team can squeeze extra PP once per battle.	None			
Keldeo	Male	Lewis	Kelpie	H52656156	11/01/2007	WOD, UK, Scotland, Edinburgh	Swords Of Justice Leader	Bi	Sub	Top	137	42	60	Helvetica Neue #6de7e9	Landon McDonald/Atsushi Abe	Highly curious	ENFJ	Pokemon, Tengoku, Swords Of Justice	Tensei, Fainting, Sleeping		91	71	91	131	91	111	99	Water Fighting	Fairy	Naive	Savior Cape: +1 DF and SD for each teammate wearing a Savior Cape ~ Justice Emblem: Allows the holder to perform Team Attacks when alone, by summoning another Pokemon's spirit. ~ Resokelium Z: Turns Secret Sword into Buster Sword	Sacred Sword (90/AT/Fighting) Ignores stat changes ~ Secret Sword (85/SA/Fighting) Uses foe's DF instead of SD ~ Scald (80/SA/Water) 30% Burn chance ~ Hydro Pump (110/SA/Water)	One For All (Fighting) Doubles power of moves with Sword in the name	Justified: +1 AT if hit by Dark move	Funnel Fun: Corridors restore HP faster.	Resolution: Form Change Enlightenment	Unstoppable with other Swords Of Justice, Dark types don't have any chance against him.	Copying what he does seems to throw him off hard.	Crush: Mocha Otonanou
Kyogre	Male	Leviathan	Mikado	P11020341	??/??/????	WOL, Mystery Continent	Weather Guard Leader	Hetero	Dom	Top	488	360	87	Classica #0935c8	Peter Beckman/Kenta Miyake	Very finicky	ESTP	Unknown	Unknown		100	100	90	150	140	90	91	Water	Ice	Quirky	Blue Orb: Grants Primal Reversion ~ Aqua Monica: +1 SA and SP when held by Kyogre	Origin Pulse (110/SA/Water) ~ Liquidation (85/AT/Water) 20% chance -1 DF to foe ~ Ice Beam (90/SA/Ice) 10% Freeze chance ~ Water Spout (150/SA/Water) Lower HP Decreases Power	Torrential Flood (400/SA/Water Electric Ice) 1 turn charge, three types at once	Drizzle: Triggers Rain Dance	Small Stomach: Anyone in the team can fill up their belly with any food.	Primal Reversion: Form Change Enlightenment	A Primal Kyogre using Torrential Flood is probably the last thing you will see.	Rayquaza and other Flying type sweepers.	"Broo": Behemoth Mikado ~ Rival: Ziz Mikado
Kyurem	Unknown	Wuji	Zettairedo	P87437405	??/??/????	WOL, Mystery Continent	Mystery Continent Dungeon Keeper	Unknown	Unknown	Unknown	301	324	132	Bodoni #8db8dd	Dave Fennoy/Mitsuru Ogata	Likes to trash about	INFJ	Unknown	Unknown		130	135	90	130	90	95	99	Dragon Ice	Dragon	Brave	DNA Splicer: A wedge that can fuse a Kyurem with a Reshiram or a Zekrom. ~ God Stone: Reverts Kyurem to God Orb, making it unable to move, but immune to damage	Glaciate (65/SA/Ice) -1 SP to foe ~ Scary Face (Normal) -2 SP to foe ~ Ice Beam (90/SA/Ice) 10% Freeze chance ~ Roost (Flying) Heals 50% HP, removes Levitate	Frozen Blood (Ice) 50% OHKO chance	Pressure: Foes use 2X PP	Lonely Courage: When a Pokémon has no nearby teammates, it gets very strong.	Fusion: Form Change Enlightenment	If fused with a Reshiram or Zekrom, Wuji becomes a black hole of heroics, you will freeze both in body and spirit.	Splicing him apart usually gets him destroyed by said Reshiram or Zekrom.	Rivals: Shiro Ryuumouto, Kuro Ryuuniki
Lapras	Female			P27328982	05/08/1970																								Normal	Calm	Float Stone: Halves weight of holder				Bargain: Items can be bought at a lower price from shops in dungeons. 	None			
Larvesta Volcarona	Female			P67755572	01/10/1981																								Grass	Jolly	Destiny Knot: Reflects Infatuation	Fiery Dance (kirbu?)			Blast Control: Damage the team takes from explosions is reduced. 	None			
Larvitar Pupitar Tyranitar	Male			P72793150	06/03/2004																								Water	Rash	Tyranitarite: Triggers Megaevolution				Thrown Item Boost: Items thrown from the team are uncatchable and do increased damage.	Megaevolution: Form Change Enlightenment			
Latias	Female	Floras	Overfield	H15067769	15/06/2000	WOD, Italy, Lombardy, Monza	Unknown	Bi	Sub	Bottom	129	33	64	Onryu #ebbe1d	Lisa Ortiz/Kazuna Sayaka	Impetuous and silly	INFP	Nothing: Generated AI	Nothing: Generated AI		70	90	100	110	130	150	12	Dragon Psychic Fire	Flying	Bashful	Roselily: A parting gift. Grants Immunity to Insane ~ Latiasite: Grants Megaevolution ~ Latiosite: Grants Megaevolution	Calm Mind (Psychic) +1 SA and SD ~ Mist Ball (70/SA/Psychic) 50% Chance -1 SA to foe ~ Stored Power (20/SA/Psychic) +20 with each stat boost ~ Roost (Flying) Heals 50% HP, removes Levitate	Burnout (200/SA/Fire) Burns user, foes, and even teammates	Levitate: Immune to Ground Type	PP Siphon: Drains PP from an enemy.	Megaevolution: Form Change Enlightenment	Would have been unstoppable with any Latios as teammate...	...If she ever existed.	Boyfriend: Flaros Overfield
Latios	Male	Flaros	Overfield	H95287268	09/09/1998	WOD, Italy, Lombardy, Pavia	Haruna Fujisancho Administrator	Bi	Dom	Top	211	64	66	Hakidame #1100f5	Steven Ogg/Take Tora	Alert to sounds	INTP	Friends, Affection, Games	Himself, Himself, Himself		70	100	90	130	110	150	14	Dragon Psychic Fire	Flying	Docile	Soul Dew: Boosts Dragon and Psychic moves if held by Latias or Latios ~ Eon Flute: +2 SP if held by Latias or Latios ~ Enigma Stone: +50% HP if held by Latias or Latios	Calm Mind (Psychic) +1 SA and SD ~ Luster Purge (70/SA/Psychic) 50% Chance -1 SD to foe ~ Stored Power (20/SA/Psychic) +20 with each stat boost ~ Roost (Flying) Heals 50% HP, removes Levitate	Burnout (200/SA/Fire) Burns user, foes, and even teammates	Levitate: Immune to Ground Type	PP Siphon: Drains PP from an enemy.	Megaevolution: Form Change Enlightenment	Would have been unstoppable with any Latias as teammate...	...If he wasn't completely mindbroken.	Lie: Floras Overfield ~ Trainer: Jiyu Einni ~ Friends: Matilde Quemar, Nirvana Moksha, Cefca Pagliaccio
Lillipup Herdier Stoutland	Male			P11155524	05/02/1993																								Fairy	Naughty	Normalium Z: Turns a Normal move into Breakneck Blitz ~ Silk Scarf: Boosts Normal moves				Evasive Rhythm: The team can dodge multi hit attacks much easier.	None			
Litten Torracat Incineroar	Female			P40573995	11/01/2007																								Rock	Naughty	Incinium Z: Turns Darkest Lariat into Malicious Moonsault	Darkest Lariat			Link Boost: The power of linked moves is boosted.	None			
Litwick Lampent Chandelure	Male			H13132009	20/11/1979																								Electric	Careful	Glass Case: Grants Immunity to Water type				Forge a Path: Consumes Belly to break down walls.	None			
Lugia	Male	Ryuujin	Estrus	P22204428	??/??/????	WOL, Mystery Continent	Ocean Guard Leader	Bi	Dom	Top	600	341	204	Criticized #a8bde2	Christopher Bevins/Toru Okawa	Somewhat stubborn	ESFP	Ho-Ohs, Typhlosions, Sex	Shadows, Cipher, Lugias		105	90	130	90	155	110	92	Psychic Flying	Poison	Naive	Silver Koto: Triggers War Mist when played. ~ Sacred Ash (23): Can only be used by Ho-Oh and Lugia, fully Revives Pokemon ~ Tidal Bell: +50% HP if held by Lugia	Aeroblast (100/SA/Flying) +1 Crit chance ~ Roost (Flying) Heals 50% HP, removes Levitate ~ Dragon Tail (60/AT/Dragon) Forces foe to switch places ~ Psychic (90/SA/Psychic) 10% chance -1 SD to foe	Whale Darkness (Water) Requires War Mist, removes and blocks all healing, reviving, and buffs	Multiscale: -50% damage at full HP	Notorious Fasting: The team won't take damage from hunger, but will still be unable to heal.	War Mist: +1 DF and SD every turn	Makes you wonder how it is possible you feel less bulky around him.	Once you figure out his tricks, they're easy to avoid.	Sister: Fenhuang Estrus
Lunala	Female	Peahina	Houkuu	P33139627	??/??/????	WOL, Mystery Continent	Ultra Wormhole Guard Leader	Hetero	Sub	Bottom	395	117	100	Sabor #6434c4	Xanthe Huynh/Ai Kayano	Thoroughly cunning	ISFJ	Kyogres, Necrozmas, Nights	Solgaleos, Space, Ultra Beasts		137	117	87	137	107	97	96	Psychic Ghost Ice	Dark	Rash	N-Solarizer: A machine to separate a Necrozma from a Solgaleo. ~ Lunalium Z: Turns Moongeist Beam into Menacing Moonraze Maelstrom ~ Moon Flute: +2 SP if held by Lunala	Moongeist Beam (100/SA/Ghost) Ignores abilities ~ Psyshock (80/SA/Psychic) Uses foe's DF instead of SD ~ Calm Mind (Psychic) +1 SA and SD ~ Moonblast (95/SA/Fairy) 30% chance -1 SA to foe	Lunar Eclipse (Psychic) Requires Solar Eclipse in same turn, Heals 50% HP per turn	Shadow Shield: -50% damage at full HP	Collective Strike: All teammates have the same speed stat as the fastest teammate.	Full Moon: Form Change Enlightenment	Very powerful moveset, can easily ignore her subpar typing.	Could do better with a Solgaleo teammate, which she hates.	Brother: Lailona Houkuu ~ Friend: Cavum Nirum
Mareep Flaaffy Ampharos	Male			P92037653	24/09/1985																								Electric	Hardy	Ampharosite: Triggers Megaevolution ~ Connection Orb: Scans a Pokemon's connections ~ Golden Looplet: Holds Emeras				Tight Formation: The more team members, the lower the damage from wide-ranging moves.	Megaevolution: Form Change Enlightenment			
Mareep Flaaffy Ampharos	Female			H58051660	14/05/1972																								Ground	Docile	Ampharosite: Triggers Megaevolution ~ Choice Ribbon: +1 Crit, but can only choose one move ~ Secret Potion (3): Can only be used by Ampharos, fully Revives Pokemon				Friendly: Foes have a chance of temporarily fighting for the team. Doesn't boost recruit chance.	Megaevolution: Form Change Enlightenment			
Marshadow	Male	Jake	Northstar	P96433531	26/01/2006	WOD, USA, Illinois, Chicago	Martial Arts Training Chief	Unknown	Sub	Bottom	60	22	???	Samdan #262c29	Zach Galiflanakis/Takehito Koyasu	Likes to run	ISTP	Nuricom Alliance, Fighting, Anime	Ghost Types, Fighting Types, Normal Types		90	120	90	90	90	120	100	Fighting Ghost	Electric	Lonely	Life Orb: Drains HP to power up moves. ~ Black Belt: Boosts Fighting Moves ~ Marshadium Z: Turns Spectral Thief into Soul Stealing 7 Star Strike	Spectral Thief (90/AT/Ghost) Steals foe's boosts ~ Close Combat (120/AT/Fighting) -1 SD ~ Shadow Sneak (40/AT/Ghost) +1 Priority ~ Phantom Hand (Ghost) Foe can't move the next turn	Rending Fists (50/AT/Ghost) Hits ? times, causes Flinching	Technician: Moves below 60 power do 50% extra damage	PP Siphon: Drains PP from an enemy.	Zenith: Form Change Enlightenment	Powerful alone, powerful in a team, trained by Codd to be a fantastic martial artist, passing down the art of leading to aspiring explorers.	Not the best reaction times, and kinda frail.	Mentor: Codd Branford ~ Friend: Zephyr Edda
Mawile	Female			P96487310	26/10/1998																								Water	Sassy	Mawilite: Triggers Megaevolution				Squeeze Out: The whole team can squeeze extra PP once per battle.	Megaevolution: Form Change Enlightenment			
Meditite Medicham	Female			P14564578	28/01/2004																								Water	Quirky	Bounce Band: Bounces thrown items back to foe				Narrow Focus: Moves used in corridors will never miss. 	Megaevolution: Form Change Enlightenment			
Meloetta	Female			P80867638	04/04/1979																								Flying	Sassy	Heart Pendant: Boosts HP by 50%	Relic Song			Friendly: Foes have a chance of temporarily fighting for the team. Doesn't boost recruit chance.	Reliquia: Form Change Enlightenment			
Mew	Both?	Libidine	Ludibrium	P14378192	07/09/1164	WOL, Unknown	Geneticist	Bi	Switch	Switch	36	3	???	MV Boli #e79cd1	Marieve Herington/Aoi Yuuki	Loves to eat	ESFP	Sex, Genetics, Eating	Being asked by someone to change gender		100	100	100	100	100	100	99	Psychic	Fairy	Quirky	Mewnium Z: Turns Psychic into Genesis Supernova. ~ Leftovers: Slowly restores HP. ~ White Cornet: +1 to all stats if held by Mew	Transform (Normal) Turns into clone of the foe ~ Psychokinesis (100/???/Psychic) Uses AT or SA based on foe's stats ~ Future Sight (120/SA/Psychic) Hits the next turn ~ Psychic (90/SA/Psychic) 10% chance -1 SD to foe	Boring! (Parry/Psychic) Immune to damage, copies move with 4X damage 	Synchro Bounce: Reflects stat debuffs and status conditions	Reality Bending: Teammates's moves always hit regardless of distance or accuracy.	Mugenono: Nullifies Mugen Genes	An absolutely adorable and absolutely terrifying esper. Instead of lifting you, they will lift the continent below you.	Can get lazy and pessimist in the most dire situations.	Friend: Cavum Nirum ~ Pupils: Myuuichi Jikken, Myuurei Jikken
Mewtwo	Female	Myuuichi	Jikken	P21773830	26/03/2020	WOD, Unknown	Gene Tester	Hetero	Sub	Bottom	200	122	???	Galaxy #7b3fac	Brittney Lee Harvey/Yukana Nogami	Likes to fight	ESTJ	Fighting, Training, Special Moves	Physical Moves, Ghosts, Humans		100	120	120	140	140	100	96	Psychic Fairy	Rock	Mild	Mewtwonite Y: Grants Megaevolution Y ~ Twisted Spoon: Boosts Psychic moves	Psystrike (100/SA/Psychic) Uses foe's DF instead of SD ~ Calm Mind (Psychic) +1 SA and SD ~ Me First (Normal) If user is faster, copies foe's move with +50% damage ~ Moon Cannon (150/SA/Fairy) 1 turn recharge	Gigabar Pressure (Psychic) Blocks all foe's moves, items, and PP restoration	Pressure: Foes use 2X PP	Link Boost: The power of linked moves is boosted.	Oxygen Gene: 2X DF	Trained by Libidine to be a disorienting special powerhouse.	Scared of ghosts?	Mentor: Libidine Ludibrium ~ Brother: Myuurei Jikken
Mewtwo	Male	Myuurei	Jikken	P61543177	26/03/2020	WOD, Unknown	Gene Tester	Hetero	Dom	Top	200	122	???	Fusion #644380	Erik Kimerer/Masaya Fukunishi	Hates to lose	ENTP	Fighting, Training, Physical Moves	Special Moves, Ghosts, Humans		100	140	140	120	120	100	96	Psychic Fighting	Ground	Naughty	Mewtwonite X: Grants Megaevolution X ~ Twisted Spoon: Boosts Psychic moves	Psystrike (100/SA/Psychic) Uses foe's DF instead of SD ~ Calm Mind (Psychic) +1 SA and SD ~ Me First (Normal) If user is faster, copies foe's move with +50% damage ~ Solar Strike (150/AT/Fighting) 1 turn recharge	Gigabar Pressure (Psychic) Blocks all foe's moves, items, and PP restoration	Unnerve: Foes can't use items	Link Boost: The power of linked moves is boosted.	Neon Gene: 2X SD	Trained by Libidine to be a disorienting physical powerhouse.	Scared of ghosts?	Mentor: Libidine Ludibrium ~ Sister: Myuuichi Jikken
Mienfoo Mienshao	Female	Sheng	Zhandou	H37472737	08/12/1984	WOD, China, Hebei, Beijing	Vice-President of Nuricom Alliance	Hetero	Switch	Bottom	138	31	40	Parmapetit #f3f1a3	Jessica D. Stone/Makoto Tsumura	A little quick tempered	ENTJ	Codd, Fighting, Nuricom Alliance	Codd, Fighting, Nuricom Alliance		60	130	60	90	60	110	84	Fighting 	Fighting	Bashful	Fightinium Z: Turns a Fighting move into All Out Pummeling	High Jump Kick (130/AT/Fighting) 50% Recoil if it misses ~ Fake Out (50/AT/Normal) Causes flinch, first turn only ~ Sleeve Kiai (Parry/Fighting) If hit, causes Confusion ~ Reversal (200/AT/Fighting)  Higher HP decreases power	Soaring Wind Fist (100/AT/Fighting) Hits 3 times, foe flies 1 turn, -1 SA and SD	Reckless: Recoil moves do 25% extra damage	Recoil Boost: Moves that recoil do 2X damage.	Iron Gene: 2X SP	If she parries one of your moves, it's time to think about how many Reviver Seeds you're gonna need for this one.	Very reckless, if she misses she can get hurt a lot more than others.	Husband: Codd Branford
Mienfoo Mienshao	Male			P26334516	24/01/2004																								Electric	Bold	Assault Vest: Boosts SD, but cannot use status moves				Riled Up: Boosts AT and SA once when hit by an enemy.	None			
Milotic	Female			P38765662	04/03/2001																								Grass	Careful	Joy Ribbon: 2X XP				Strike Back: If anyone in the team is attacked from behind, the foe's AT and SA is lowered.	None			
Milotic	Male			P25364044	17/06/1986																								Psychic	Gentle	Prism Scale: +1 SD and EV when held by Milotic ~ Beauty Scarf: +1 SD and AC when held by Milotic				PP Siphon: Drains PP from an enemy.	None			
Minccino Cinccino	Female			P28327960	31/07/1985																								Flying	Hardy	Friend Gift (3): Insta-Recruits Pokemon	Tail Slap			Bargain: Items can be bought at a lower price from shops in dungeons. 	None			
Minun	Male			P91514131	21/11/2000																								Fighting	Impish	Electric Seed: +1 DF in Electric Terrain	Helping Hand			Notorious Healing: The rate at which HP restores naturally is sped up. 	None			
Mudkip Marshtomp Swampert	Male			P21678907	12/04/2009																								Poison	Jolly	Alert Specs: Teammates's items can't be stolen	Muddy Water			Shared Happiness: If a teammate's status condition is healed, it also heals the whole team's status conditions.	Megaevolution: Form Change Enlightenment			
Munna Musharna	Female			P35398788	10/02/1999																								Ground	Relaxed	Dream World Charm: Grants Access to the Dream World				Sales Pitch: The team can sell items at higher price.	None			
Necrozma	Unknown	Cavum	Nirum	P18633327	??/??/????	WOL, Unknown	Nuricom Alliance Guard Leader	Unknown	Unknown	Unknown	244	244	???	Segoe #d5d5d5	Travis Willingham/Hiroki Yasumoto	Often lost in thought	ENTJ	Nuricom Alliance, Space, Loyalty	Black Holes, Ultra Beasts, Betrayal		117	117	117	117	117	117	100	Psychic Dark	Fire	Mild	Ultranecrozium Z: Turns Photon Geyser into Light That Burns The Sky during Ultra Burst. ~ Space Globe: +1 AT and SA when held by a Legendary ~ Sparkling Stone: Powers up Z-Moves	Prismatic Laser (160/SA/Psychic) 1 turn recharge ~ Photon Geyser (???/100/Psychic) Uses higher stat ~ Sunsteel Strike (100/AT/Steel) Ignores abilities ~ Moongeist Beam (100/SA/Ghost) Ignores abilities	For Answer: (Dragon) Charges 3 turns, maxes out all stats	Prism Armor: Super Effective moves do less damage	Black Glint: Teammates can use multiple Z-Moves at once if they have more than one Z-Crystal.	Ultra Burst: Form Change Enlightenment	If fused with Peahina or Lailona, they gain access to one of the most powerful Finishers, and become a spine chilling nuke with their Z-Move.	Crippled by getting rid of their items, or preventing the fusion.	Friends: Peahina Houkuu, Lailona Houkuu, Libidine Ludibrium, Codd Branford
Nidoran Nidorina Nidoqueen	Female			P35891921	31/05/1983																								Dragon	Hardy	Queen's Rock: Guarantees Flinching				Steamroll: Ignores types and abilities lowering a move's damage.	None			
Nidoran Nidorino Nidoking	Male			P16451106	05/03/1976																								Water	Calm	King's Rock: Guarantees Flinching				Thrown Item Boost: Items thrown from the team are uncatchable and do increased damage.	None			
Nihilego	Unknown			P11137896	04/12/1998																								Poison	Serious	Bright Powder: Lowers foe's AC				Evasive Rhythm: The team can dodge multi hit attacks much easier.	None			
Noibat Noivern	Female	Fluctus	Pennae	P33871920	03/10/2001	WOL, Water Continent	Sound Engineer	Hetero	Sub	Bottom	139	77	53	Bedlam #923ff6	Brianna Knickerbocker/Aya Endo	Alert to sounds	ISFP	Music, Technology, Humans	Unreliable Equipment, Airpods, Consoles		80	70	80	100	80	130	51	Flying Dragon	Flying	Timid	Choice Scarf: +1 SP, but can only use one move ~ Metronome: Boosts a move used repeatedly	Hurricane (110/SA/Flying) 30% Confusion chance ~ Taunt (Dark) foe can't use non-damaging moves ~ Roost (Flying) Heals 50% HP, removes Levitate ~ Switcheroo (Dark) Switches item with foe	None	Infiltrator: Ignores Substitutes and Barriers	Strike Back: If anyone in the team is attacked from behind, the foe's AT and SA is lowered.	None	Her sound manipulation combined with her sleight of hand allows her to cripple many foes by sneaking a Choice Scarf on them.	But then what? She's going to need a teammate to finish the battle properly.	Crush: Doreikun Furai
Noibat Noivern	Male			H61846344	17/07/1979																								Rock	Jolly	Black Glasses: Boosts Dark moves ~ Noivernium Z: Turns Boom Burst into Sonic Boom				Strike Back: If anyone in the team is attacked from behind, the foe's AT and SA is lowered.	None			
Oricorio	Female			P26058914	18/03/2009																								Steel	Docile	Nectar Jars (11): Allows Oricorio to Style Shift ~ Prop Case: Holds Dancing Props	Revelation Dance			Lonely Courage: When a Pokémon has no nearby teammates, it gets very strong.	Style Shift: Form Change Enlightenment			
Oshawott Dewott Samurott	Male	Dairou	Tengoku	H74040426	03/05/2004	WOD, Japan, Kansai, Sekigahara	Tengoku Leader	Bi	Dom	Top	164	97	101	Libertinus Serif #5584e5	Griffin Burns/Masayuki Kato	Likes to fight	INTP	Serperiors, Pokemon, Post Town	Connection Orbs, Being Hungry, Wasting Items	Blue eyes, more vibrant colors, vine band on each arm.	100	110	90	100	70	70	70	Water	Steel	Relaxed	Hope Cape: Enhanced Reunion Cape that allows teleportation ~ Mystic Water: Boosts Water moves ~ Adventure Backpack: Allows Teams to hold more than 3 items	Tempest Blade: (25/AT/Water) Hits 3 to 5 times ~ Octopus Slash (10/AT/Water) Hits 8 times, +1 Crit chance ~ Retaliate (70/AT/Normal) Double power if ally fainted ~ Water Pledge (80/SA/Water) Special effect when used with other pledges	Zantetsuken (400/AT/Water) 1 turn charge, +1 Priority	Torrent: Boosts Water moves in a pinch	Friendly: Foes have a chance of temporarily fighting for the team. Doesn't boost recruit chance.	Paradigm Shift: Can swap moves with teammates	Training with the Tempest Blade gives him an edge in the offensive.	Not very effective without Tsutami and Susanoo.	Wife: Tsutami Tengoku ~ Son: Tsutarou Tengoku ~ Friends:: Susanoo Tengoku, Senpu Tengoku, Nezumi Tengoku
Oshawott Dewott Samurott	Male			P13528376	08/11/2006																								Ice	Rash	Shinai: -1 AT and SA, +2 AC and EV				Blast Control: Damage the team takes from explosions is reduced. 	None			
Pachirisu	Female	Jeongi	Park	P95312170	02/12/1997	WOD, South Korea, Ulsan, Bongtaesan	Retired Nuricom League Champion	Hetero	Dom	Bottom	78	11	57	Southpaw #1eaac9	Reba Buhr/Ayane Sakura	A little quick tempered	ESTP	Fighting, Trainers, Ribbons	Draco Meteors, Metas, Sweeping		60	40	70	40	111	90	90	Electric	Electric	Impish	Berry Pots: Grows berries while traveling ~ Berry Pouch: Stores Berries	Nuzzle (20/AT/Electric) Causes Paralysis ~ Follow Me (Normal) All foes's moves target the user ~ Super Fang (???/AT/Normal) Halves foe's HP ~ Swagger (Normal) +2 AT to foe, causes confusion	Light Beacon (Electric) +1 Priority, all foes's moves target the user, immune to all moves	Volt Absorb: Heals when hit by Electric moves	Food Finder: Tiny Apples spawn much more often.	None	Thinking she's harmless and focusing on her teammate instead will be your worst mistake.	Fool me twice...	Boyfriend: Hankari Park ~ Trainer: Sejun Park
Palkia	Male	Shinju	Izanagi	P87136214	??/??/????	WOL, Mystery Continent	Dimension Guard Leader	Hetero	Switch	Top	422	335	143	Comfortaa Sans #cc80c2	Mike Mcfarland/Kazuhiro Yamaji	Very finicky	INFJ	Loyalty, Space Gears, Leafeons	Red Chains, Primal Reversion, Rulers		88	120	100	150	120	100	95	Water Dragon	Bug	Adamant	Lustrous Orb: Boosts Dragon and Water type moves if held by a Palkia, grants Primal Reversion	Spacial Rend: (100/SA/Dragon) +1 Crit Chance ~ Hydro Pump (110/SA/Water) ~ Giga Impact (150/AT/Normal) 1 Turn Recharge ~ Dragon Breath: (60/SA/Dragon) 30% Paralysis Chance	Gravity Curvature: (190/SA/Dragon) -3 SP to all foes	Pressure: Foes use 2X PP	Mind Over Matter: Wonder tiles restore a bit of HP and heal status conditions.	Primal Reversion: Form Change Enlightenment	Disorients and cripples foes that rely on speed.	Ground types can shrug off his most powerful blows.	Sister: Kongouseki Izanami ~ Friend: Samael Amphithere
Pancham Pangoro	Male			P78128671	26/09/1977																								Normal	Hardy	Choice Band: +1 AT, but can only use one move	Parting Shot ~ Arm Thrust			Funnel Fun: Corridors restore HP faster.	None			
Pawniard Bisharp	Male			P55891011	23/04/1991																								Ghost	Docile	Phantom Armor: Grants Immunity to Fighting moves				Leap Ahead: Pokemon behind the leader can leap ahead, use a short range move, and hop back behind in one turn.	None			
Petilil Lilligant	Female			P25891808	17/06/2002																								Fighting	Sassy	Lucky Ribbon: Immune to Crits				Notorious Fasting: The team won't take damage from hunger, but will still be unable to heal.	None			
Pichu Pikachu Raichu (Alola)	Female	Nezumi	Tengoku	P45345893	29/04/2006	WOL, Mist Continent	Tengoku Commander	Hetero	Sub	Bottom	71	19	19	Sitka #90decd	Christine Marie Cabanos/Shiori Mikami	Somewhat of a clown	ENFP	Beaches, Vacations, Drinks	Snow, Working, Eating		65	95	55	95	85	115	64	Electric Water	Dragon	Relaxed	Hope Cape: Enhanced Reunion Cape that allows teleportation ~ Aloraichium Z: Turns Thunderbolt into Stoked Sparksurfer ~ Adventure Backpack: Allows Teams to hold more than 3 items	Thunderbolt (90/SA/Electric) 10% Paralysis chance ~ Nasty Plot (Dark) +2 SA ~ Bide (Normal) 2 turn charge, deals 2X damage received ~ Surf (90/SA/Water) 2X Damage on diving foes	Thunderous Wave (50/SA/Electric) OHKO's Water types and diving foes	Surge Surfer: 2X Speed on Electric terrain	Sales Pitch: The team can sell items at higher price.	None	Feel the wave dude!	Oh heck it's too big, AAAAA!!!	Friends: Dairou Tengoku, Tsutami Tengoku, Susanoo Tengoku ~ Rival: Senpu Tengoku
Pichu Pikachu Raichu	Male	Adam	Eden	H48239801	28/08/1970	WOD, USA, California, Los Angeles	Eden Leader	Hetero	Switch	Top	86	32	26	Futura #f2ca0a	Max Mittelman/Makoto Furukawa-	Likes to run	ENFJ	Rescue Teams, Starters, Cats	His field where he grows his worries is barren.		65	85	45	105	95	115	80	Electric Psychic	Fighting	Hasty	Glory Band: Enhanced Twist Band that prevents all stats from lowering.  ~ Pikanium Z: Turns Volt Tackle into Catastropika ~ Rescue Toolbox: Allows Teams to hold more than 3 items	Volt Tackle (120/AT/Electric) 33% recoil, 10% Paralysis chance ~ Double Team (Normal) +1 EV ~ Volt Switch (70/SA/Electric) Switches places with teammate ~ Charge (Electric) +1 SD, next Electric move does 2x damage	Zettahertz Missile (700/AT/Electric) 1 turn charge, Causes Paralysis to user	Lightning Rod: Absorbs all Electric moves to gain +1 SA	Sales Pitch: The team can sell items at higher price.	United We Stand: Activates all teammates's Enlightenments	You won't feel your body after one of his Z-Moves or Finishers. And if you can still feel it, his teammates will make sure.	It's just a Raichu, right? ...right?	Wife: Eve Eden ~ Friend: Awan Eden
Pidove Tranquill Unfeazant	Male			P43840600	05/11/1979																								Psychic	Naive	Safety Goggles: Grants immunity to weather and powders				Food Finder: Tiny Apples spawn much more often.	None			
Pikipek Trumbeak Toucannon	Female			P60248689	25/10/1991																								Fire	Bold	Ability Capsule (3): Swaps Ability				Riled Up: Boosts AT and SA once when hit by an enemy.	None			
Piplup Prinplup Empoleon	Male			P93103200	27/07/1976																								Fighting	Adamant	Blue Flute: Cures Sleep				Tight Formation: The more team members, the lower the damage from wide-ranging moves.	None			
Plusle	Female			P53911830	14/08/1983																								Dark	Timid	Electric Seed: +1 DF in Electric Terrain	Helping Hand			Sales Pitch: The team can sell items at higher price.	None			
Popplio Brionne Primarina	Female	Cefca	Pagliaccio	H74778800	27/10/1997	WOD, Spain, Catalunya, Montmeló	Teacher in the Seashell Conservatoire	Bi	Switch	Bottom	179	43	87	Waltograph #547fec	Susan Calloway/Mika Nakashima	Mischievous	ESFP	Dragons, Sex, Children	Only very small and trivial things.	Black beads, stars and fins, blue eyes and nose. 	70	74	74	126	116	90	84	Water Fairy	Psychic	Jolly	Hair Beads: All Infatuated foes don't recover. ~ Primarium Z: Turns Sparkling Aria into Oceanic Operetta	Hyper Voice (90/SA/Normal) ~ Moonblast (95/SA/Fairy) 30% Chance -1 SA to foe ~ Sparkling Aria (90/SA/Water) Hits all foes, cures Burn ~ Scald (80/SA/Water) Burns foe, cures Frozen	Dicepocalypse (Normal) Uses random Finisher	Fluid Voice: All sound moves become Water Type	Heartstrings: If a teammate's connection faints, they get an extra Finisher.	Regik: Refills and doubles HP stat, completely random effect every turn.	Her Regik makes her fighting style completely unpredictable...	...But can backfire pretty hard.	Non-Consensual Sex Slaves: Nirvana Moksha, Matilde Quemar, Flaros Overfield ~ Adorb Seal: Elton Armada
Popplio Brionne Primarina	Male	Elton	Armada	P85346059	09/02/2005	WOL, Fire Continent	Student in the Seashell Conservatoire	Bi	Sub	Bottom	183	49	47	Trask's Hand #e31cef	Chris Rickabaugh/Ayumu Murase	Highly curious	ISFP	Cefca, Music, His Fur	Seriousness, Working, Long Dates		90	74	74	126	116	70	19	Water Fairy	Poison	Quirky	Nylon Guitar: 1% chance of causing Deaf. ~ Everstone: Prevents evolving ~ Eviolite: +1 DF and SD if holder can evolve	Hydro Pump (110/SA/Water) ~ Moonblast (95/SA/Fairy) 30% Chance -1 SA to foe ~ Rest (Psychic) Sleep 2 turns, heals 100% HP and cures all status conditions ~ Sleep Talk (Normal) Requires Sleep, uses random move	None	Fluid Voice: All sound moves become Water Type	Leave Half: A Big Apple, Perfect Apple, Max Elixir, or Reviver Seed leave behind an Apple, Max Ether, or Tiny Reviver Seed when used. 	None	Um... he has a nice guitar.	Outright refuses to evolve.	Milf: Cefca Pagliaccio
Purrloin Liepard	Female			P21603781	17/07/2003																								Flying	Lax	Jemmy Ring: Holds Keys and Picks				Leave Half: A Big Apple, Perfect Apple, Max Elixir, or Reviver Seed leave behind an Apple, Max Ether, or Tiny Reviver Seed when used. 	None			
Ralts Kirlia Gallade	Male			P91404468	24/01/1970																								Fire	Docile	Persim Band: Prevents Confusion				Brawl: Teammates get a bit stronger when there are many foes.	Megaevolution: Form Change Enlightenment			
Ralts Kirlia Gardevoir	Female			P44068063	05/07/1988																								Water	Serious	Gardevoirite: Triggers Megaevolution				PP Siphon: Drains PP from an enemy.	Megaevolution: Form Change Enlightenment			
Rayquaza	Female	Ziz	Mikado	P74498264	??/??/????	WOL, Mystery Continent	Unknown	Unknown	Dom	Switch	841	238	???	Bennington #3dae37	Dorothy Fahn/Yoshino Otori	Likes to trash about	ENTJ	Nothing	Everything		110	150	90	150	90	90	91	Dragon Flying	Dark	Serious	Green Orb: Grants Mega Evolution ~ Sky Melodica: +3 AC if held by Rayquaza	Dragon Ascent (120/AT/Flying) -1 DF and SD ~ Dragon Dance (Dragon) +1 AT and SP ~ Extreme Speed (80/AT/Normal) +2 Priority ~ V-Create (180/AT/Fire) -1 DF and SD	Whirlwind Typhoon (200/???/???) Type change from weather and field, coin toss between AT and SA	Air Lock: Disables weather	Squeeze Out: The whole team can squeeze extra PP once per battle.	Megaevolution: Form Change Enlightenment	Unfair moves, unfair stats, unfair skills, she's a living menace that requires AT LEAST two people to counter.	Using her immense power against herself is usually the best way to defeat her.	Hates pretty much everything and everyone.
Reshiram	Female	Shiro	Ryuumouto	P30298868	22/09/1575	WOL, Mystery Continent	Mystery Continent Guard Leader	Hetero	Sub	Bottom	286	299	114	Benguiat Sans #ccbebd	Allegra Clark/Mie Sonozaki	Thoroughly cunning	INTJ	Humans, Zekroms, Puzzles	Organizations, Lies, Cowards	Claws, rings, and other metallic parts are red.	100	120	100	150	120	90	98	Dragon Fire	Fire	Quiet	Focus Sash: Resists OHKO's with 1 HP left. ~ Light Stone: Reverts Reshiram to Light Orb, making it unable to move, but immune to damage	Fusion Flare: (100/SA/Fire) 2x power if used with Fusion Bolt ~ Blue Flare (130/SA/Fire) 20% Burn Chance, might miss ~ Draco Meteor (130/SA/Dragon) -2 SA ~ Roost (Flying) Heals 50% HP	Scorching Howl (200/SA/Fire) 1 turn charge, lasts 5 turns	Turboblaze: All Moves and their effects ignore foe's ability.	Yang: Doubles nearby Zekrom's speed	Overdrive: Form Change Enlightenment	Completely walls other Fire types, unstoppable with a trainer, or Kuro.	Kyurem, doesn't handle status conditions well.	Brother: Kuro Ryuuniki
Riolu Lucario	Male	Vega	Chronos	H11944075	30/10/1984	WOD, Canada, Britcol, Vancouver	Chronos Leader	Hetero	Dom	Top	164	66	50	Rialto Ant'd #0c14d2	Kyle Hebert/Hiroki Takahashi	Often lost in thought	ENTP	Guilds, Justice, Exploration	Outlaws, Sadism, Tensei's		70	150	75	150	75	130	75	Dragon Fighting Steel	Fire	Lax	United Scarf: Enhanced Coalition Scarf that boosts team attacks. ~ Lucarionite: Triggers Megaevolution ~ Treasure Bag: Allows Teams to hold more than 3 items	Power-Up Punch (40/AT/Fighting) +1 AT ~ Aura Sphere (80/SA/Fighting) Never misses ~ Focus Punch (150/AT/Fighting) Fails if user is hit ~ Final Gambit (Fighting) Does damage equal to HP, user faints	Star Sword (100/AT/Normal) Requires Star Shield in same turn, +3 AT and SA	Inner Focus: Immune to flinch	Army Of Two: If there's only one teammate, that teammate gets a big stat boost.	Megaevolution: Form Change Enlightenment	Nearly unstoppable with a good support teammate, his training with Codd gave him a fist that knows very few equals.	Not the highest level, and quite lazy.	Wife: Lyra Chronos ~ Friends: Sirius Chronos, Betelgeuse Chronos, Codd Branford
Riolu Lucario	Male			P60858472	25/04/1988																								Electric	Careful	Protective Pads: Nullifies contact debuffs ~ Steelium Z: Turns a Steel move into Corkscrew Crash				Rapid Bull's Eyes: Moves that hit multiple times will never miss. 	Megaevolution: Form Change Enlightenment			
Rockruff Lycanroc	Female			P39870140	19/10/1981																								Ghost	Hasty	Yellow Flute: Cures Confusion	Accelerock ~ Stone Edge			Notorious Restoration: Items restore more HP and Belly.	None			
Rockruff Lycanroc	Male			H83359197	24/09/1979																								Steel	Mild	Lycanium Z: Turns Stone Edge into Splintered Stormshards				Link Boost: The power of linked moves is boosted.	None			
Rowlet Dartrix Decidueye	Male			P56327696	19/07/1978																								Rock	Adamant	Decidium Z: Turns Spirit Shackle into Sinister Arrow Raid	Spirit Shackle			Lonely Courage: When a Pokémon has no nearby teammates, it gets very strong.	None			
Rufflet Braviary	Male	Niko	Harmonia	H52755645	01/12/1976																								Dragon	Naive	Bottle Caps (15): Temporarily maxes out Iv's and Ev's of one stat ~ Flynium Z: Turns a Flying move into Supersonic Skystrike				Riled Up: Boosts AT and SA once when hit by an enemy.	None			
Sableye	Male			P74162161	01/07/2009		Butler																						Electric	Modest	Gem Case: Holds one-time type boosting Gems ~ Light Clay: Barriers don't expire ~ Weakness Policy: +2 AT and SA if holder is hit by a Super Effective move				Notorious Healing: The rate at which HP restores naturally is sped up. 	Megaevolution: Form Change Enlightenment			
Salandit Salazzle	Female			P71035848	20/08/1987																								Steel	Mild	Carubyncle: Red gem slotted in her back, grants eternal youth. 				Forge a Path: Consumes Belly to break down walls.	None			
Sandile Krokorok Krookodile	Male			H18637555	29/03/1997																								Psychic	Careful	Sticky Barb: Damages the holder				Food Finder: Tiny Apples spawn much more often.	None			
Sandshrew Sandslash	Female	Kenkyo	Kaze	P38673020	20/03/1997	WOL, Sand Continent	Sand Continent Guard	Hetero	Switch	Bottom	105	46	25	Diavlo #259dc0	Julia McIlvaine/Hitomi Nabatame	Good endurance	ISFJ	Sandslashes, Sleeping, Fighting	Her quills and how they prevent her from sleeping.		75	100	110	45	55	65	24	Ground Steel	Normal	Impish	Bond Ring: Doubles HP of another Pokemon holding Bond Ring.	Earthquake: (100/AT/Ground) 2X damage on digging foes ~ Knock Off (65/Dark/AT) 1.5x damage if foe has item, removes item ~ Rapid Spin (20/AT/Normal) Removes stage hazards, binding, and seeds ~ Stealth Rock (Rock) Deals damage on switch in	None	Sand Rush: 2X SP in Sandstorms	Bargain: Items can be bought at a lower price from shops in dungeons. 	None	Loves fighting, and will be a great arm in any team.	Can't use her quills to defend herself efficiently.	Husband: Hokori Kaze
Sandshrew Sandslash (Alola)	Male	Hokori	Kaze	P13356248	04/03/1999	WOL, Sand Continent	Sand Continent Guard	Hetero	Switch	Top	134	60	23	Dekar #c0b025	John Snyder/Daisuke Ono	Good perseverance	ISTJ	Sandslashes, Eating, Humans	That he likes eating and how he gets too fat.		75	100	120	25	65	65	26	Ice Steel	Normal	Impish	Bond Ring: Doubles HP of another Pokemon holding Bond Ring.	Swords Dance: (Normal) +2 AT ~ Knock Off (65/Dark/AT) 1.5x damage if foe has item, removes item ~ Icicle Crash (85/AT/Ice) 30% Flinch Change ~ Iron Head (80/AT/Steel) 30% Flinch Chance	None	Slush Rush: 2X SP in Hails	Bargain: Items can be bought at a lower price from shops in dungeons. 	None	Loves fighting, and will be a great arm in any team.	Can't use his quills to defend herself efficiently.	Wife: Kenkyo Kaze
Scraggy Scrafty	Male			P12125803	08/06/1976																								Dragon	Hardy	Amulet Coin: 2X Poke'	Facade			Notorious Healing: The rate at which HP restores naturally is sped up. 	None			
Sentret Furret	Female			P79916007	28/02/1986																								Psychic	Relaxed	Fluffy Tail: Distracts Pokemon				Thrown Item Boost: Items thrown from the team are uncatchable and do increased damage.	None			
Seviper	Male			P50282773	07/02/1980																								Rock	Naughty	Binding Band: Increases trap damage	Poison Tail			Leap Ahead: Pokemon behind the leader can leap ahead, use a short range move, and hop back behind in one turn.	None			
Sewaddle Swadloon Leavanny	Female			P32247060	24/06/1988																								Bug	Calm	Focus Sash: Resists OHKO's with 1 HP left.				Recoil Boost: Moves that recoil do 2X damage.	None			
Shaymin	Male			P25895495	24/08/1989																								Grass	Lax	Mental Herb: Immune to Infatuation ~ Sky Gift Wrapper: Creates Sky Gift Boxes, which spawn rare items, but only when gifted to a close friend ~ Gracidea: Triggers Sky Forme				Narrow Focus: Moves used in corridors will never miss. 	Sky Forme: Form Change Enlightenment			
Shinx Luxio Luxray	Female	Sirius	Chronos	P16677907	26/11/1989	WOL, Grass Continent	Chronos Officer	Hetero	Sub	Bottom	120	35	42	Garamond #093585	Cassandra Lee Morris/Ayana Taketatsu	Likes to trash about	ENFP	Exploration, Chronos, Humans	Expensive Items, Darkness, Fainting		79	120	79	100	79	80	71	Electric	Normal	Brave	United Scarf: Enhanced Coalition Scarf that boosts team attacks. ~ Counterfeit Scanner: Lookalike Items glow ~ Treasure Bag: Allows Teams to hold more than 3 items	Wild Charge (90/AT/Electric) 25% recoil ~ Volt Switch (70/SA/Electric) Switches with teammate ~ Thunder (110/SA/Electric) Can't miss in the rain ~ Flash (Normal) -1 AC to foe	Stun Grenade (100/SA/Electric) Causes Paralysis and Confusion to all foes	Guts: +1 AT if hit by status condition, immune to Burn	Synced Breathing: Teammates Crit more often the bigger the team is.	None	Strategic mastermind, her IQ allows her to come up with brilliant checkmates.	Requires someone to keep her safe while she thinks...	Friends: Lyra Chronos, Vega Chronos, Betelgeuse Chronos
Shinx Luxio Luxray	Male			P49687393	30/01/1973																								Bug	Modest	Electrium Z: Turns an Electric move into Gigavolt Havoc ~ X-Ray Specs: Lost Pokemon, Teammates, and Items glow through walls.				Forge a Path: Consumes Belly to break down walls.	None			
Shroomish Breloom	Male			H77646414	17/02/1981																								Flying	Lax	Scope Lens: +1 Crit Chance	Mach Punch			XP Boost: Grants additional XP to the team when a foe is defeated.	None			
Skarmory	Male			P90251952	10/10/2004																								Ground	Bashful	Choice Band: +1 AT, but can only use one move ~ Metal Coat: Boosts Steel moves	Steel Wing			Link Boost: The power of linked moves is boosted.	None			
Skitty Delcatty	Female	Mocha	Otonanou	H50828121	08/03/2002	WOD, Japan, Kyushu, Nagasaki	Classified Package Delivery	Hetero	Sub	Bottom	99	27	40	Vibur #f80ea7	Ari Ozawa/Bonnie Gordon	Highly curious	INFP	Sex, Her Job, Sleeping	Fighting, Milk, Flygons		70	70	70	96	69	88	11	Normal 	Fairy	Gentle	Soothe Bell: Makes Humans friendly	Calm Mind (Psychic) +1 SA and SD ~ Baton Pass (Normal) Switches with teammate, passes stats changes and effects ~ Psych Up (Normal) Copies foe's stat changes ~ Attract (Normal) Causes Infatuation to opposite gender	None	Wonder Skin: Dodges status moves 50% of the time	Shared Happiness: If a teammate's status condition is healed, it also heals the whole team's status conditions.	None	Brilliant sabotager, can take the foe's strengths and turn them into her team's.	Can't attack at all.	Rival: Doreikun Furai
Skitty Delcatty	Female	Eve	Eden	P40918855	11/04/1971	WOL, Air Continent	Eden Vice-Leader	Hetero	Switch	Bottom	109	31	32	Cambria #d5c496	Erica Mendez/Mariko Nagai	Nods off a lot	INTJ	Rescue Teams, Starters, Pichus	Being told what to do.		155	75	75	55	55	95	77	Normal	Normal	Lonely	Glory Band: Enhanced Twist Band that prevents all stats from lowering. ~ Gummi Case: Holds Gummies ~ Rescue Toolbox: Allows Teams to hold more than 3 items	Blizzard (110/SA/Ice) 10% Freeze chance, never misses in hail ~ Sucker Punch (70/AT/Dark) Fails if foe isn't attacking, +1 Priority ~ Solar Beam (120/SA/Grass) 1 turn charge, no charge and no missing in Sunlight ~ Last Resort (140/AT/Normal) Fails unless all other moves are used	Good Night (Normal) Causes Sleep to all foes	Normalize: All moves are Normal type	Sales Pitch: The team can sell items at higher price.	Divided They Fall: Disables all foes's Enlightenments	Bulkier than she looks, cunning and deceptive with her moves, also a great strategist.	Doesn't like to get her claws dirty...	Husband: Adam Eden ~ Friend: Awan Eden
Sneasel Weavile	Female			P84435224	26/09/2007																								Grass	Brave	Razor Claw: +3 Crit Chance if held by Weavile				Friendly: Foes have a chance of temporarily fighting for the team. Doesn't boost recruit chance.	None			
Snivy Servine Serperior	Female	Nirvana	Moksha	H11647112	17/12/1995	WOD, France, Sarthe, Le Mans	Student at Académie de Nantes	Hetero	Sub	Bottom	363	77	128	Adamantium #10bd4d	Hellena Taylor/Aya Hisakawa	Very finicky	ISFJ	Scarves. Giratinas, Dubstep	Human Weapons, Bullying, Pretzels	Black backside, stripes glow green, magenta eyes, pale green belly.	75	75	95	113	95	75	81	Grass Dragon	Fire	Careful	Griseous Pendant: A vine necklace with a Griesous Orb shard as trinket, slightly boosts Dragon and Ghost type moves. ~ Soccermom Scarf: It's a scarf. ~ Big Root: Increases HP draining from moves	Tera Drain: (80/SA/Grass) 80% health drain ~ Leaf Storm: (130/SA/Grass) -2 SA ~ Substitute: (Normal) Takes 1/4 HP to place a Substitute ~ Hidden Power: (70/SA/???)	Tsar Bomba (999/SA/Normal) User faints	Contrary: Stat changes have an opposite effect.	Squeeze Out: The whole team can squeeze extra PP once per battle.	Fallout: Any foe hit by Nirvana is poisoned, and cannot heal from poison.	Fallout and Devil's Advocate turn Nirvana into an untankable, radioactive menace.	Slow and frail, weak against other sweepers.	Friends: Matilde Quemar, Cefca Pagliaccio, Flaros Overfield
Snivy Servine Serperior	Female	Tsutami	Tengoku	P19246558	10/07/2005	WOL, Mist Continent	Tengoku Vice-Leader	Bi	Sub	Bottom	321	64	107	Libertinus Sans #67eb3a	Kayli Mills/Aki Toyosaki	Impetuous and silly	ENFJ	Samurotts, Post Town, Tengoku	Teams that don't help other Teams	Red eyes, more vibrant colors, shell behind her neck.	75	75	100	75	95	110	69	Grass	Poison	Quirky	Hope Cape: Enhanced Reunion Cape that allows teleportation ~ Miracle Seed: Boosts Grass moves ~ Adventure Backpack: Allows Teams to hold more than 3 items	Hurricane Blade: (25/AT/Grass) Hits 3 to 5 times ~ Safeguard: (Normal) Prevents conditions for 5 turns ~ Leaf Tornado (70/SA/Grass) 50% -1 AC to foe  ~ Grass Pledge (80/SA/Grass) Special effect when used with other pledges	Taiyouken (400/AT/Grass) 1 turn charge, +1 Priority	Overgrow: Boosts Grass moves in a pinch	Friendly: Foes have a chance of temporarily fighting for the team. Doesn't boost recruit chance.	Paradigm Shift: Can swap moves with teammates	Training with the Hurricane Blade gives her an edge in the offensive.	Not very effective without Dairou and Susanoo.	Husband: Dairou Tengoku ~ Son: Tsutarou Tengoku ~ Friends: Susanoo Tengoku, Nezumi Tengoku, Senpuu Tengoku
Snivy Servine Serperior	Male	Tsutarou	Tengoku	P84561931	11/09/2020	WOL, Mist Continent	Evolution Researcher	Bi	Dom	Switch	372	79	88	Libertinus Math #058005	Edward Bosco/Tatsuhisa Suzuki	Quick to flee	ESFJ	Studying, Traveling, Writing	Evolving Too Fast, His Voice, Violence		75	75	90	75	90	130	41	Grass	Ice	Mild	Pass Orb (85): Orbs that can be converted to Pass Powers from the Entralink	Leaf Storm (130/SA/Grass) -2 SA ~ Glare (Normal) Causes Paralysis ~ Grassy Terrain (Grass) 1.5x Grass damage, 7% HP heal each turn ~ Energy Ball (90/SA/Grass) 10% chance -1 SD to foe	None	Contrary: Stat changes have an opposite effect.	XP Boost: Grants additional XP to the team when a foe is defeated.	None	Smart and quick, can make you want to stop fighting him in seconds.	Not too interested in fighting, or even joining a team.	Mother: Tsutami Tengoku ~ Father: Dairou Tengoku
Solgaleo	Male	Lailona	Houkuu	P70104609	??/??/????	WOL, Mystery Continent	Ultra Wormhole Guard Leader	Hetero	Dom	Top	365	210	82	Rockwell #e8940f	Richard Epcar/Hidenari Ugaki	Takes plenty of siestas	ISTJ	Groudons, Necrozmas, Days	Lunalas, Space, Ultra Beasts		137	137	107	117	87	97	95	Psychic Steel Fire	Dark	Lonely	N-Lunarizer: A machine to separate a Necrozma from a Lunala. ~ Solgalium Z: Turns Sunsteel Strike into Searing Sunraze Smash ~ Sun Flute: +2 SP if held by Solgaleo	Sunsteel Strike (100/SA/Steel) Ignores abilities ~ Psyshock (80/SA/Psychic) Uses foe's DF instead of SD ~ Calm Mind (Psychic) +1 SA and SD ~ Solar Beam (120/SA/Grass) 1 turn charge, no charge and no missing in Sunlight	Solar Eclipse (Psychic) Requires Lunar Eclipse in same turn, Heals 50% HP per turn	Full Metal Body: Prevents stat debuffs	Collective Strike: All teammates have the same speed stat as the fastest teammate.	Radiant Sun: Form Change Enlightenment	Very powerful moveset, can easily ignore his subpar typing.	Could do better with a Lunala teammate, which he hates.	Sister: Peahina Houkuu ~ Friend: Cavum Nirum
Squirtle Wartortle Blastoise	Male			P16590598	21/06/2000																								Water	Jolly	Mystic Water: Boosts Water moves ~ Waterium Z: Turns a Water move into Hydro Vortex				Squad Up: The bigger the team, the easier it becomes to recruit Pokemon.	Megaevolution: Form Change Enlightenment			
Starly Staravia Staraptor	Female			P46517701	13/08/1980																								Ice	Mild	Weather Band: Grants immunity to weather				Lonely Courage: When a Pokémon has no nearby teammates, it gets very strong.	None			
Taillow Swellow	Male			P52274829	10/06/2002																								Fairy	Quiet	Sharp Beak: Boosts Flying moves				Steamroll: Ignores types and abilities lowering a move's damage.	None			
Tepig Pignite Emboar	Male	Susanoo	Tengoku	P19152291	19/09/2002	WOL, Mist Continent	Tengoku Vice-Leader	Bi	Dom	Top	153	155	81	Libertinus Mono #b8470f	Reuben Langdon/Yuji Kishi	Proud of its power	INFJ	Dairou, Tsutami, Susanoo	Dairou, Tsutami, Susanoo		110	120	70	100	70	60	67	Fire	Fighting	Hardy	Hope Cape: Enhanced Reunion Cape that allows teleportation ~ Charcoal: Boosts Fire moves ~ Adventure Backpack: Allows Teams to hold more than 3 items	Wildfire Blade (25/AT/Fire) Hits 3 to 5 times ~ Flare Blitz (120/AT/Fire) 33% recoil, 10% Burn Chance ~ Sucker Punch (70/AT/Dark) Fails if foe isn't attacking, +1 Priority ~ Fire Pledge (80/SA/Fire) Special effect when used with other pledges	Nobiken (400/AT/Fire) 1 turn charge, +1 Priority	Blaze: Boosts Fire moves in a pinch	Forge a Path: Consumes Belly to break down walls.	Paradigm Shift: Can swap moves with teammates	Training with the Wildfire Blade gives him an edge in the offensive.	Not very effective without Dairou and Tsutami.	"Rivals": Dairou Tengoku, Tsutami Tengoku ~ Friends: Nezumi Tengoku, Senpuu Tengoku
Terrakion	Male			P81530416	21/07/1988																								Electric	Quiet	Savior Cape: +1 DF and SD for each teammate wearing a Savior Cape	Sacred Sword			Steamroll: Ignores types and abilities lowering a move's damage.	None			
Timburr	Male			P63189135	30/07/1987																								Dragon	Bashful	Lagging Tail: Holder moves last				Rapid Bull's Eyes: Moves that hit multiple times will never miss. 	None			
Togepi Togetic Togekiss	Male			P66537143	13/11/1985																								Normal	Serious	Lucky Egg: 2X XP				Army Of Two: If there's only one teammate, that teammate gets a big stat boost.	None			
Torchic Combusken Blaziken	Female			P81863175	20/10/1994																								Flying	Naive	Charcoal: Boosts Fire moves	Blaze Kick			Strike Back: If anyone in the team is attacked from behind, the foe's AT and SA is lowered.	Megaevolution: Form Change Enlightenment			
Totodile Croconaw Feraligatr	Male			P79066780	04/11/2001																								Water	Mild	Cell Battery: +1 AT if hit by Electric moves				Recoil Boost: Moves that recoil do 2X damage.	None			
Trapinch Vibrava Flygon	Male	Doreikun	Furai	P88855548	24/01/2005	WOL, Fire Continent	Unclassified Package Delivery	Homo	Sub	Bottom	162	60	18	Base Nine #79ee07	Paul Dobson/Hiroyuki Yoshino	Highly curious	ISFP	Sex, His Job, Flying	Bullying, Sand, Himself		85	95	85	95	85	95	46	Ground Dragon Bug	Steel	Sassy	Choice Specs: +1 SA, but can only use one move ~ Flygonium Z: Turns Fissure into Ancestral Sandsong	U-Turn (70/AT/Bug) Switches with teammate ~ Fissure (Ground) 30% OHKO Chance ~ Dragon Rush (100/AT/Dragon) 20% Flinch Chance ~ Boomburst (140/SA/Normal) Fails if there's only 1 foe	None	Levitate: Immune to Ground Type	Notorious Restoration: Items restore more HP and Belly.	None	If his Z-Move hits, it's pretty much over. IF it hits.	Gigantic coward, really hates fighting...	Rival: Mocha Otonanou
Treecko Grovyle Sceptile	Male			P38904369	08/11/1999																								Fairy	Serious	Sneak Scarf: Nearby Pokemon don't wake up	Leaf Blade			Link Boost: The power of linked moves is boosted.	Megaevolution: Form Change Enlightenment			
Tropius	Male			P13527299	23/05/1996																								Bug	Gentle	Honey: Attracts Wild Pokemon ~ Miracle Seed: Boosts Grass moves				Lonely Courage: When a Pokémon has no nearby teammates, it gets very strong.	None			
Tynamo Eelektrik Eelektross	Male			P60798422	29/09/1974																								Fighting	Docile	Red Card: Forces foe to switch once if holder is hit				Evasive Rhythm: The team can dodge multi hit attacks much easier.	None			
TypeNull Silvally	Female			P13292077	22/10/2006																								Dark	Jolly	Persistence Crown: +1 SD ~ Chip Bag: Holds Devices				Enlightened: Teammates can use Enlightenments immediately.	None			
TypeNull Silvally	Male	Midas	Theos	P48337903	??/??/????	WOL, Mystery Continent	Astronomer	Homo	Dom	Top	251	100	102	Elephant #969696	Keith Silverstein/Toru Okawa	Highly curious	ISTJ	Spaaaaaaace	Being Doubted, Failing Research, Losing Documents		95	95	95	95	95	95	86	Normal	Ghost	Rash	Wisdom Crown: +1 SA ~ Disc Bag: Holds all RKS Memories.	Multi-Attack (90/AT/Normal) Type varies from held Memory ~ Double Edge (120/AT/Normal) 33% Recoil ~ Hyper Beam (150/SA/Normal) 1 turn recharge ~ Work Up (Normal) +1 AT and SA	None	RKS System: Type changes based on held Memory	Enlightened: Teammates can use Enlightenments immediately.	All-Defying: -50% Damage from Legendaries	A very, very, very tiny Arceus.	FIRE FIGHTING STARTERS!!! UGH!!!	Mentor: Seikon Tsukitsune
Turtwig Grotle Torterra	Male			P29459080	03/05/1990																								Ground	Brave	Trinket Box: Holds Exclusive Items				Squeeze Out: The whole team can squeeze extra PP once per battle.	None			
Venipede Whirlipede Scolipede	Male			P60174185	31/12/1970																								Fighting	Adamant	Eject Button: Switches with teammate if hit ~ Poisonium Z: Turns a Poison move into Acid Downpour				Food Finder: Tiny Apples spawn much more often.	None			
Victini	Male			P52796440	12/05/1996																								Fire	Bashful	Courage Crown: +1 AT ~ Medal Box: Carries Medals to reward teams ~ V-Wheel: Controls Weather	Searing Shot ~ V-Create			Leave Half: A Big Apple, Perfect Apple, Max Elixir, or Reviver Seed leave behind an Apple, Max Ether, or Tiny Reviver Seed when used. 	Helium Gene: 2X AT			
Victini	Female			P49491614	27/08/1981																								Dragon	Rash	Effort Crown: +1 DF ~ Wonder Launcher: Launches Pucks that cause various effects, needs to be recharged ~ Reveal Glass: Reveals Form Change Enlightenments				Machine Learning: Teammates have max IQ.	Hydrogen Gene: 2X HP			
Virizion	Female			P12253320	04/05/1973																								Dark	Lonely	Savior Cape: +1 DF and SD for each teammate wearing a Savior Cape	Sacred Sword			Food Finder: Tiny Apples spawn much more often.	None			
Vulpix Ninetales (Alola)	Female	Betelgeuse	Chronos	P86184529	11/09/1988	WOL, Grass Continent	Chronos Officer	Hetero	Sub	Bottom	104	19	35	Challenge #69b7e0	Erica Lindbeck/Sakura Momoka	Likes to run	ESFP	Reading, Bounty Hunting, Stargazing	Curses, Puns, Fainting		73	66	73	80	103	137	72	Ice Fairy	Fire	Timid	United Scarf: Enhanced Coalition Scarf that boosts team attacks. ~ Bounty Scanner: Scans Pokemon to check if they're Outlaws or Wanted ~ Treasure Bag: Allows Teams to hold more than 3 items	Hail (Ice) Causes Hail for 5 turns ~ Aurora Veil (Ice) Makes team immune to Hail, and halves all damage. Requires Hail ~ Freeze-Dry (70/SA/Ice) 10% Freeze Chance, 2X Damage to Water types ~ Hypnosis (Psychic) 50% Sleep Chance	Damnation (Ghost) If user faints, attacker faints	Snow Cloak: +1 EV in Hail	Synced Breathing: Teammates Crit more often the bigger the team is.	None	Brilliant bounty hunter, you won't violate the law ever again once you're caught in her hail.	She likes to... fight slow and painful, which can be exploited.	Friends: Lyra Chronos, Vega Chronos, Sirius Chronos
Vulpix Ninetales	Male	Seikon	Tsukitsune	P15323773	??/??/????	WOL, Mystery Continent	Shrine Guardian	Hetero	Dom	Top	143	22	42	Ingrid #e0c369	Mike Debonis/Go Shinomiya	Somewhat vain	ENTP	Ho-Ohs, Lugias, Eeveelutions	Death, Gunpowder, War	Red kitsune patterns on his face, tails, and hair.	91	81	81	81	120	107	57	Fire Ghost	Ice	Gentle	Carubyncle: Red gem slotted in his chest, grants eternal youth. ~ Eevee Beads: Praying beads with all evolutionary stones attached: Fire, Water, Thunder, Leaf, Ice, Moon, Sun, Shiny, Dusk, and Dawn. Can evolve any Eevee or Eeveelution. ~ Ninetalium Z: Turns Will-O-Wisp into Light Of Shinto	Overheat: (130/SA/Fire) -2 SA ~ Will O' Wisp (Fire) Causes Burn ~ Shadow Claw (70/AT/Ghost) +1 Crit chance ~ Hidden Power: (70/SA/???)	Miracle (Fairy) Fully revives a fainted ally.	Flash Rainbow: If hit by (Type), boosts (Type) moves.	Taiyou: Team is immune to Curse, Grudge, and Perish Song.	None	Can take quite a beating, and get back up in an instant. Seems to defy calamity.	Not a great fighter, physically and mentally.	Pupil: Midas Theos
Wimpod Golisopod	Male			P62273362	30/04/2005																								Bug	Gentle	White Herb: Nullifies Status debuffs	First Impression			Funnel Fun: Corridors restore HP faster.	None			
Wooper Quagsire	Male			H97441247	24/10/1991																								Ice	Relaxed	Link Box: Allows move linking				Stimulation: All stats are boosted when Belly is above half capacity, but it drains faster.	None			
Xerneas	Female	Xenocrates	Edda	P79819002	??/??/????	WOL, Mystery Continent	Death Cocoon Guard Leader	Hetero	Switch	Bottom	332	196	153	Xaligraphy #2229bf	Jeannie Tirado/Misono Mei	Proud of its power	ENTP	Unknown	Unknown		126	131	96	131	99	96	94	Fairy Grass	Psychic	Quirky	Life Herb: Skips charge and recharge turns once	Geomancy (Fairy) 1 turn charge, +2 SA, SD, and SP ~ Moonblast (95/SA/Fairy) 30% Chance -1 SA to foe ~ Aromatherapy (Grass) Cures team's status conditions ~ Grass Knot (Grass) Deals damage based on foe's weight	Vita (Fairy) 2X Max HP to all teammates	Fairy Aura: Boosts Fairy moves	Wary Walk: The whole Team is immune to traps.	None	Checkmates Dragon types, likes to boost up before dealing a hard blow.	Aggression can throw her off.	Crush: Yggdrasil Edda ~ Friend: Zephyr Edda
Yveltal	Male	Yggdrasil	Edda	P73279005	??/??/????	WOL, Mystery Continent	Life Tree Guard Leader	Hetero	Switch	Top	594	190	188	Ysgarth #f01610	Christopher Bevins/Daisuke Egawa	Quick tempered	INFJ	Unknown	Unknown		126	131	99	131	96	96	94	Dark Flying	Ghost	Mild	Death Orb: Drains opponent's HP, lowers power of holder's moves.	Oblivion Wing (80/SA/Flying) 75% HP drain ~ Dark Pulse (80/SA/Dark) 20% Flinch chance ~ Toxic (Poison) Badly Poisons foe ~ Heat Wave (95/SA/Fire) 10% Burn Chance	Morte (Dark) 0.5X Max HP to all foes	Dark Aura: Boosts Dark moves	Wary Walk: The whole Team is immune to traps.	None	Checkmates Psychic types, likes to hit immediately instead of stalling.	Patience can throw him off.	Crush: Xenocrates Edda ~ Friend: Zephyr Edda
Zangoose	Male			P58458566	01/10/1995																								Poison	Quiet	Red Flute: Cures Infatuation	Crush Claw			Brawl: Teammates get a bit stronger when there are many foes.	None			
Zekrom	Male	Kuro	Ryuuniki	P33482560	05/11/1541	WOL, Mystery Continent	Mystery Continent Guard Leader	Hetero	Dom	Top	319	358	120	Benguiat Serif #363740	Jess Merlin/Shigeru Chiba	Likes to fight	ESFJ	Humans, Reshirams, Puzzles	Organizations, Lies, Warmongers		100	150	120	120	100	90	98	Dragon Electric	Electric	Brave	Focus Sash: Resists OHKO's with 1HP left. ~ Dark Stone: Reverts Zekrom to Dark Orb, making it unable to move, but immune to damage	Fusion Bolt (100/AT/Electric) 2x power if used wih Fusion Flare ~ Bolt Strike (130/AT/Electric) 20% Paralysis Chance, might miss ~ Outrage (120/AT/Dragon) Lasts 2-3 turns, Confuses user ~ Roost (Flying) Heals 50% HP	Shocking Roar (200/AT/Electric) 1 turn charge, lasts 5 turns	Teravolt: All Moves and their effects ignore foe's ability.	Yin: Doubles nearby Reshiram's speed	Overdrive: Form Change Enlightenment	Completely walls other Electric types, unstoppable with a trainer, or Shiro.	Kyurem, doesn't handle status conditions well.	Sister: Shiro Ryuumouto
Zeraora	Male	Codd	Branford	H36010777	22/09/1900	WOD, USA, Washington, Seattle	President of Nuricom Alliance	Hetero	Dom	Top	184	84	44	Maximise #0ebcf6	Matthew Mercer/Yuichi Nakamura	Likes to trash about	ESTP	Pokemon, Science, The Universe	Violence, Conspiracies, Control	Black fur is white, yellow fur is black, no lightning stripes.	128	256	128	4	128	256	100	Electric Fighting Steel	Dragon	Adamant	Nurichaku Chaincoil: Human-engineered Nunchucks with Tesla coils on each end. x2 AT in exchange of 1 HP per successful move. ~ Nurigou Magnetar: A compressed Neutron Star Piece. Immune to Trick Room, and Ground/Rock type moves. ~ Nurimitsu Goudachi: Replaces a move with any Slash move.	Plasma Fists: (100/AT/???) Normal Type moves become ??? Type. ~ Fumetsu (Parry/???) +1 AT if hit ~ One Inch Punch (999/AT/???) 1 turn charge, cannot Crit ~ Stun Gun Kiai (300/AT/???) Causes paralysis, 1 turn recharge	The Tempest (1/SA/Electric) 1 turn charge, stops time for 10 turns. Paralyses user at the end.	Jeet Kune Do: Can switch move type between Electric, FIghting, and Steel. "Be water, my friend."	Overclocking: Team boosts SP if hit. If Codd is hit by teammates, they transfer any Speed boost to him.	Way Of The Dragon: Only activates when a Human, or Former Human, defeats Codd. Revives with Full HP, all hits cause Paralysis, AC and EV are maxed out, adds Dragon Type and Dragon Jeet Kune Do.	The Power of Pokemon with the Knowledge of Humanity, Codd achieved spiritual and physical Enlightenment, uses his entire body and electric reserves in every single strike, and never seems to feel the slightest hint of exhaustion.	Biggest pushover in the entire galaxy.	Wife: Sheng Zhandou ~ Pupil: Jake Northstar ~ Friends: Cavum Nirum, Vega Chronos ~ Rival: Sid Tensei
Zigzagoon Linoone	Male			P44511828	24/09/1982																								Bug	Bold	Drag Wing: -1 AC and EV, +2 AT and SA				Mind Over Matter: Wonder tiles restore a bit of HP and heal status conditions.	None			
Zorua Zoroark	Male	Ryan	Cross	H15049826	14/07/2002	WOD, USA, California, Sacramento	Courier	Hetero	Sub	Top	170	75	41	Univers #760404	David Schaufele/Daisuke Namikawa	Often lost in thought	INTP	Vehicles, Music, Being Alone	Himself, Extroverts, Bullying		60	100	60	120	60	100	33	Dark	Normal	Hasty	Sona Powerplant: Immune to damage during Illusion. ~ Zoroarkium Z: Turns Night Daze into Cunning Devastation	Night Daze (90/SA/Dark) 50% chance -1 AC to foe ~ Shift (50/AT/Dark) Switches out foe ~ Pursuit (50/AT/Dark) 2x Damage if foe is switching ~ Payback (50/AT/Dark) 2x Damage if user took damage	None	Illusion: Disguises as weakest teammate	Recoil Boost: Moves that recoil do 2X damage.	Carbon Gene: 2X SA	If a weak Pokemon suddenly phases through your hit and becomes a Zoroark, you've done goofed.	Completely vulnerable after the first hit.	
Zorua Zoroark	Female			P20508247	06/03/2005		Vehicle and Transport Management																						Water	Lax	Sona Powerplant: Immune to damage during Illusion. ~ Zoroarkium Z: Turns Night Daze into Cunning Devastation	Night Daze			Shared Happiness: If a teammate's status condition is healed, it also heals the whole team's status conditions.	None	If a weak Pokemon suddenly phases through your hit and becomes a Zoroark, you've done goofed.	Completely vulnerable after the first hit.	
Zygarde	Unknown	Zephyr	Edda	P93030940	??/??/????	WOL, Mystery Continent	Unknown	Unknown	Unknown	Unknown	587	814	???	Zepplin #056b36	Marc Swint/Takashi Matsuyama	Likes to relax	ISFJ	Unknown	Unknown		???	100	121	91	95	95	96	Dragon Ground	Flying	Bold	Carbon Cells (6): Triggers 100% Form immediately, single use. ~ Zygarde Cube: Stores Moves and Cells	Land's Wrath (90/AT/Ground) ~ Thousand Arrows (90/AT/Ground) Removes Levitate ~ Thousand Waves (90/AT/Ground) Prevents Switching ~ Core Enforcer (100/SA/Dragon) Removes foe's ability	Cell Fusion (Dragon) Heals 100% HP and all status conditions	Aura Break: Disables all auras	Squad Up: The bigger the team, the easier it becomes to recruit Pokemon.	Power Construct: Form Change Enlightenment	Completely impenetrable in their 100% form. Seriously, don't even try to scratch it.	Can be caught by surprise?	Friends: Yggdrasil Edda, Xenocrates Edda, Jake Northstar
